2026-05-08 22:05:51,807 - apscheduler.scheduler - INFO - Adding job tentatively -- it will be properly scheduled when the scheduler starts
2026-05-08 22:05:51,807 - __main__ - INFO - Bot ishga tushdi! Ovozli xabar har kuni soat 09:00 da yuboriladi (Toshkent vaqti).
2026-05-08 22:05:56,207 - httpx - INFO - HTTP Request: POST https://api.telegram.org/bot8007572675:AAEpXtwxgLBvJp6jkjqAYrs2SvDiYpUwT5M/getMe "HTTP/1.1 200 OK"
2026-05-08 22:05:56,482 - httpx - INFO - HTTP Request: POST https://api.telegram.org/bot8007572675:AAEpXtwxgLBvJp6jkjqAYrs2SvDiYpUwT5M/deleteWebhook "HTTP/1.1 200 OK"
2026-05-08 22:05:56,486 - apscheduler.scheduler - INFO - Added job "daily_voice_message" to job store "default"
2026-05-08 22:05:56,487 - apscheduler.scheduler - INFO - Scheduler started
2026-05-08 22:05:56,489 - telegram.ext.Application - INFO - Application started
2026-05-08 22:06:08,646 - httpx - INFO - HTTP Request: POST https://api.telegram.org/bot8007572675:AAEpXtwxgLBvJp6jkjqAYrs2SvDiYpUwT5M/getUpdates "HTTP/1.1 200 OK"
2026-05-08 22:06:08,654 - __main__ - INFO - Yangi foydalanuvchi: Jahongir (ID: 6373916207)
2026-05-08 22:06:08,893 - httpx - INFO - HTTP Request: POST https://api.telegram.org/bot8007572675:AAEpXtwxgLBvJp6jkjqAYrs2SvDiYpUwT5M/getUpdates "HTTP/1.1 200 OK"
2026-05-08 22:06:13,753 - __main__ - INFO - Yangi foydalanuvchi: Jahongir (ID: 6373916207)
2026-05-08 22:06:15,135 - httpx - INFO - HTTP Request: POST https://api.telegram.org/bot8007572675:AAEpXtwxgLBvJp6jkjqAYrs2SvDiYpUwT5M/sendMessage "HTTP/1.1 200 OK"
2026-05-08 22:06:15,137 - telegram.ext.Application - ERROR - No error handlers are registered, logging exception.
Traceback (most recent call last):
  File "C:\Users\abbos\AppData\Local\Python\pythoncore-3.14-64\Lib\site-packages\telegram\ext\_application.py", line 1315, in process_update
    await coroutine
  File "C:\Users\abbos\AppData\Local\Python\pythoncore-3.14-64\Lib\site-packages\telegram\ext\_handlers\basehandler.py", line 159, in handle_update
    return await self.callback(update, context)
           ^^^^^^^^^^^^^^^^^^^^^^^^^^^^^^^^^^^^
  File "C:\Users\abbos\Desktop\tg bot\bot.py", line 63, in start
    with open(VIDEO_PATH, "rb") as video_file:
         ~~~~^^^^^^^^^^^^^^^^^^
OSError: [Errno 22] Invalid argument: 'https://youtu.be/C8fHOcCHnf8'
2026-05-08 22:06:15,139 - __main__ - INFO - Yangi foydalanuvchi: Jahongir (ID: 6373916207)
2026-05-08 22:06:16,229 - httpx - INFO - HTTP Request: POST https://api.telegram.org/bot8007572675:AAEpXtwxgLBvJp6jkjqAYrs2SvDiYpUwT5M/sendMessage "HTTP/1.1 200 OK"
2026-05-08 22:06:16,230 - telegram.ext.Application - ERROR - No error handlers are registered, logging exception.
Traceback (most recent call last):
  File "C:\Users\abbos\AppData\Local\Python\pythoncore-3.14-64\Lib\site-packages\telegram\ext\_application.py", line 1315, in process_update
    await coroutine
  File "C:\Users\abbos\AppData\Local\Python\pythoncore-3.14-64\Lib\site-packages\telegram\ext\_handlers\basehandler.py", line 159, in handle_update
    return await self.callback(update, context)
           ^^^^^^^^^^^^^^^^^^^^^^^^^^^^^^^^^^^^
  File "C:\Users\abbos\Desktop\tg bot\bot.py", line 63, in start
    with open(VIDEO_PATH, "rb") as video_file:
         ~~~~^^^^^^^^^^^^^^^^^^
OSError: [Errno 22] Invalid argument: 'https://youtu.be/C8fHOcCHnf8'
2026-05-08 22:06:16,233 - __main__ - INFO - Yangi foydalanuvchi: Jahongir (ID: 6373916207)
2026-05-08 22:06:16,512 - httpx - INFO - HTTP Request: POST https://api.telegram.org/bot8007572675:AAEpXtwxgLBvJp6jkjqAYrs2SvDiYpUwT5M/sendMessage "HTTP/1.1 200 OK"
2026-05-08 22:06:16,514 - telegram.ext.Application - ERROR - No error handlers are registered, logging exception.
Traceback (most recent call last):
  File "C:\Users\abbos\AppData\Local\Python\pythoncore-3.14-64\Lib\site-packages\telegram\ext\_application.py", line 1315, in process_update
    await coroutine
  File "C:\Users\abbos\AppData\Local\Python\pythoncore-3.14-64\Lib\site-packages\telegram\ext\_handlers\basehandler.py", line 159, in handle_update
    return await self.callback(update, context)
           ^^^^^^^^^^^^^^^^^^^^^^^^^^^^^^^^^^^^
  File "C:\Users\abbos\Desktop\tg bot\bot.py", line 63, in start
    with open(VIDEO_PATH, "rb") as video_file:
         ~~~~^^^^^^^^^^^^^^^^^^
OSError: [Errno 22] Invalid argument: 'https://youtu.be/C8fHOcCHnf8'
2026-05-08 22:06:16,516 - __main__ - INFO - Yangi foydalanuvchi: Jahongir (ID: 6373916207)
2026-05-08 22:06:17,525 - httpx - INFO - HTTP Request: POST https://api.telegram.org/bot8007572675:AAEpXtwxgLBvJp6jkjqAYrs2SvDiYpUwT5M/sendMessage "HTTP/1.1 200 OK"
2026-05-08 22:06:17,527 - telegram.ext.Application - ERROR - No error handlers are registered, logging exception.
Traceback (most recent call last):
  File "C:\Users\abbos\AppData\Local\Python\pythoncore-3.14-64\Lib\site-packages\telegram\ext\_application.py", line 1315, in process_update
    await coroutine
  File "C:\Users\abbos\AppData\Local\Python\pythoncore-3.14-64\Lib\site-packages\telegram\ext\_handlers\basehandler.py", line 159, in handle_update
    return await self.callback(update, context)
           ^^^^^^^^^^^^^^^^^^^^^^^^^^^^^^^^^^^^
  File "C:\Users\abbos\Desktop\tg bot\bot.py", line 63, in start
    with open(VIDEO_PATH, "rb") as video_file:
         ~~~~^^^^^^^^^^^^^^^^^^
OSError: [Errno 22] Invalid argument: 'https://youtu.be/C8fHOcCHnf8'
2026-05-08 22:06:17,530 - __main__ - INFO - Yangi foydalanuvchi: Jahongir (ID: 6373916207)
2026-05-08 22:06:17,799 - httpx - INFO - HTTP Request: POST https://api.telegram.org/bot8007572675:AAEpXtwxgLBvJp6jkjqAYrs2SvDiYpUwT5M/sendMessage "HTTP/1.1 200 OK"
2026-05-08 22:06:17,800 - telegram.ext.Application - ERROR - No error handlers are registered, logging exception.
Traceback (most recent call last):
  File "C:\Users\abbos\AppData\Local\Python\pythoncore-3.14-64\Lib\site-packages\telegram\ext\_application.py", line 1315, in process_update
    await coroutine
  File "C:\Users\abbos\AppData\Local\Python\pythoncore-3.14-64\Lib\site-packages\telegram\ext\_handlers\basehandler.py", line 159, in handle_update
    return await self.callback(update, context)
           ^^^^^^^^^^^^^^^^^^^^^^^^^^^^^^^^^^^^
  File "C:\Users\abbos\Desktop\tg bot\bot.py", line 63, in start
    with open(VIDEO_PATH, "rb") as video_file:
         ~~~~^^^^^^^^^^^^^^^^^^
OSError: [Errno 22] Invalid argument: 'https://youtu.be/C8fHOcCHnf8'
2026-05-08 22:06:19,252 - httpx - INFO - HTTP Request: POST https://api.telegram.org/bot8007572675:AAEpXtwxgLBvJp6jkjqAYrs2SvDiYpUwT5M/getUpdates "HTTP/1.1 200 OK"
2026-05-08 22:06:29,517 - httpx - INFO - HTTP Request: POST https://api.telegram.org/bot8007572675:AAEpXtwxgLBvJp6jkjqAYrs2SvDiYpUwT5M/getUpdates "HTTP/1.1 200 OK"
2026-05-08 22:06:39,835 - httpx - INFO - HTTP Request: POST https://api.telegram.org/bot8007572675:AAEpXtwxgLBvJp6jkjqAYrs2SvDiYpUwT5M/getUpdates "HTTP/1.1 200 OK"
2026-05-08 22:06:50,276 - httpx - INFO - HTTP Request: POST https://api.telegram.org/bot8007572675:AAEpXtwxgLBvJp6jkjqAYrs2SvDiYpUwT5M/getUpdates "HTTP/1.1 200 OK"
2026-05-08 22:07:00,728 - httpx - INFO - HTTP Request: POST https://api.telegram.org/bot8007572675:AAEpXtwxgLBvJp6jkjqAYrs2SvDiYpUwT5M/getUpdates "HTTP/1.1 200 OK"
2026-05-08 22:07:11,781 - httpx - INFO - HTTP Request: POST https://api.telegram.org/bot8007572675:AAEpXtwxgLBvJp6jkjqAYrs2SvDiYpUwT5M/getUpdates "HTTP/1.1 200 OK"
2026-05-08 22:07:22,121 - httpx - INFO - HTTP Request: POST https://api.telegram.org/bot8007572675:AAEpXtwxgLBvJp6jkjqAYrs2SvDiYpUwT5M/getUpdates "HTTP/1.1 200 OK"
2026-05-08 22:07:32,411 - httpx - INFO - HTTP Request: POST https://api.telegram.org/bot8007572675:AAEpXtwxgLBvJp6jkjqAYrs2SvDiYpUwT5M/getUpdates "HTTP/1.1 200 OK"
2026-05-08 22:07:42,706 - httpx - INFO - HTTP Request: POST https://api.telegram.org/bot8007572675:AAEpXtwxgLBvJp6jkjqAYrs2SvDiYpUwT5M/getUpdates "HTTP/1.1 200 OK"
2026-05-08 22:07:53,047 - httpx - INFO - HTTP Request: POST https://api.telegram.org/bot8007572675:AAEpXtwxgLBvJp6jkjqAYrs2SvDiYpUwT5M/getUpdates "HTTP/1.1 200 OK"
2026-05-08 22:08:03,309 - httpx - INFO - HTTP Request: POST https://api.telegram.org/bot8007572675:AAEpXtwxgLBvJp6jkjqAYrs2SvDiYpUwT5M/getUpdates "HTTP/1.1 200 OK"
2026-05-08 22:08:13,618 - httpx - INFO - HTTP Request: POST https://api.telegram.org/bot8007572675:AAEpXtwxgLBvJp6jkjqAYrs2SvDiYpUwT5M/getUpdates "HTTP/1.1 200 OK"
2026-05-08 22:08:23,968 - httpx - INFO - HTTP Request: POST https://api.telegram.org/bot8007572675:AAEpXtwxgLBvJp6jkjqAYrs2SvDiYpUwT5M/getUpdates "HTTP/1.1 200 OK"
2026-05-08 22:08:34,415 - httpx - INFO - HTTP Request: POST https://api.telegram.org/bot8007572675:AAEpXtwxgLBvJp6jkjqAYrs2SvDiYpUwT5M/getUpdates "HTTP/1.1 200 OK"
2026-05-08 22:08:45,268 - httpx - INFO - HTTP Request: POST https://api.telegram.org/bot8007572675:AAEpXtwxgLBvJp6jkjqAYrs2SvDiYpUwT5M/getUpdates "HTTP/1.1 200 OK"
2026-05-08 22:08:55,613 - httpx - INFO - HTTP Request: POST https://api.telegram.org/bot8007572675:AAEpXtwxgLBvJp6jkjqAYrs2SvDiYpUwT5M/getUpdates "HTTP/1.1 200 OK"
2026-05-08 22:09:05,959 - httpx - INFO - HTTP Request: POST https://api.telegram.org/bot8007572675:AAEpXtwxgLBvJp6jkjqAYrs2SvDiYpUwT5M/getUpdates "HTTP/1.1 200 OK"
2026-05-08 22:09:16,278 - httpx - INFO - HTTP Request: POST https://api.telegram.org/bot8007572675:AAEpXtwxgLBvJp6jkjqAYrs2SvDiYpUwT5M/getUpdates "HTTP/1.1 200 OK"
2026-05-08 22:09:26,635 - httpx - INFO - HTTP Request: POST https://api.telegram.org/bot8007572675:AAEpXtwxgLBvJp6jkjqAYrs2SvDiYpUwT5M/getUpdates "HTTP/1.1 200 OK"
2026-05-08 22:09:36,974 - httpx - INFO - HTTP Request: POST https://api.telegram.org/bot8007572675:AAEpXtwxgLBvJp6jkjqAYrs2SvDiYpUwT5M/getUpdates "HTTP/1.1 200 OK"
2026-05-08 22:09:47,164 - httpx - INFO - HTTP Request: POST https://api.telegram.org/bot8007572675:AAEpXtwxgLBvJp6jkjqAYrs2SvDiYpUwT5M/getUpdates "HTTP/1.1 200 OK"
2026-05-08 22:09:57,386 - httpx - INFO - HTTP Request: POST https://api.telegram.org/bot8007572675:AAEpXtwxgLBvJp6jkjqAYrs2SvDiYpUwT5M/getUpdates "HTTP/1.1 200 OK"
2026-05-08 22:10:07,653 - httpx - INFO - HTTP Request: POST https://api.telegram.org/bot8007572675:AAEpXtwxgLBvJp6jkjqAYrs2SvDiYpUwT5M/getUpdates "HTTP/1.1 200 OK"
2026-05-08 22:10:17,923 - httpx - INFO - HTTP Request: POST https://api.telegram.org/bot8007572675:AAEpXtwxgLBvJp6jkjqAYrs2SvDiYpUwT5M/getUpdates "HTTP/1.1 200 OK"
2026-05-08 22:10:28,210 - httpx - INFO - HTTP Request: POST https://api.telegram.org/bot8007572675:AAEpXtwxgLBvJp6jkjqAYrs2SvDiYpUwT5M/getUpdates "HTTP/1.1 200 OK"
2026-05-08 22:10:38,654 - httpx - INFO - HTTP Request: POST https://api.telegram.org/bot8007572675:AAEpXtwxgLBvJp6jkjqAYrs2SvDiYpUwT5M/getUpdates "HTTP/1.1 200 OK"
2026-05-08 22:10:48,909 - httpx - INFO - HTTP Request: POST https://api.telegram.org/bot8007572675:AAEpXtwxgLBvJp6jkjqAYrs2SvDiYpUwT5M/getUpdates "HTTP/1.1 200 OK"
2026-05-08 22:10:59,156 - httpx - INFO - HTTP Request: POST https://api.telegram.org/bot8007572675:AAEpXtwxgLBvJp6jkjqAYrs2SvDiYpUwT5M/getUpdates "HTTP/1.1 200 OK"
2026-05-08 22:11:09,451 - httpx - INFO - HTTP Request: POST https://api.telegram.org/bot8007572675:AAEpXtwxgLBvJp6jkjqAYrs2SvDiYpUwT5M/getUpdates "HTTP/1.1 200 OK"
2026-05-08 22:11:19,703 - httpx - INFO - HTTP Request: POST https://api.telegram.org/bot8007572675:AAEpXtwxgLBvJp6jkjqAYrs2SvDiYpUwT5M/getUpdates "HTTP/1.1 200 OK"
2026-05-08 22:11:30,011 - httpx - INFO - HTTP Request: POST https://api.telegram.org/bot8007572675:AAEpXtwxgLBvJp6jkjqAYrs2SvDiYpUwT5M/getUpdates "HTTP/1.1 200 OK"
2026-05-08 22:11:40,378 - httpx - INFO - HTTP Request: POST https://api.telegram.org/bot8007572675:AAEpXtwxgLBvJp6jkjqAYrs2SvDiYpUwT5M/getUpdates "HTTP/1.1 200 OK"
2026-05-08 22:11:50,818 - httpx - INFO - HTTP Request: POST https://api.telegram.org/bot8007572675:AAEpXtwxgLBvJp6jkjqAYrs2SvDiYpUwT5M/getUpdates "HTTP/1.1 200 OK"
2026-05-08 22:12:01,164 - httpx - INFO - HTTP Request: POST https://api.telegram.org/bot8007572675:AAEpXtwxgLBvJp6jkjqAYrs2SvDiYpUwT5M/getUpdates "HTTP/1.1 200 OK"
2026-05-08 22:12:11,506 - httpx - INFO - HTTP Request: POST https://api.telegram.org/bot8007572675:AAEpXtwxgLBvJp6jkjqAYrs2SvDiYpUwT5M/getUpdates "HTTP/1.1 200 OK"
2026-05-08 22:12:21,758 - httpx - INFO - HTTP Request: POST https://api.telegram.org/bot8007572675:AAEpXtwxgLBvJp6jkjqAYrs2SvDiYpUwT5M/getUpdates "HTTP/1.1 200 OK"
2026-05-08 22:12:32,073 - httpx - INFO - HTTP Request: POST https://api.telegram.org/bot8007572675:AAEpXtwxgLBvJp6jkjqAYrs2SvDiYpUwT5M/getUpdates "HTTP/1.1 200 OK"
2026-05-08 22:12:42,423 - httpx - INFO - HTTP Request: POST https://api.telegram.org/bot8007572675:AAEpXtwxgLBvJp6jkjqAYrs2SvDiYpUwT5M/getUpdates "HTTP/1.1 200 OK"
2026-05-08 22:12:52,767 - httpx - INFO - HTTP Request: POST https://api.telegram.org/bot8007572675:AAEpXtwxgLBvJp6jkjqAYrs2SvDiYpUwT5M/getUpdates "HTTP/1.1 200 OK"
2026-05-08 22:13:03,026 - httpx - INFO - HTTP Request: POST https://api.telegram.org/bot8007572675:AAEpXtwxgLBvJp6jkjqAYrs2SvDiYpUwT5M/getUpdates "HTTP/1.1 200 OK"
2026-05-08 22:13:36,649 - apscheduler.scheduler - INFO - Adding job tentatively -- it will be properly scheduled when the scheduler starts
2026-05-08 22:13:36,649 - __main__ - INFO - Bot ishga tushdi! Ovozli xabar har kuni soat 09:00 da yuboriladi (Toshkent vaqti).
2026-05-08 22:13:38,748 - httpx - INFO - HTTP Request: POST https://api.telegram.org/bot8007572675:AAEpXtwxgLBvJp6jkjqAYrs2SvDiYpUwT5M/getMe "HTTP/1.1 200 OK"
2026-05-08 22:13:39,023 - httpx - INFO - HTTP Request: POST https://api.telegram.org/bot8007572675:AAEpXtwxgLBvJp6jkjqAYrs2SvDiYpUwT5M/deleteWebhook "HTTP/1.1 200 OK"
2026-05-08 22:13:39,027 - apscheduler.scheduler - INFO - Added job "daily_voice_message" to job store "default"
2026-05-08 22:13:39,028 - apscheduler.scheduler - INFO - Scheduler started
2026-05-08 22:13:39,029 - telegram.ext.Application - INFO - Application started
2026-05-08 22:13:43,051 - httpx - INFO - HTTP Request: POST https://api.telegram.org/bot8007572675:AAEpXtwxgLBvJp6jkjqAYrs2SvDiYpUwT5M/getUpdates "HTTP/1.1 200 OK"
2026-05-08 22:13:43,055 - __main__ - INFO - Yangi foydalanuvchi: Jahongir (ID: 6373916207)
2026-05-08 22:13:43,352 - httpx - INFO - HTTP Request: POST https://api.telegram.org/bot8007572675:AAEpXtwxgLBvJp6jkjqAYrs2SvDiYpUwT5M/sendMessage "HTTP/1.1 200 OK"
2026-05-08 22:13:45,220 - httpx - INFO - HTTP Request: POST https://api.telegram.org/bot8007572675:AAEpXtwxgLBvJp6jkjqAYrs2SvDiYpUwT5M/sendVideo "HTTP/1.1 400 Bad Request"
2026-05-08 22:13:45,222 - __main__ - ERROR - Video yuborishda xato: Failed to get http url content
2026-05-08 22:13:45,488 - httpx - INFO - HTTP Request: POST https://api.telegram.org/bot8007572675:AAEpXtwxgLBvJp6jkjqAYrs2SvDiYpUwT5M/sendMessage "HTTP/1.1 200 OK"
2026-05-08 22:13:53,409 - httpx - INFO - HTTP Request: POST https://api.telegram.org/bot8007572675:AAEpXtwxgLBvJp6jkjqAYrs2SvDiYpUwT5M/getUpdates "HTTP/1.1 200 OK"
2026-05-08 22:14:03,672 - httpx - INFO - HTTP Request: POST https://api.telegram.org/bot8007572675:AAEpXtwxgLBvJp6jkjqAYrs2SvDiYpUwT5M/getUpdates "HTTP/1.1 200 OK"
2026-05-08 22:14:13,952 - httpx - INFO - HTTP Request: POST https://api.telegram.org/bot8007572675:AAEpXtwxgLBvJp6jkjqAYrs2SvDiYpUwT5M/getUpdates "HTTP/1.1 200 OK"
2026-05-08 22:14:24,215 - httpx - INFO - HTTP Request: POST https://api.telegram.org/bot8007572675:AAEpXtwxgLBvJp6jkjqAYrs2SvDiYpUwT5M/getUpdates "HTTP/1.1 200 OK"
2026-05-08 22:14:34,554 - httpx - INFO - HTTP Request: POST https://api.telegram.org/bot8007572675:AAEpXtwxgLBvJp6jkjqAYrs2SvDiYpUwT5M/getUpdates "HTTP/1.1 200 OK"
2026-05-08 22:14:44,827 - httpx - INFO - HTTP Request: POST https://api.telegram.org/bot8007572675:AAEpXtwxgLBvJp6jkjqAYrs2SvDiYpUwT5M/getUpdates "HTTP/1.1 200 OK"
2026-05-08 22:14:55,075 - httpx - INFO - HTTP Request: POST https://api.telegram.org/bot8007572675:AAEpXtwxgLBvJp6jkjqAYrs2SvDiYpUwT5M/getUpdates "HTTP/1.1 200 OK"
2026-05-08 22:15:05,303 - httpx - INFO - HTTP Request: POST https://api.telegram.org/bot8007572675:AAEpXtwxgLBvJp6jkjqAYrs2SvDiYpUwT5M/getUpdates "HTTP/1.1 200 OK"
2026-05-08 22:15:15,716 - httpx - INFO - HTTP Request: POST https://api.telegram.org/bot8007572675:AAEpXtwxgLBvJp6jkjqAYrs2SvDiYpUwT5M/getUpdates "HTTP/1.1 200 OK"
2026-05-08 22:15:26,059 - httpx - INFO - HTTP Request: POST https://api.telegram.org/bot8007572675:AAEpXtwxgLBvJp6jkjqAYrs2SvDiYpUwT5M/getUpdates "HTTP/1.1 200 OK"
2026-05-08 22:15:36,397 - httpx - INFO - HTTP Request: POST https://api.telegram.org/bot8007572675:AAEpXtwxgLBvJp6jkjqAYrs2SvDiYpUwT5M/getUpdates "HTTP/1.1 200 OK"
2026-05-08 22:15:46,738 - httpx - INFO - HTTP Request: POST https://api.telegram.org/bot8007572675:AAEpXtwxgLBvJp6jkjqAYrs2SvDiYpUwT5M/getUpdates "HTTP/1.1 200 OK"
2026-05-08 22:15:57,022 - httpx - INFO - HTTP Request: POST https://api.telegram.org/bot8007572675:AAEpXtwxgLBvJp6jkjqAYrs2SvDiYpUwT5M/getUpdates "HTTP/1.1 200 OK"
2026-05-08 22:16:07,320 - httpx - INFO - HTTP Request: POST https://api.telegram.org/bot8007572675:AAEpXtwxgLBvJp6jkjqAYrs2SvDiYpUwT5M/getUpdates "HTTP/1.1 200 OK"
2026-05-08 22:16:17,676 - httpx - INFO - HTTP Request: POST https://api.telegram.org/bot8007572675:AAEpXtwxgLBvJp6jkjqAYrs2SvDiYpUwT5M/getUpdates "HTTP/1.1 200 OK"
2026-05-08 22:16:27,979 - httpx - INFO - HTTP Request: POST https://api.telegram.org/bot8007572675:AAEpXtwxgLBvJp6jkjqAYrs2SvDiYpUwT5M/getUpdates "HTTP/1.1 200 OK"
2026-05-08 22:16:38,346 - httpx - INFO - HTTP Request: POST https://api.telegram.org/bot8007572675:AAEpXtwxgLBvJp6jkjqAYrs2SvDiYpUwT5M/getUpdates "HTTP/1.1 200 OK"
2026-05-08 22:16:48,700 - httpx - INFO - HTTP Request: POST https://api.telegram.org/bot8007572675:AAEpXtwxgLBvJp6jkjqAYrs2SvDiYpUwT5M/getUpdates "HTTP/1.1 200 OK"
2026-05-08 22:16:50,633 - httpx - INFO - HTTP Request: POST https://api.telegram.org/bot8007572675:AAEpXtwxgLBvJp6jkjqAYrs2SvDiYpUwT5M/getUpdates "HTTP/1.1 200 OK"
2026-05-08 22:16:50,636 - __main__ - INFO - Yangi foydalanuvchi: Jahongir (ID: 6373916207)
2026-05-08 22:17:00,860 - httpx - INFO - HTTP Request: POST https://api.telegram.org/bot8007572675:AAEpXtwxgLBvJp6jkjqAYrs2SvDiYpUwT5M/getUpdates "HTTP/1.1 200 OK"
2026-05-08 22:17:11,118 - httpx - INFO - HTTP Request: POST https://api.telegram.org/bot8007572675:AAEpXtwxgLBvJp6jkjqAYrs2SvDiYpUwT5M/getUpdates "HTTP/1.1 200 OK"
2026-05-08 22:17:21,389 - httpx - INFO - HTTP Request: POST https://api.telegram.org/bot8007572675:AAEpXtwxgLBvJp6jkjqAYrs2SvDiYpUwT5M/getUpdates "HTTP/1.1 200 OK"
2026-05-08 22:17:25,935 - apscheduler.scheduler - INFO - Adding job tentatively -- it will be properly scheduled when the scheduler starts
2026-05-08 22:17:25,935 - __main__ - INFO - Bot ishga tushdi! Ovozli xabar har kuni soat 09:00 da yuboriladi (Toshkent vaqti).
2026-05-08 22:17:27,210 - httpx - INFO - HTTP Request: POST https://api.telegram.org/bot8007572675:AAEpXtwxgLBvJp6jkjqAYrs2SvDiYpUwT5M/getMe "HTTP/1.1 200 OK"
2026-05-08 22:17:27,476 - httpx - INFO - HTTP Request: POST https://api.telegram.org/bot8007572675:AAEpXtwxgLBvJp6jkjqAYrs2SvDiYpUwT5M/deleteWebhook "HTTP/1.1 200 OK"
2026-05-08 22:17:27,479 - apscheduler.scheduler - INFO - Added job "daily_voice_message" to job store "default"
2026-05-08 22:17:27,480 - apscheduler.scheduler - INFO - Scheduler started
2026-05-08 22:17:27,480 - telegram.ext.Application - INFO - Application started
2026-05-08 22:17:31,495 - httpx - INFO - HTTP Request: POST https://api.telegram.org/bot8007572675:AAEpXtwxgLBvJp6jkjqAYrs2SvDiYpUwT5M/getUpdates "HTTP/1.1 200 OK"
2026-05-08 22:17:31,498 - __main__ - INFO - Yangi foydalanuvchi: Jahongir (ID: 6373916207)
2026-05-08 22:17:32,891 - httpx - INFO - HTTP Request: POST https://api.telegram.org/bot8007572675:AAEpXtwxgLBvJp6jkjqAYrs2SvDiYpUwT5M/sendMessage "HTTP/1.1 200 OK"
2026-05-08 22:17:32,986 - httpx - INFO - HTTP Request: POST https://api.telegram.org/bot8007572675:AAEpXtwxgLBvJp6jkjqAYrs2SvDiYpUwT5M/getUpdates "HTTP/1.1 409 Conflict"
2026-05-08 22:17:32,989 - telegram.ext.Application - ERROR - No error handlers are registered, logging exception.
Traceback (most recent call last):
  File "C:\Users\abbos\AppData\Local\Python\pythoncore-3.14-64\Lib\site-packages\telegram\ext\_utils\networkloop.py", line 161, in network_retry_loop
    await do_action()
  File "C:\Users\abbos\AppData\Local\Python\pythoncore-3.14-64\Lib\site-packages\telegram\ext\_utils\networkloop.py", line 154, in do_action
    action_cb_task.result()
    ~~~~~~~~~~~~~~~~~~~~~^^
  File "C:\Users\abbos\AppData\Local\Python\pythoncore-3.14-64\Lib\site-packages\telegram\ext\_updater.py", line 340, in polling_action_cb
    updates = await self.bot.get_updates(
              ^^^^^^^^^^^^^^^^^^^^^^^^^^^
    ...<3 lines>...
    )
    ^
  File "C:\Users\abbos\AppData\Local\Python\pythoncore-3.14-64\Lib\site-packages\telegram\ext\_extbot.py", line 672, in get_updates
    updates = await super().get_updates(
              ^^^^^^^^^^^^^^^^^^^^^^^^^^
    ...<9 lines>...
    )
    ^
  File "C:\Users\abbos\AppData\Local\Python\pythoncore-3.14-64\Lib\site-packages\telegram\_bot.py", line 4865, in get_updates
    await self._post(
    ^^^^^^^^^^^^^^^^^
    ...<7 lines>...
    ),
    ^
  File "C:\Users\abbos\AppData\Local\Python\pythoncore-3.14-64\Lib\site-packages\telegram\_bot.py", line 704, in _post
    return await self._do_post(
           ^^^^^^^^^^^^^^^^^^^^
    ...<6 lines>...
    )
    ^
  File "C:\Users\abbos\AppData\Local\Python\pythoncore-3.14-64\Lib\site-packages\telegram\ext\_extbot.py", line 370, in _do_post
    return await super()._do_post(
           ^^^^^^^^^^^^^^^^^^^^^^^
    ...<6 lines>...
    )
    ^
  File "C:\Users\abbos\AppData\Local\Python\pythoncore-3.14-64\Lib\site-packages\telegram\_bot.py", line 733, in _do_post
    result = await request.post(
             ^^^^^^^^^^^^^^^^^^^
    ...<6 lines>...
    )
    ^
  File "C:\Users\abbos\AppData\Local\Python\pythoncore-3.14-64\Lib\site-packages\telegram\request\_baserequest.py", line 198, in post
    result = await self._request_wrapper(
             ^^^^^^^^^^^^^^^^^^^^^^^^^^^^
    ...<7 lines>...
    )
    ^
  File "C:\Users\abbos\AppData\Local\Python\pythoncore-3.14-64\Lib\site-packages\telegram\request\_baserequest.py", line 375, in _request_wrapper
    raise exception
telegram.error.Conflict: Conflict: terminated by other getUpdates request; make sure that only one bot instance is running
2026-05-08 22:17:33,175 - httpx - INFO - HTTP Request: POST https://api.telegram.org/bot8007572675:AAEpXtwxgLBvJp6jkjqAYrs2SvDiYpUwT5M/sendVideo "HTTP/1.1 400 Bad Request"
2026-05-08 22:17:33,177 - __main__ - ERROR - Video yuborishda xato: Wrong type of the web page content
2026-05-08 22:17:33,486 - httpx - INFO - HTTP Request: POST https://api.telegram.org/bot8007572675:AAEpXtwxgLBvJp6jkjqAYrs2SvDiYpUwT5M/sendMessage "HTTP/1.1 200 OK"
2026-05-08 22:17:37,337 - httpx - INFO - HTTP Request: POST https://api.telegram.org/bot8007572675:AAEpXtwxgLBvJp6jkjqAYrs2SvDiYpUwT5M/getUpdates "HTTP/1.1 409 Conflict"
2026-05-08 22:17:37,340 - telegram.ext.Application - ERROR - No error handlers are registered, logging exception.
Traceback (most recent call last):
  File "C:\Users\abbos\AppData\Local\Python\pythoncore-3.14-64\Lib\site-packages\telegram\ext\_utils\networkloop.py", line 161, in network_retry_loop
    await do_action()
  File "C:\Users\abbos\AppData\Local\Python\pythoncore-3.14-64\Lib\site-packages\telegram\ext\_utils\networkloop.py", line 154, in do_action
    action_cb_task.result()
    ~~~~~~~~~~~~~~~~~~~~~^^
  File "C:\Users\abbos\AppData\Local\Python\pythoncore-3.14-64\Lib\site-packages\telegram\ext\_updater.py", line 340, in polling_action_cb
    updates = await self.bot.get_updates(
              ^^^^^^^^^^^^^^^^^^^^^^^^^^^
    ...<3 lines>...
    )
    ^
  File "C:\Users\abbos\AppData\Local\Python\pythoncore-3.14-64\Lib\site-packages\telegram\ext\_extbot.py", line 672, in get_updates
    updates = await super().get_updates(
              ^^^^^^^^^^^^^^^^^^^^^^^^^^
    ...<9 lines>...
    )
    ^
  File "C:\Users\abbos\AppData\Local\Python\pythoncore-3.14-64\Lib\site-packages\telegram\_bot.py", line 4865, in get_updates
    await self._post(
    ^^^^^^^^^^^^^^^^^
    ...<7 lines>...
    ),
    ^
  File "C:\Users\abbos\AppData\Local\Python\pythoncore-3.14-64\Lib\site-packages\telegram\_bot.py", line 704, in _post
    return await self._do_post(
           ^^^^^^^^^^^^^^^^^^^^
    ...<6 lines>...
    )
    ^
  File "C:\Users\abbos\AppData\Local\Python\pythoncore-3.14-64\Lib\site-packages\telegram\ext\_extbot.py", line 370, in _do_post
    return await super()._do_post(
           ^^^^^^^^^^^^^^^^^^^^^^^
    ...<6 lines>...
    )
    ^
  File "C:\Users\abbos\AppData\Local\Python\pythoncore-3.14-64\Lib\site-packages\telegram\_bot.py", line 733, in _do_post
    result = await request.post(
             ^^^^^^^^^^^^^^^^^^^
    ...<6 lines>...
    )
    ^
  File "C:\Users\abbos\AppData\Local\Python\pythoncore-3.14-64\Lib\site-packages\telegram\request\_baserequest.py", line 198, in post
    result = await self._request_wrapper(
             ^^^^^^^^^^^^^^^^^^^^^^^^^^^^
    ...<7 lines>...
    )
    ^
  File "C:\Users\abbos\AppData\Local\Python\pythoncore-3.14-64\Lib\site-packages\telegram\request\_baserequest.py", line 375, in _request_wrapper
    raise exception
telegram.error.Conflict: Conflict: terminated by other getUpdates request; make sure that only one bot instance is running
2026-05-08 22:17:38,581 - httpx - INFO - HTTP Request: POST https://api.telegram.org/bot8007572675:AAEpXtwxgLBvJp6jkjqAYrs2SvDiYpUwT5M/getUpdates "HTTP/1.1 409 Conflict"
2026-05-08 22:17:38,583 - telegram.ext.Application - ERROR - No error handlers are registered, logging exception.
Traceback (most recent call last):
  File "C:\Users\abbos\AppData\Local\Python\pythoncore-3.14-64\Lib\site-packages\telegram\ext\_utils\networkloop.py", line 161, in network_retry_loop
    await do_action()
  File "C:\Users\abbos\AppData\Local\Python\pythoncore-3.14-64\Lib\site-packages\telegram\ext\_utils\networkloop.py", line 154, in do_action
    action_cb_task.result()
    ~~~~~~~~~~~~~~~~~~~~~^^
  File "C:\Users\abbos\AppData\Local\Python\pythoncore-3.14-64\Lib\site-packages\telegram\ext\_updater.py", line 340, in polling_action_cb
    updates = await self.bot.get_updates(
              ^^^^^^^^^^^^^^^^^^^^^^^^^^^
    ...<3 lines>...
    )
    ^
  File "C:\Users\abbos\AppData\Local\Python\pythoncore-3.14-64\Lib\site-packages\telegram\ext\_extbot.py", line 672, in get_updates
    updates = await super().get_updates(
              ^^^^^^^^^^^^^^^^^^^^^^^^^^
    ...<9 lines>...
    )
    ^
  File "C:\Users\abbos\AppData\Local\Python\pythoncore-3.14-64\Lib\site-packages\telegram\_bot.py", line 4865, in get_updates
    await self._post(
    ^^^^^^^^^^^^^^^^^
    ...<7 lines>...
    ),
    ^
  File "C:\Users\abbos\AppData\Local\Python\pythoncore-3.14-64\Lib\site-packages\telegram\_bot.py", line 704, in _post
    return await self._do_post(
           ^^^^^^^^^^^^^^^^^^^^
    ...<6 lines>...
    )
    ^
  File "C:\Users\abbos\AppData\Local\Python\pythoncore-3.14-64\Lib\site-packages\telegram\ext\_extbot.py", line 370, in _do_post
    return await super()._do_post(
           ^^^^^^^^^^^^^^^^^^^^^^^
    ...<6 lines>...
    )
    ^
  File "C:\Users\abbos\AppData\Local\Python\pythoncore-3.14-64\Lib\site-packages\telegram\_bot.py", line 733, in _do_post
    result = await request.post(
             ^^^^^^^^^^^^^^^^^^^
    ...<6 lines>...
    )
    ^
  File "C:\Users\abbos\AppData\Local\Python\pythoncore-3.14-64\Lib\site-packages\telegram\request\_baserequest.py", line 198, in post
    result = await self._request_wrapper(
             ^^^^^^^^^^^^^^^^^^^^^^^^^^^^
    ...<7 lines>...
    )
    ^
  File "C:\Users\abbos\AppData\Local\Python\pythoncore-3.14-64\Lib\site-packages\telegram\request\_baserequest.py", line 375, in _request_wrapper
    raise exception
telegram.error.Conflict: Conflict: terminated by other getUpdates request; make sure that only one bot instance is running
2026-05-08 22:17:43,292 - httpx - INFO - HTTP Request: POST https://api.telegram.org/bot8007572675:AAEpXtwxgLBvJp6jkjqAYrs2SvDiYpUwT5M/getUpdates "HTTP/1.1 409 Conflict"
2026-05-08 22:17:43,294 - telegram.ext.Application - ERROR - No error handlers are registered, logging exception.
Traceback (most recent call last):
  File "C:\Users\abbos\AppData\Local\Python\pythoncore-3.14-64\Lib\site-packages\telegram\ext\_utils\networkloop.py", line 161, in network_retry_loop
    await do_action()
  File "C:\Users\abbos\AppData\Local\Python\pythoncore-3.14-64\Lib\site-packages\telegram\ext\_utils\networkloop.py", line 154, in do_action
    action_cb_task.result()
    ~~~~~~~~~~~~~~~~~~~~~^^
  File "C:\Users\abbos\AppData\Local\Python\pythoncore-3.14-64\Lib\site-packages\telegram\ext\_updater.py", line 340, in polling_action_cb
    updates = await self.bot.get_updates(
              ^^^^^^^^^^^^^^^^^^^^^^^^^^^
    ...<3 lines>...
    )
    ^
  File "C:\Users\abbos\AppData\Local\Python\pythoncore-3.14-64\Lib\site-packages\telegram\ext\_extbot.py", line 672, in get_updates
    updates = await super().get_updates(
              ^^^^^^^^^^^^^^^^^^^^^^^^^^
    ...<9 lines>...
    )
    ^
  File "C:\Users\abbos\AppData\Local\Python\pythoncore-3.14-64\Lib\site-packages\telegram\_bot.py", line 4865, in get_updates
    await self._post(
    ^^^^^^^^^^^^^^^^^
    ...<7 lines>...
    ),
    ^
  File "C:\Users\abbos\AppData\Local\Python\pythoncore-3.14-64\Lib\site-packages\telegram\_bot.py", line 704, in _post
    return await self._do_post(
           ^^^^^^^^^^^^^^^^^^^^
    ...<6 lines>...
    )
    ^
  File "C:\Users\abbos\AppData\Local\Python\pythoncore-3.14-64\Lib\site-packages\telegram\ext\_extbot.py", line 370, in _do_post
    return await super()._do_post(
           ^^^^^^^^^^^^^^^^^^^^^^^
    ...<6 lines>...
    )
    ^
  File "C:\Users\abbos\AppData\Local\Python\pythoncore-3.14-64\Lib\site-packages\telegram\_bot.py", line 733, in _do_post
    result = await request.post(
             ^^^^^^^^^^^^^^^^^^^
    ...<6 lines>...
    )
    ^
  File "C:\Users\abbos\AppData\Local\Python\pythoncore-3.14-64\Lib\site-packages\telegram\request\_baserequest.py", line 198, in post
    result = await self._request_wrapper(
             ^^^^^^^^^^^^^^^^^^^^^^^^^^^^
    ...<7 lines>...
    )
    ^
  File "C:\Users\abbos\AppData\Local\Python\pythoncore-3.14-64\Lib\site-packages\telegram\request\_baserequest.py", line 375, in _request_wrapper
    raise exception
telegram.error.Conflict: Conflict: terminated by other getUpdates request; make sure that only one bot instance is running
2026-05-08 22:17:45,117 - httpx - INFO - HTTP Request: POST https://api.telegram.org/bot8007572675:AAEpXtwxgLBvJp6jkjqAYrs2SvDiYpUwT5M/getUpdates "HTTP/1.1 409 Conflict"
2026-05-08 22:17:45,119 - telegram.ext.Application - ERROR - No error handlers are registered, logging exception.
Traceback (most recent call last):
  File "C:\Users\abbos\AppData\Local\Python\pythoncore-3.14-64\Lib\site-packages\telegram\ext\_utils\networkloop.py", line 161, in network_retry_loop
    await do_action()
  File "C:\Users\abbos\AppData\Local\Python\pythoncore-3.14-64\Lib\site-packages\telegram\ext\_utils\networkloop.py", line 154, in do_action
    action_cb_task.result()
    ~~~~~~~~~~~~~~~~~~~~~^^
  File "C:\Users\abbos\AppData\Local\Python\pythoncore-3.14-64\Lib\site-packages\telegram\ext\_updater.py", line 340, in polling_action_cb
    updates = await self.bot.get_updates(
              ^^^^^^^^^^^^^^^^^^^^^^^^^^^
    ...<3 lines>...
    )
    ^
  File "C:\Users\abbos\AppData\Local\Python\pythoncore-3.14-64\Lib\site-packages\telegram\ext\_extbot.py", line 672, in get_updates
    updates = await super().get_updates(
              ^^^^^^^^^^^^^^^^^^^^^^^^^^
    ...<9 lines>...
    )
    ^
  File "C:\Users\abbos\AppData\Local\Python\pythoncore-3.14-64\Lib\site-packages\telegram\_bot.py", line 4865, in get_updates
    await self._post(
    ^^^^^^^^^^^^^^^^^
    ...<7 lines>...
    ),
    ^
  File "C:\Users\abbos\AppData\Local\Python\pythoncore-3.14-64\Lib\site-packages\telegram\_bot.py", line 704, in _post
    return await self._do_post(
           ^^^^^^^^^^^^^^^^^^^^
    ...<6 lines>...
    )
    ^
  File "C:\Users\abbos\AppData\Local\Python\pythoncore-3.14-64\Lib\site-packages\telegram\ext\_extbot.py", line 370, in _do_post
    return await super()._do_post(
           ^^^^^^^^^^^^^^^^^^^^^^^
    ...<6 lines>...
    )
    ^
  File "C:\Users\abbos\AppData\Local\Python\pythoncore-3.14-64\Lib\site-packages\telegram\_bot.py", line 733, in _do_post
    result = await request.post(
             ^^^^^^^^^^^^^^^^^^^
    ...<6 lines>...
    )
    ^
  File "C:\Users\abbos\AppData\Local\Python\pythoncore-3.14-64\Lib\site-packages\telegram\request\_baserequest.py", line 198, in post
    result = await self._request_wrapper(
             ^^^^^^^^^^^^^^^^^^^^^^^^^^^^
    ...<7 lines>...
    )
    ^
  File "C:\Users\abbos\AppData\Local\Python\pythoncore-3.14-64\Lib\site-packages\telegram\request\_baserequest.py", line 375, in _request_wrapper
    raise exception
telegram.error.Conflict: Conflict: terminated by other getUpdates request; make sure that only one bot instance is running
2026-05-08 22:17:50,640 - httpx - INFO - HTTP Request: POST https://api.telegram.org/bot8007572675:AAEpXtwxgLBvJp6jkjqAYrs2SvDiYpUwT5M/getUpdates "HTTP/1.1 409 Conflict"
2026-05-08 22:17:50,642 - telegram.ext.Application - ERROR - No error handlers are registered, logging exception.
Traceback (most recent call last):
  File "C:\Users\abbos\AppData\Local\Python\pythoncore-3.14-64\Lib\site-packages\telegram\ext\_utils\networkloop.py", line 161, in network_retry_loop
    await do_action()
  File "C:\Users\abbos\AppData\Local\Python\pythoncore-3.14-64\Lib\site-packages\telegram\ext\_utils\networkloop.py", line 154, in do_action
    action_cb_task.result()
    ~~~~~~~~~~~~~~~~~~~~~^^
  File "C:\Users\abbos\AppData\Local\Python\pythoncore-3.14-64\Lib\site-packages\telegram\ext\_updater.py", line 340, in polling_action_cb
    updates = await self.bot.get_updates(
              ^^^^^^^^^^^^^^^^^^^^^^^^^^^
    ...<3 lines>...
    )
    ^
  File "C:\Users\abbos\AppData\Local\Python\pythoncore-3.14-64\Lib\site-packages\telegram\ext\_extbot.py", line 672, in get_updates
    updates = await super().get_updates(
              ^^^^^^^^^^^^^^^^^^^^^^^^^^
    ...<9 lines>...
    )
    ^
  File "C:\Users\abbos\AppData\Local\Python\pythoncore-3.14-64\Lib\site-packages\telegram\_bot.py", line 4865, in get_updates
    await self._post(
    ^^^^^^^^^^^^^^^^^
    ...<7 lines>...
    ),
    ^
  File "C:\Users\abbos\AppData\Local\Python\pythoncore-3.14-64\Lib\site-packages\telegram\_bot.py", line 704, in _post
    return await self._do_post(
           ^^^^^^^^^^^^^^^^^^^^
    ...<6 lines>...
    )
    ^
  File "C:\Users\abbos\AppData\Local\Python\pythoncore-3.14-64\Lib\site-packages\telegram\ext\_extbot.py", line 370, in _do_post
    return await super()._do_post(
           ^^^^^^^^^^^^^^^^^^^^^^^
    ...<6 lines>...
    )
    ^
  File "C:\Users\abbos\AppData\Local\Python\pythoncore-3.14-64\Lib\site-packages\telegram\_bot.py", line 733, in _do_post
    result = await request.post(
             ^^^^^^^^^^^^^^^^^^^
    ...<6 lines>...
    )
    ^
  File "C:\Users\abbos\AppData\Local\Python\pythoncore-3.14-64\Lib\site-packages\telegram\request\_baserequest.py", line 198, in post
    result = await self._request_wrapper(
             ^^^^^^^^^^^^^^^^^^^^^^^^^^^^
    ...<7 lines>...
    )
    ^
  File "C:\Users\abbos\AppData\Local\Python\pythoncore-3.14-64\Lib\site-packages\telegram\request\_baserequest.py", line 375, in _request_wrapper
    raise exception
telegram.error.Conflict: Conflict: terminated by other getUpdates request; make sure that only one bot instance is running
2026-05-08 22:17:53,167 - httpx - INFO - HTTP Request: POST https://api.telegram.org/bot8007572675:AAEpXtwxgLBvJp6jkjqAYrs2SvDiYpUwT5M/getUpdates "HTTP/1.1 409 Conflict"
2026-05-08 22:17:53,169 - telegram.ext.Application - ERROR - No error handlers are registered, logging exception.
Traceback (most recent call last):
  File "C:\Users\abbos\AppData\Local\Python\pythoncore-3.14-64\Lib\site-packages\telegram\ext\_utils\networkloop.py", line 161, in network_retry_loop
    await do_action()
  File "C:\Users\abbos\AppData\Local\Python\pythoncore-3.14-64\Lib\site-packages\telegram\ext\_utils\networkloop.py", line 154, in do_action
    action_cb_task.result()
    ~~~~~~~~~~~~~~~~~~~~~^^
  File "C:\Users\abbos\AppData\Local\Python\pythoncore-3.14-64\Lib\site-packages\telegram\ext\_updater.py", line 340, in polling_action_cb
    updates = await self.bot.get_updates(
              ^^^^^^^^^^^^^^^^^^^^^^^^^^^
    ...<3 lines>...
    )
    ^
  File "C:\Users\abbos\AppData\Local\Python\pythoncore-3.14-64\Lib\site-packages\telegram\ext\_extbot.py", line 672, in get_updates
    updates = await super().get_updates(
              ^^^^^^^^^^^^^^^^^^^^^^^^^^
    ...<9 lines>...
    )
    ^
  File "C:\Users\abbos\AppData\Local\Python\pythoncore-3.14-64\Lib\site-packages\telegram\_bot.py", line 4865, in get_updates
    await self._post(
    ^^^^^^^^^^^^^^^^^
    ...<7 lines>...
    ),
    ^
  File "C:\Users\abbos\AppData\Local\Python\pythoncore-3.14-64\Lib\site-packages\telegram\_bot.py", line 704, in _post
    return await self._do_post(
           ^^^^^^^^^^^^^^^^^^^^
    ...<6 lines>...
    )
    ^
  File "C:\Users\abbos\AppData\Local\Python\pythoncore-3.14-64\Lib\site-packages\telegram\ext\_extbot.py", line 370, in _do_post
    return await super()._do_post(
           ^^^^^^^^^^^^^^^^^^^^^^^
    ...<6 lines>...
    )
    ^
  File "C:\Users\abbos\AppData\Local\Python\pythoncore-3.14-64\Lib\site-packages\telegram\_bot.py", line 733, in _do_post
    result = await request.post(
             ^^^^^^^^^^^^^^^^^^^
    ...<6 lines>...
    )
    ^
  File "C:\Users\abbos\AppData\Local\Python\pythoncore-3.14-64\Lib\site-packages\telegram\request\_baserequest.py", line 198, in post
    result = await self._request_wrapper(
             ^^^^^^^^^^^^^^^^^^^^^^^^^^^^
    ...<7 lines>...
    )
    ^
  File "C:\Users\abbos\AppData\Local\Python\pythoncore-3.14-64\Lib\site-packages\telegram\request\_baserequest.py", line 375, in _request_wrapper
    raise exception
telegram.error.Conflict: Conflict: terminated by other getUpdates request; make sure that only one bot instance is running
2026-05-08 22:17:56,982 - httpx - INFO - HTTP Request: POST https://api.telegram.org/bot8007572675:AAEpXtwxgLBvJp6jkjqAYrs2SvDiYpUwT5M/getUpdates "HTTP/1.1 409 Conflict"
2026-05-08 22:17:56,984 - telegram.ext.Application - ERROR - No error handlers are registered, logging exception.
Traceback (most recent call last):
  File "C:\Users\abbos\AppData\Local\Python\pythoncore-3.14-64\Lib\site-packages\telegram\ext\_utils\networkloop.py", line 161, in network_retry_loop
    await do_action()
  File "C:\Users\abbos\AppData\Local\Python\pythoncore-3.14-64\Lib\site-packages\telegram\ext\_utils\networkloop.py", line 154, in do_action
    action_cb_task.result()
    ~~~~~~~~~~~~~~~~~~~~~^^
  File "C:\Users\abbos\AppData\Local\Python\pythoncore-3.14-64\Lib\site-packages\telegram\ext\_updater.py", line 340, in polling_action_cb
    updates = await self.bot.get_updates(
              ^^^^^^^^^^^^^^^^^^^^^^^^^^^
    ...<3 lines>...
    )
    ^
  File "C:\Users\abbos\AppData\Local\Python\pythoncore-3.14-64\Lib\site-packages\telegram\ext\_extbot.py", line 672, in get_updates
    updates = await super().get_updates(
              ^^^^^^^^^^^^^^^^^^^^^^^^^^
    ...<9 lines>...
    )
    ^
  File "C:\Users\abbos\AppData\Local\Python\pythoncore-3.14-64\Lib\site-packages\telegram\_bot.py", line 4865, in get_updates
    await self._post(
    ^^^^^^^^^^^^^^^^^
    ...<7 lines>...
    ),
    ^
  File "C:\Users\abbos\AppData\Local\Python\pythoncore-3.14-64\Lib\site-packages\telegram\_bot.py", line 704, in _post
    return await self._do_post(
           ^^^^^^^^^^^^^^^^^^^^
    ...<6 lines>...
    )
    ^
  File "C:\Users\abbos\AppData\Local\Python\pythoncore-3.14-64\Lib\site-packages\telegram\ext\_extbot.py", line 370, in _do_post
    return await super()._do_post(
           ^^^^^^^^^^^^^^^^^^^^^^^
    ...<6 lines>...
    )
    ^
  File "C:\Users\abbos\AppData\Local\Python\pythoncore-3.14-64\Lib\site-packages\telegram\_bot.py", line 733, in _do_post
    result = await request.post(
             ^^^^^^^^^^^^^^^^^^^
    ...<6 lines>...
    )
    ^
  File "C:\Users\abbos\AppData\Local\Python\pythoncore-3.14-64\Lib\site-packages\telegram\request\_baserequest.py", line 198, in post
    result = await self._request_wrapper(
             ^^^^^^^^^^^^^^^^^^^^^^^^^^^^
    ...<7 lines>...
    )
    ^
  File "C:\Users\abbos\AppData\Local\Python\pythoncore-3.14-64\Lib\site-packages\telegram\request\_baserequest.py", line 375, in _request_wrapper
    raise exception
telegram.error.Conflict: Conflict: terminated by other getUpdates request; make sure that only one bot instance is running
2026-05-08 22:18:00,639 - httpx - INFO - HTTP Request: POST https://api.telegram.org/bot8007572675:AAEpXtwxgLBvJp6jkjqAYrs2SvDiYpUwT5M/getUpdates "HTTP/1.1 409 Conflict"
2026-05-08 22:18:00,640 - telegram.ext.Application - ERROR - No error handlers are registered, logging exception.
Traceback (most recent call last):
  File "C:\Users\abbos\AppData\Local\Python\pythoncore-3.14-64\Lib\site-packages\telegram\ext\_utils\networkloop.py", line 161, in network_retry_loop
    await do_action()
  File "C:\Users\abbos\AppData\Local\Python\pythoncore-3.14-64\Lib\site-packages\telegram\ext\_utils\networkloop.py", line 154, in do_action
    action_cb_task.result()
    ~~~~~~~~~~~~~~~~~~~~~^^
  File "C:\Users\abbos\AppData\Local\Python\pythoncore-3.14-64\Lib\site-packages\telegram\ext\_updater.py", line 340, in polling_action_cb
    updates = await self.bot.get_updates(
              ^^^^^^^^^^^^^^^^^^^^^^^^^^^
    ...<3 lines>...
    )
    ^
  File "C:\Users\abbos\AppData\Local\Python\pythoncore-3.14-64\Lib\site-packages\telegram\ext\_extbot.py", line 672, in get_updates
    updates = await super().get_updates(
              ^^^^^^^^^^^^^^^^^^^^^^^^^^
    ...<9 lines>...
    )
    ^
  File "C:\Users\abbos\AppData\Local\Python\pythoncore-3.14-64\Lib\site-packages\telegram\_bot.py", line 4865, in get_updates
    await self._post(
    ^^^^^^^^^^^^^^^^^
    ...<7 lines>...
    ),
    ^
  File "C:\Users\abbos\AppData\Local\Python\pythoncore-3.14-64\Lib\site-packages\telegram\_bot.py", line 704, in _post
    return await self._do_post(
           ^^^^^^^^^^^^^^^^^^^^
    ...<6 lines>...
    )
    ^
  File "C:\Users\abbos\AppData\Local\Python\pythoncore-3.14-64\Lib\site-packages\telegram\ext\_extbot.py", line 370, in _do_post
    return await super()._do_post(
           ^^^^^^^^^^^^^^^^^^^^^^^
    ...<6 lines>...
    )
    ^
  File "C:\Users\abbos\AppData\Local\Python\pythoncore-3.14-64\Lib\site-packages\telegram\_bot.py", line 733, in _do_post
    result = await request.post(
             ^^^^^^^^^^^^^^^^^^^
    ...<6 lines>...
    )
    ^
  File "C:\Users\abbos\AppData\Local\Python\pythoncore-3.14-64\Lib\site-packages\telegram\request\_baserequest.py", line 198, in post
    result = await self._request_wrapper(
             ^^^^^^^^^^^^^^^^^^^^^^^^^^^^
    ...<7 lines>...
    )
    ^
  File "C:\Users\abbos\AppData\Local\Python\pythoncore-3.14-64\Lib\site-packages\telegram\request\_baserequest.py", line 375, in _request_wrapper
    raise exception
telegram.error.Conflict: Conflict: terminated by other getUpdates request; make sure that only one bot instance is running
2026-05-08 22:18:10,573 - httpx - INFO - HTTP Request: POST https://api.telegram.org/bot8007572675:AAEpXtwxgLBvJp6jkjqAYrs2SvDiYpUwT5M/getUpdates "HTTP/1.1 200 OK"
2026-05-08 22:18:20,774 - httpx - INFO - HTTP Request: POST https://api.telegram.org/bot8007572675:AAEpXtwxgLBvJp6jkjqAYrs2SvDiYpUwT5M/getUpdates "HTTP/1.1 200 OK"
2026-05-08 22:18:30,959 - httpx - INFO - HTTP Request: POST https://api.telegram.org/bot8007572675:AAEpXtwxgLBvJp6jkjqAYrs2SvDiYpUwT5M/getUpdates "HTTP/1.1 200 OK"
2026-05-08 22:18:31,424 - httpx - INFO - HTTP Request: POST https://api.telegram.org/bot8007572675:AAEpXtwxgLBvJp6jkjqAYrs2SvDiYpUwT5M/getUpdates "HTTP/1.1 409 Conflict"
2026-05-08 22:18:31,426 - telegram.ext.Application - ERROR - No error handlers are registered, logging exception.
Traceback (most recent call last):
  File "C:\Users\abbos\AppData\Local\Python\pythoncore-3.14-64\Lib\site-packages\telegram\ext\_utils\networkloop.py", line 161, in network_retry_loop
    await do_action()
  File "C:\Users\abbos\AppData\Local\Python\pythoncore-3.14-64\Lib\site-packages\telegram\ext\_utils\networkloop.py", line 154, in do_action
    action_cb_task.result()
    ~~~~~~~~~~~~~~~~~~~~~^^
  File "C:\Users\abbos\AppData\Local\Python\pythoncore-3.14-64\Lib\site-packages\telegram\ext\_updater.py", line 340, in polling_action_cb
    updates = await self.bot.get_updates(
              ^^^^^^^^^^^^^^^^^^^^^^^^^^^
    ...<3 lines>...
    )
    ^
  File "C:\Users\abbos\AppData\Local\Python\pythoncore-3.14-64\Lib\site-packages\telegram\ext\_extbot.py", line 672, in get_updates
    updates = await super().get_updates(
              ^^^^^^^^^^^^^^^^^^^^^^^^^^
    ...<9 lines>...
    )
    ^
  File "C:\Users\abbos\AppData\Local\Python\pythoncore-3.14-64\Lib\site-packages\telegram\_bot.py", line 4865, in get_updates
    await self._post(
    ^^^^^^^^^^^^^^^^^
    ...<7 lines>...
    ),
    ^
  File "C:\Users\abbos\AppData\Local\Python\pythoncore-3.14-64\Lib\site-packages\telegram\_bot.py", line 704, in _post
    return await self._do_post(
           ^^^^^^^^^^^^^^^^^^^^
    ...<6 lines>...
    )
    ^
  File "C:\Users\abbos\AppData\Local\Python\pythoncore-3.14-64\Lib\site-packages\telegram\ext\_extbot.py", line 370, in _do_post
    return await super()._do_post(
           ^^^^^^^^^^^^^^^^^^^^^^^
    ...<6 lines>...
    )
    ^
  File "C:\Users\abbos\AppData\Local\Python\pythoncore-3.14-64\Lib\site-packages\telegram\_bot.py", line 733, in _do_post
    result = await request.post(
             ^^^^^^^^^^^^^^^^^^^
    ...<6 lines>...
    )
    ^
  File "C:\Users\abbos\AppData\Local\Python\pythoncore-3.14-64\Lib\site-packages\telegram\request\_baserequest.py", line 198, in post
    result = await self._request_wrapper(
             ^^^^^^^^^^^^^^^^^^^^^^^^^^^^
    ...<7 lines>...
    )
    ^
  File "C:\Users\abbos\AppData\Local\Python\pythoncore-3.14-64\Lib\site-packages\telegram\request\_baserequest.py", line 375, in _request_wrapper
    raise exception
telegram.error.Conflict: Conflict: terminated by other getUpdates request; make sure that only one bot instance is running
2026-05-08 22:18:36,412 - httpx - INFO - HTTP Request: POST https://api.telegram.org/bot8007572675:AAEpXtwxgLBvJp6jkjqAYrs2SvDiYpUwT5M/getUpdates "HTTP/1.1 409 Conflict"
2026-05-08 22:18:36,413 - telegram.ext.Application - ERROR - No error handlers are registered, logging exception.
Traceback (most recent call last):
  File "C:\Users\abbos\AppData\Local\Python\pythoncore-3.14-64\Lib\site-packages\telegram\ext\_utils\networkloop.py", line 161, in network_retry_loop
    await do_action()
  File "C:\Users\abbos\AppData\Local\Python\pythoncore-3.14-64\Lib\site-packages\telegram\ext\_utils\networkloop.py", line 154, in do_action
    action_cb_task.result()
    ~~~~~~~~~~~~~~~~~~~~~^^
  File "C:\Users\abbos\AppData\Local\Python\pythoncore-3.14-64\Lib\site-packages\telegram\ext\_updater.py", line 340, in polling_action_cb
    updates = await self.bot.get_updates(
              ^^^^^^^^^^^^^^^^^^^^^^^^^^^
    ...<3 lines>...
    )
    ^
  File "C:\Users\abbos\AppData\Local\Python\pythoncore-3.14-64\Lib\site-packages\telegram\ext\_extbot.py", line 672, in get_updates
    updates = await super().get_updates(
              ^^^^^^^^^^^^^^^^^^^^^^^^^^
    ...<9 lines>...
    )
    ^
  File "C:\Users\abbos\AppData\Local\Python\pythoncore-3.14-64\Lib\site-packages\telegram\_bot.py", line 4865, in get_updates
    await self._post(
    ^^^^^^^^^^^^^^^^^
    ...<7 lines>...
    ),
    ^
  File "C:\Users\abbos\AppData\Local\Python\pythoncore-3.14-64\Lib\site-packages\telegram\_bot.py", line 704, in _post
    return await self._do_post(
           ^^^^^^^^^^^^^^^^^^^^
    ...<6 lines>...
    )
    ^
  File "C:\Users\abbos\AppData\Local\Python\pythoncore-3.14-64\Lib\site-packages\telegram\ext\_extbot.py", line 370, in _do_post
    return await super()._do_post(
           ^^^^^^^^^^^^^^^^^^^^^^^
    ...<6 lines>...
    )
    ^
  File "C:\Users\abbos\AppData\Local\Python\pythoncore-3.14-64\Lib\site-packages\telegram\_bot.py", line 733, in _do_post
    result = await request.post(
             ^^^^^^^^^^^^^^^^^^^
    ...<6 lines>...
    )
    ^
  File "C:\Users\abbos\AppData\Local\Python\pythoncore-3.14-64\Lib\site-packages\telegram\request\_baserequest.py", line 198, in post
    result = await self._request_wrapper(
             ^^^^^^^^^^^^^^^^^^^^^^^^^^^^
    ...<7 lines>...
    )
    ^
  File "C:\Users\abbos\AppData\Local\Python\pythoncore-3.14-64\Lib\site-packages\telegram\request\_baserequest.py", line 375, in _request_wrapper
    raise exception
telegram.error.Conflict: Conflict: terminated by other getUpdates request; make sure that only one bot instance is running
2026-05-08 22:18:37,616 - httpx - INFO - HTTP Request: POST https://api.telegram.org/bot8007572675:AAEpXtwxgLBvJp6jkjqAYrs2SvDiYpUwT5M/getUpdates "HTTP/1.1 409 Conflict"
2026-05-08 22:18:37,617 - telegram.ext.Application - ERROR - No error handlers are registered, logging exception.
Traceback (most recent call last):
  File "C:\Users\abbos\AppData\Local\Python\pythoncore-3.14-64\Lib\site-packages\telegram\ext\_utils\networkloop.py", line 161, in network_retry_loop
    await do_action()
  File "C:\Users\abbos\AppData\Local\Python\pythoncore-3.14-64\Lib\site-packages\telegram\ext\_utils\networkloop.py", line 154, in do_action
    action_cb_task.result()
    ~~~~~~~~~~~~~~~~~~~~~^^
  File "C:\Users\abbos\AppData\Local\Python\pythoncore-3.14-64\Lib\site-packages\telegram\ext\_updater.py", line 340, in polling_action_cb
    updates = await self.bot.get_updates(
              ^^^^^^^^^^^^^^^^^^^^^^^^^^^
    ...<3 lines>...
    )
    ^
  File "C:\Users\abbos\AppData\Local\Python\pythoncore-3.14-64\Lib\site-packages\telegram\ext\_extbot.py", line 672, in get_updates
    updates = await super().get_updates(
              ^^^^^^^^^^^^^^^^^^^^^^^^^^
    ...<9 lines>...
    )
    ^
  File "C:\Users\abbos\AppData\Local\Python\pythoncore-3.14-64\Lib\site-packages\telegram\_bot.py", line 4865, in get_updates
    await self._post(
    ^^^^^^^^^^^^^^^^^
    ...<7 lines>...
    ),
    ^
  File "C:\Users\abbos\AppData\Local\Python\pythoncore-3.14-64\Lib\site-packages\telegram\_bot.py", line 704, in _post
    return await self._do_post(
           ^^^^^^^^^^^^^^^^^^^^
    ...<6 lines>...
    )
    ^
  File "C:\Users\abbos\AppData\Local\Python\pythoncore-3.14-64\Lib\site-packages\telegram\ext\_extbot.py", line 370, in _do_post
    return await super()._do_post(
           ^^^^^^^^^^^^^^^^^^^^^^^
    ...<6 lines>...
    )
    ^
  File "C:\Users\abbos\AppData\Local\Python\pythoncore-3.14-64\Lib\site-packages\telegram\_bot.py", line 733, in _do_post
    result = await request.post(
             ^^^^^^^^^^^^^^^^^^^
    ...<6 lines>...
    )
    ^
  File "C:\Users\abbos\AppData\Local\Python\pythoncore-3.14-64\Lib\site-packages\telegram\request\_baserequest.py", line 198, in post
    result = await self._request_wrapper(
             ^^^^^^^^^^^^^^^^^^^^^^^^^^^^
    ...<7 lines>...
    )
    ^
  File "C:\Users\abbos\AppData\Local\Python\pythoncore-3.14-64\Lib\site-packages\telegram\request\_baserequest.py", line 375, in _request_wrapper
    raise exception
telegram.error.Conflict: Conflict: terminated by other getUpdates request; make sure that only one bot instance is running
2026-05-08 22:18:42,443 - httpx - INFO - HTTP Request: POST https://api.telegram.org/bot8007572675:AAEpXtwxgLBvJp6jkjqAYrs2SvDiYpUwT5M/getUpdates "HTTP/1.1 409 Conflict"
2026-05-08 22:18:42,444 - telegram.ext.Application - ERROR - No error handlers are registered, logging exception.
Traceback (most recent call last):
  File "C:\Users\abbos\AppData\Local\Python\pythoncore-3.14-64\Lib\site-packages\telegram\ext\_utils\networkloop.py", line 161, in network_retry_loop
    await do_action()
  File "C:\Users\abbos\AppData\Local\Python\pythoncore-3.14-64\Lib\site-packages\telegram\ext\_utils\networkloop.py", line 154, in do_action
    action_cb_task.result()
    ~~~~~~~~~~~~~~~~~~~~~^^
  File "C:\Users\abbos\AppData\Local\Python\pythoncore-3.14-64\Lib\site-packages\telegram\ext\_updater.py", line 340, in polling_action_cb
    updates = await self.bot.get_updates(
              ^^^^^^^^^^^^^^^^^^^^^^^^^^^
    ...<3 lines>...
    )
    ^
  File "C:\Users\abbos\AppData\Local\Python\pythoncore-3.14-64\Lib\site-packages\telegram\ext\_extbot.py", line 672, in get_updates
    updates = await super().get_updates(
              ^^^^^^^^^^^^^^^^^^^^^^^^^^
    ...<9 lines>...
    )
    ^
  File "C:\Users\abbos\AppData\Local\Python\pythoncore-3.14-64\Lib\site-packages\telegram\_bot.py", line 4865, in get_updates
    await self._post(
    ^^^^^^^^^^^^^^^^^
    ...<7 lines>...
    ),
    ^
  File "C:\Users\abbos\AppData\Local\Python\pythoncore-3.14-64\Lib\site-packages\telegram\_bot.py", line 704, in _post
    return await self._do_post(
           ^^^^^^^^^^^^^^^^^^^^
    ...<6 lines>...
    )
    ^
  File "C:\Users\abbos\AppData\Local\Python\pythoncore-3.14-64\Lib\site-packages\telegram\ext\_extbot.py", line 370, in _do_post
    return await super()._do_post(
           ^^^^^^^^^^^^^^^^^^^^^^^
    ...<6 lines>...
    )
    ^
  File "C:\Users\abbos\AppData\Local\Python\pythoncore-3.14-64\Lib\site-packages\telegram\_bot.py", line 733, in _do_post
    result = await request.post(
             ^^^^^^^^^^^^^^^^^^^
    ...<6 lines>...
    )
    ^
  File "C:\Users\abbos\AppData\Local\Python\pythoncore-3.14-64\Lib\site-packages\telegram\request\_baserequest.py", line 198, in post
    result = await self._request_wrapper(
             ^^^^^^^^^^^^^^^^^^^^^^^^^^^^
    ...<7 lines>...
    )
    ^
  File "C:\Users\abbos\AppData\Local\Python\pythoncore-3.14-64\Lib\site-packages\telegram\request\_baserequest.py", line 375, in _request_wrapper
    raise exception
telegram.error.Conflict: Conflict: terminated by other getUpdates request; make sure that only one bot instance is running
2026-05-08 22:18:44,172 - httpx - INFO - HTTP Request: POST https://api.telegram.org/bot8007572675:AAEpXtwxgLBvJp6jkjqAYrs2SvDiYpUwT5M/getUpdates "HTTP/1.1 409 Conflict"
2026-05-08 22:18:44,173 - telegram.ext.Application - ERROR - No error handlers are registered, logging exception.
Traceback (most recent call last):
  File "C:\Users\abbos\AppData\Local\Python\pythoncore-3.14-64\Lib\site-packages\telegram\ext\_utils\networkloop.py", line 161, in network_retry_loop
    await do_action()
  File "C:\Users\abbos\AppData\Local\Python\pythoncore-3.14-64\Lib\site-packages\telegram\ext\_utils\networkloop.py", line 154, in do_action
    action_cb_task.result()
    ~~~~~~~~~~~~~~~~~~~~~^^
  File "C:\Users\abbos\AppData\Local\Python\pythoncore-3.14-64\Lib\site-packages\telegram\ext\_updater.py", line 340, in polling_action_cb
    updates = await self.bot.get_updates(
              ^^^^^^^^^^^^^^^^^^^^^^^^^^^
    ...<3 lines>...
    )
    ^
  File "C:\Users\abbos\AppData\Local\Python\pythoncore-3.14-64\Lib\site-packages\telegram\ext\_extbot.py", line 672, in get_updates
    updates = await super().get_updates(
              ^^^^^^^^^^^^^^^^^^^^^^^^^^
    ...<9 lines>...
    )
    ^
  File "C:\Users\abbos\AppData\Local\Python\pythoncore-3.14-64\Lib\site-packages\telegram\_bot.py", line 4865, in get_updates
    await self._post(
    ^^^^^^^^^^^^^^^^^
    ...<7 lines>...
    ),
    ^
  File "C:\Users\abbos\AppData\Local\Python\pythoncore-3.14-64\Lib\site-packages\telegram\_bot.py", line 704, in _post
    return await self._do_post(
           ^^^^^^^^^^^^^^^^^^^^
    ...<6 lines>...
    )
    ^
  File "C:\Users\abbos\AppData\Local\Python\pythoncore-3.14-64\Lib\site-packages\telegram\ext\_extbot.py", line 370, in _do_post
    return await super()._do_post(
           ^^^^^^^^^^^^^^^^^^^^^^^
    ...<6 lines>...
    )
    ^
  File "C:\Users\abbos\AppData\Local\Python\pythoncore-3.14-64\Lib\site-packages\telegram\_bot.py", line 733, in _do_post
    result = await request.post(
             ^^^^^^^^^^^^^^^^^^^
    ...<6 lines>...
    )
    ^
  File "C:\Users\abbos\AppData\Local\Python\pythoncore-3.14-64\Lib\site-packages\telegram\request\_baserequest.py", line 198, in post
    result = await self._request_wrapper(
             ^^^^^^^^^^^^^^^^^^^^^^^^^^^^
    ...<7 lines>...
    )
    ^
  File "C:\Users\abbos\AppData\Local\Python\pythoncore-3.14-64\Lib\site-packages\telegram\request\_baserequest.py", line 375, in _request_wrapper
    raise exception
telegram.error.Conflict: Conflict: terminated by other getUpdates request; make sure that only one bot instance is running
2026-05-08 22:18:49,705 - httpx - INFO - HTTP Request: POST https://api.telegram.org/bot8007572675:AAEpXtwxgLBvJp6jkjqAYrs2SvDiYpUwT5M/getUpdates "HTTP/1.1 409 Conflict"
2026-05-08 22:18:49,707 - telegram.ext.Application - ERROR - No error handlers are registered, logging exception.
Traceback (most recent call last):
  File "C:\Users\abbos\AppData\Local\Python\pythoncore-3.14-64\Lib\site-packages\telegram\ext\_utils\networkloop.py", line 161, in network_retry_loop
    await do_action()
  File "C:\Users\abbos\AppData\Local\Python\pythoncore-3.14-64\Lib\site-packages\telegram\ext\_utils\networkloop.py", line 154, in do_action
    action_cb_task.result()
    ~~~~~~~~~~~~~~~~~~~~~^^
  File "C:\Users\abbos\AppData\Local\Python\pythoncore-3.14-64\Lib\site-packages\telegram\ext\_updater.py", line 340, in polling_action_cb
    updates = await self.bot.get_updates(
              ^^^^^^^^^^^^^^^^^^^^^^^^^^^
    ...<3 lines>...
    )
    ^
  File "C:\Users\abbos\AppData\Local\Python\pythoncore-3.14-64\Lib\site-packages\telegram\ext\_extbot.py", line 672, in get_updates
    updates = await super().get_updates(
              ^^^^^^^^^^^^^^^^^^^^^^^^^^
    ...<9 lines>...
    )
    ^
  File "C:\Users\abbos\AppData\Local\Python\pythoncore-3.14-64\Lib\site-packages\telegram\_bot.py", line 4865, in get_updates
    await self._post(
    ^^^^^^^^^^^^^^^^^
    ...<7 lines>...
    ),
    ^
  File "C:\Users\abbos\AppData\Local\Python\pythoncore-3.14-64\Lib\site-packages\telegram\_bot.py", line 704, in _post
    return await self._do_post(
           ^^^^^^^^^^^^^^^^^^^^
    ...<6 lines>...
    )
    ^
  File "C:\Users\abbos\AppData\Local\Python\pythoncore-3.14-64\Lib\site-packages\telegram\ext\_extbot.py", line 370, in _do_post
    return await super()._do_post(
           ^^^^^^^^^^^^^^^^^^^^^^^
    ...<6 lines>...
    )
    ^
  File "C:\Users\abbos\AppData\Local\Python\pythoncore-3.14-64\Lib\site-packages\telegram\_bot.py", line 733, in _do_post
    result = await request.post(
             ^^^^^^^^^^^^^^^^^^^
    ...<6 lines>...
    )
    ^
  File "C:\Users\abbos\AppData\Local\Python\pythoncore-3.14-64\Lib\site-packages\telegram\request\_baserequest.py", line 198, in post
    result = await self._request_wrapper(
             ^^^^^^^^^^^^^^^^^^^^^^^^^^^^
    ...<7 lines>...
    )
    ^
  File "C:\Users\abbos\AppData\Local\Python\pythoncore-3.14-64\Lib\site-packages\telegram\request\_baserequest.py", line 375, in _request_wrapper
    raise exception
telegram.error.Conflict: Conflict: terminated by other getUpdates request; make sure that only one bot instance is running
2026-05-08 22:18:52,291 - httpx - INFO - HTTP Request: POST https://api.telegram.org/bot8007572675:AAEpXtwxgLBvJp6jkjqAYrs2SvDiYpUwT5M/getUpdates "HTTP/1.1 409 Conflict"
2026-05-08 22:18:52,293 - telegram.ext.Application - ERROR - No error handlers are registered, logging exception.
Traceback (most recent call last):
  File "C:\Users\abbos\AppData\Local\Python\pythoncore-3.14-64\Lib\site-packages\telegram\ext\_utils\networkloop.py", line 161, in network_retry_loop
    await do_action()
  File "C:\Users\abbos\AppData\Local\Python\pythoncore-3.14-64\Lib\site-packages\telegram\ext\_utils\networkloop.py", line 154, in do_action
    action_cb_task.result()
    ~~~~~~~~~~~~~~~~~~~~~^^
  File "C:\Users\abbos\AppData\Local\Python\pythoncore-3.14-64\Lib\site-packages\telegram\ext\_updater.py", line 340, in polling_action_cb
    updates = await self.bot.get_updates(
              ^^^^^^^^^^^^^^^^^^^^^^^^^^^
    ...<3 lines>...
    )
    ^
  File "C:\Users\abbos\AppData\Local\Python\pythoncore-3.14-64\Lib\site-packages\telegram\ext\_extbot.py", line 672, in get_updates
    updates = await super().get_updates(
              ^^^^^^^^^^^^^^^^^^^^^^^^^^
    ...<9 lines>...
    )
    ^
  File "C:\Users\abbos\AppData\Local\Python\pythoncore-3.14-64\Lib\site-packages\telegram\_bot.py", line 4865, in get_updates
    await self._post(
    ^^^^^^^^^^^^^^^^^
    ...<7 lines>...
    ),
    ^
  File "C:\Users\abbos\AppData\Local\Python\pythoncore-3.14-64\Lib\site-packages\telegram\_bot.py", line 704, in _post
    return await self._do_post(
           ^^^^^^^^^^^^^^^^^^^^
    ...<6 lines>...
    )
    ^
  File "C:\Users\abbos\AppData\Local\Python\pythoncore-3.14-64\Lib\site-packages\telegram\ext\_extbot.py", line 370, in _do_post
    return await super()._do_post(
           ^^^^^^^^^^^^^^^^^^^^^^^
    ...<6 lines>...
    )
    ^
  File "C:\Users\abbos\AppData\Local\Python\pythoncore-3.14-64\Lib\site-packages\telegram\_bot.py", line 733, in _do_post
    result = await request.post(
             ^^^^^^^^^^^^^^^^^^^
    ...<6 lines>...
    )
    ^
  File "C:\Users\abbos\AppData\Local\Python\pythoncore-3.14-64\Lib\site-packages\telegram\request\_baserequest.py", line 198, in post
    result = await self._request_wrapper(
             ^^^^^^^^^^^^^^^^^^^^^^^^^^^^
    ...<7 lines>...
    )
    ^
  File "C:\Users\abbos\AppData\Local\Python\pythoncore-3.14-64\Lib\site-packages\telegram\request\_baserequest.py", line 375, in _request_wrapper
    raise exception
telegram.error.Conflict: Conflict: terminated by other getUpdates request; make sure that only one bot instance is running
2026-05-08 22:18:55,951 - httpx - INFO - HTTP Request: POST https://api.telegram.org/bot8007572675:AAEpXtwxgLBvJp6jkjqAYrs2SvDiYpUwT5M/getUpdates "HTTP/1.1 409 Conflict"
2026-05-08 22:18:55,953 - telegram.ext.Application - ERROR - No error handlers are registered, logging exception.
Traceback (most recent call last):
  File "C:\Users\abbos\AppData\Local\Python\pythoncore-3.14-64\Lib\site-packages\telegram\ext\_utils\networkloop.py", line 161, in network_retry_loop
    await do_action()
  File "C:\Users\abbos\AppData\Local\Python\pythoncore-3.14-64\Lib\site-packages\telegram\ext\_utils\networkloop.py", line 154, in do_action
    action_cb_task.result()
    ~~~~~~~~~~~~~~~~~~~~~^^
  File "C:\Users\abbos\AppData\Local\Python\pythoncore-3.14-64\Lib\site-packages\telegram\ext\_updater.py", line 340, in polling_action_cb
    updates = await self.bot.get_updates(
              ^^^^^^^^^^^^^^^^^^^^^^^^^^^
    ...<3 lines>...
    )
    ^
  File "C:\Users\abbos\AppData\Local\Python\pythoncore-3.14-64\Lib\site-packages\telegram\ext\_extbot.py", line 672, in get_updates
    updates = await super().get_updates(
              ^^^^^^^^^^^^^^^^^^^^^^^^^^
    ...<9 lines>...
    )
    ^
  File "C:\Users\abbos\AppData\Local\Python\pythoncore-3.14-64\Lib\site-packages\telegram\_bot.py", line 4865, in get_updates
    await self._post(
    ^^^^^^^^^^^^^^^^^
    ...<7 lines>...
    ),
    ^
  File "C:\Users\abbos\AppData\Local\Python\pythoncore-3.14-64\Lib\site-packages\telegram\_bot.py", line 704, in _post
    return await self._do_post(
           ^^^^^^^^^^^^^^^^^^^^
    ...<6 lines>...
    )
    ^
  File "C:\Users\abbos\AppData\Local\Python\pythoncore-3.14-64\Lib\site-packages\telegram\ext\_extbot.py", line 370, in _do_post
    return await super()._do_post(
           ^^^^^^^^^^^^^^^^^^^^^^^
    ...<6 lines>...
    )
    ^
  File "C:\Users\abbos\AppData\Local\Python\pythoncore-3.14-64\Lib\site-packages\telegram\_bot.py", line 733, in _do_post
    result = await request.post(
             ^^^^^^^^^^^^^^^^^^^
    ...<6 lines>...
    )
    ^
  File "C:\Users\abbos\AppData\Local\Python\pythoncore-3.14-64\Lib\site-packages\telegram\request\_baserequest.py", line 198, in post
    result = await self._request_wrapper(
             ^^^^^^^^^^^^^^^^^^^^^^^^^^^^
    ...<7 lines>...
    )
    ^
  File "C:\Users\abbos\AppData\Local\Python\pythoncore-3.14-64\Lib\site-packages\telegram\request\_baserequest.py", line 375, in _request_wrapper
    raise exception
telegram.error.Conflict: Conflict: terminated by other getUpdates request; make sure that only one bot instance is running
2026-05-08 22:18:59,503 - httpx - INFO - HTTP Request: POST https://api.telegram.org/bot8007572675:AAEpXtwxgLBvJp6jkjqAYrs2SvDiYpUwT5M/getUpdates "HTTP/1.1 409 Conflict"
2026-05-08 22:18:59,505 - telegram.ext.Application - ERROR - No error handlers are registered, logging exception.
Traceback (most recent call last):
  File "C:\Users\abbos\AppData\Local\Python\pythoncore-3.14-64\Lib\site-packages\telegram\ext\_utils\networkloop.py", line 161, in network_retry_loop
    await do_action()
  File "C:\Users\abbos\AppData\Local\Python\pythoncore-3.14-64\Lib\site-packages\telegram\ext\_utils\networkloop.py", line 154, in do_action
    action_cb_task.result()
    ~~~~~~~~~~~~~~~~~~~~~^^
  File "C:\Users\abbos\AppData\Local\Python\pythoncore-3.14-64\Lib\site-packages\telegram\ext\_updater.py", line 340, in polling_action_cb
    updates = await self.bot.get_updates(
              ^^^^^^^^^^^^^^^^^^^^^^^^^^^
    ...<3 lines>...
    )
    ^
  File "C:\Users\abbos\AppData\Local\Python\pythoncore-3.14-64\Lib\site-packages\telegram\ext\_extbot.py", line 672, in get_updates
    updates = await super().get_updates(
              ^^^^^^^^^^^^^^^^^^^^^^^^^^
    ...<9 lines>...
    )
    ^
  File "C:\Users\abbos\AppData\Local\Python\pythoncore-3.14-64\Lib\site-packages\telegram\_bot.py", line 4865, in get_updates
    await self._post(
    ^^^^^^^^^^^^^^^^^
    ...<7 lines>...
    ),
    ^
  File "C:\Users\abbos\AppData\Local\Python\pythoncore-3.14-64\Lib\site-packages\telegram\_bot.py", line 704, in _post
    return await self._do_post(
           ^^^^^^^^^^^^^^^^^^^^
    ...<6 lines>...
    )
    ^
  File "C:\Users\abbos\AppData\Local\Python\pythoncore-3.14-64\Lib\site-packages\telegram\ext\_extbot.py", line 370, in _do_post
    return await super()._do_post(
           ^^^^^^^^^^^^^^^^^^^^^^^
    ...<6 lines>...
    )
    ^
  File "C:\Users\abbos\AppData\Local\Python\pythoncore-3.14-64\Lib\site-packages\telegram\_bot.py", line 733, in _do_post
    result = await request.post(
             ^^^^^^^^^^^^^^^^^^^
    ...<6 lines>...
    )
    ^
  File "C:\Users\abbos\AppData\Local\Python\pythoncore-3.14-64\Lib\site-packages\telegram\request\_baserequest.py", line 198, in post
    result = await self._request_wrapper(
             ^^^^^^^^^^^^^^^^^^^^^^^^^^^^
    ...<7 lines>...
    )
    ^
  File "C:\Users\abbos\AppData\Local\Python\pythoncore-3.14-64\Lib\site-packages\telegram\request\_baserequest.py", line 375, in _request_wrapper
    raise exception
telegram.error.Conflict: Conflict: terminated by other getUpdates request; make sure that only one bot instance is running
2026-05-08 22:19:10,247 - apscheduler.scheduler - INFO - Adding job tentatively -- it will be properly scheduled when the scheduler starts
2026-05-08 22:19:10,247 - __main__ - INFO - Bot ishga tushdi! Ovozli xabar har kuni soat 09:00 da yuboriladi (Toshkent vaqti).
2026-05-08 22:19:15,430 - telegram.ext - ERROR - Network Retry Loop (Bootstrap Initialize Application): Timed out: Timed out. Failed run number 0 of 0. Aborting.
Traceback (most recent call last):
  File "C:\Users\abbos\AppData\Local\Python\pythoncore-3.14-64\Lib\site-packages\httpx\_transports\default.py", line 101, in map_httpcore_exceptions
    yield
  File "C:\Users\abbos\AppData\Local\Python\pythoncore-3.14-64\Lib\site-packages\httpx\_transports\default.py", line 394, in handle_async_request
    resp = await self._pool.handle_async_request(req)
           ^^^^^^^^^^^^^^^^^^^^^^^^^^^^^^^^^^^^^^^^^^
  File "C:\Users\abbos\AppData\Local\Python\pythoncore-3.14-64\Lib\site-packages\httpcore\_async\connection_pool.py", line 256, in handle_async_request
    raise exc from None
  File "C:\Users\abbos\AppData\Local\Python\pythoncore-3.14-64\Lib\site-packages\httpcore\_async\connection_pool.py", line 236, in handle_async_request
    response = await connection.handle_async_request(
               ^^^^^^^^^^^^^^^^^^^^^^^^^^^^^^^^^^^^^^
        pool_request.request
        ^^^^^^^^^^^^^^^^^^^^
    )
    ^
  File "C:\Users\abbos\AppData\Local\Python\pythoncore-3.14-64\Lib\site-packages\httpcore\_async\connection.py", line 101, in handle_async_request
    raise exc
  File "C:\Users\abbos\AppData\Local\Python\pythoncore-3.14-64\Lib\site-packages\httpcore\_async\connection.py", line 78, in handle_async_request
    stream = await self._connect(request)
             ^^^^^^^^^^^^^^^^^^^^^^^^^^^^
  File "C:\Users\abbos\AppData\Local\Python\pythoncore-3.14-64\Lib\site-packages\httpcore\_async\connection.py", line 124, in _connect
    stream = await self._network_backend.connect_tcp(**kwargs)
             ^^^^^^^^^^^^^^^^^^^^^^^^^^^^^^^^^^^^^^^^^^^^^^^^^
  File "C:\Users\abbos\AppData\Local\Python\pythoncore-3.14-64\Lib\site-packages\httpcore\_backends\auto.py", line 31, in connect_tcp
    return await self._backend.connect_tcp(
           ^^^^^^^^^^^^^^^^^^^^^^^^^^^^^^^^
    ...<5 lines>...
    )
    ^
  File "C:\Users\abbos\AppData\Local\Python\pythoncore-3.14-64\Lib\site-packages\httpcore\_backends\anyio.py", line 113, in connect_tcp
    with map_exceptions(exc_map):
         ~~~~~~~~~~~~~~^^^^^^^^^
  File "C:\Users\abbos\AppData\Local\Python\pythoncore-3.14-64\Lib\contextlib.py", line 162, in __exit__
    self.gen.throw(value)
    ~~~~~~~~~~~~~~^^^^^^^
  File "C:\Users\abbos\AppData\Local\Python\pythoncore-3.14-64\Lib\site-packages\httpcore\_exceptions.py", line 14, in map_exceptions
    raise to_exc(exc) from exc
httpcore.ConnectTimeout

The above exception was the direct cause of the following exception:

Traceback (most recent call last):
  File "C:\Users\abbos\AppData\Local\Python\pythoncore-3.14-64\Lib\site-packages\telegram\request\_httpxrequest.py", line 279, in do_request
    res = await self._client.request(
          ^^^^^^^^^^^^^^^^^^^^^^^^^^^
    ...<6 lines>...
    )
    ^
  File "C:\Users\abbos\AppData\Local\Python\pythoncore-3.14-64\Lib\site-packages\httpx\_client.py", line 1540, in request
    return await self.send(request, auth=auth, follow_redirects=follow_redirects)
           ^^^^^^^^^^^^^^^^^^^^^^^^^^^^^^^^^^^^^^^^^^^^^^^^^^^^^^^^^^^^^^^^^^^^^^
  File "C:\Users\abbos\AppData\Local\Python\pythoncore-3.14-64\Lib\site-packages\httpx\_client.py", line 1629, in send
    response = await self._send_handling_auth(
               ^^^^^^^^^^^^^^^^^^^^^^^^^^^^^^^
    ...<4 lines>...
    )
    ^
  File "C:\Users\abbos\AppData\Local\Python\pythoncore-3.14-64\Lib\site-packages\httpx\_client.py", line 1657, in _send_handling_auth
    response = await self._send_handling_redirects(
               ^^^^^^^^^^^^^^^^^^^^^^^^^^^^^^^^^^^^
    ...<3 lines>...
    )
    ^
  File "C:\Users\abbos\AppData\Local\Python\pythoncore-3.14-64\Lib\site-packages\httpx\_client.py", line 1694, in _send_handling_redirects
    response = await self._send_single_request(request)
               ^^^^^^^^^^^^^^^^^^^^^^^^^^^^^^^^^^^^^^^^
  File "C:\Users\abbos\AppData\Local\Python\pythoncore-3.14-64\Lib\site-packages\httpx\_client.py", line 1730, in _send_single_request
    response = await transport.handle_async_request(request)
               ^^^^^^^^^^^^^^^^^^^^^^^^^^^^^^^^^^^^^^^^^^^^^
  File "C:\Users\abbos\AppData\Local\Python\pythoncore-3.14-64\Lib\site-packages\httpx\_transports\default.py", line 393, in handle_async_request
    with map_httpcore_exceptions():
         ~~~~~~~~~~~~~~~~~~~~~~~^^
  File "C:\Users\abbos\AppData\Local\Python\pythoncore-3.14-64\Lib\contextlib.py", line 162, in __exit__
    self.gen.throw(value)
    ~~~~~~~~~~~~~~^^^^^^^
  File "C:\Users\abbos\AppData\Local\Python\pythoncore-3.14-64\Lib\site-packages\httpx\_transports\default.py", line 118, in map_httpcore_exceptions
    raise mapped_exc(message) from exc
httpx.ConnectTimeout

The above exception was the direct cause of the following exception:

Traceback (most recent call last):
  File "C:\Users\abbos\AppData\Local\Python\pythoncore-3.14-64\Lib\site-packages\telegram\ext\_utils\networkloop.py", line 161, in network_retry_loop
    await do_action()
  File "C:\Users\abbos\AppData\Local\Python\pythoncore-3.14-64\Lib\site-packages\telegram\ext\_utils\networkloop.py", line 136, in do_action
    await action_cb()
  File "C:\Users\abbos\AppData\Local\Python\pythoncore-3.14-64\Lib\site-packages\telegram\ext\_application.py", line 489, in initialize
    await self.bot.initialize()
  File "C:\Users\abbos\AppData\Local\Python\pythoncore-3.14-64\Lib\site-packages\telegram\ext\_extbot.py", line 316, in initialize
    await super().initialize()
  File "C:\Users\abbos\AppData\Local\Python\pythoncore-3.14-64\Lib\site-packages\telegram\_bot.py", line 857, in initialize
    await self.get_me()
  File "C:\Users\abbos\AppData\Local\Python\pythoncore-3.14-64\Lib\site-packages\telegram\ext\_extbot.py", line 2008, in get_me
    return await super().get_me(
           ^^^^^^^^^^^^^^^^^^^^^
    ...<5 lines>...
    )
    ^
  File "C:\Users\abbos\AppData\Local\Python\pythoncore-3.14-64\Lib\site-packages\telegram\_bot.py", line 990, in get_me
    result = await self._post(
             ^^^^^^^^^^^^^^^^^
    ...<6 lines>...
    )
    ^
  File "C:\Users\abbos\AppData\Local\Python\pythoncore-3.14-64\Lib\site-packages\telegram\_bot.py", line 704, in _post
    return await self._do_post(
           ^^^^^^^^^^^^^^^^^^^^
    ...<6 lines>...
    )
    ^
  File "C:\Users\abbos\AppData\Local\Python\pythoncore-3.14-64\Lib\site-packages\telegram\ext\_extbot.py", line 370, in _do_post
    return await super()._do_post(
           ^^^^^^^^^^^^^^^^^^^^^^^
    ...<6 lines>...
    )
    ^
  File "C:\Users\abbos\AppData\Local\Python\pythoncore-3.14-64\Lib\site-packages\telegram\_bot.py", line 733, in _do_post
    result = await request.post(
             ^^^^^^^^^^^^^^^^^^^
    ...<6 lines>...
    )
    ^
  File "C:\Users\abbos\AppData\Local\Python\pythoncore-3.14-64\Lib\site-packages\telegram\request\_baserequest.py", line 198, in post
    result = await self._request_wrapper(
             ^^^^^^^^^^^^^^^^^^^^^^^^^^^^
    ...<7 lines>...
    )
    ^
  File "C:\Users\abbos\AppData\Local\Python\pythoncore-3.14-64\Lib\site-packages\telegram\request\_baserequest.py", line 305, in _request_wrapper
    code, payload = await self.do_request(
                    ^^^^^^^^^^^^^^^^^^^^^^
    ...<7 lines>...
    )
    ^
  File "C:\Users\abbos\AppData\Local\Python\pythoncore-3.14-64\Lib\site-packages\telegram\request\_httpxrequest.py", line 296, in do_request
    raise TimedOut from err
telegram.error.TimedOut: Timed out
2026-05-08 22:20:19,173 - apscheduler.scheduler - INFO - Adding job tentatively -- it will be properly scheduled when the scheduler starts
2026-05-08 22:20:19,173 - __main__ - INFO - Bot ishga tushdi! Ovozli xabar har kuni soat 09:00 da yuboriladi (Toshkent vaqti).
2026-05-08 22:20:20,207 - httpx - INFO - HTTP Request: POST https://api.telegram.org/bot8007572675:AAEpXtwxgLBvJp6jkjqAYrs2SvDiYpUwT5M/getMe "HTTP/1.1 200 OK"
2026-05-08 22:20:20,389 - httpx - INFO - HTTP Request: POST https://api.telegram.org/bot8007572675:AAEpXtwxgLBvJp6jkjqAYrs2SvDiYpUwT5M/deleteWebhook "HTTP/1.1 200 OK"
2026-05-08 22:20:20,392 - apscheduler.scheduler - INFO - Added job "daily_voice_message" to job store "default"
2026-05-08 22:20:20,393 - apscheduler.scheduler - INFO - Scheduler started
2026-05-08 22:20:20,394 - telegram.ext.Application - INFO - Application started
2026-05-08 22:20:36,316 - httpx - INFO - HTTP Request: POST https://api.telegram.org/bot8007572675:AAEpXtwxgLBvJp6jkjqAYrs2SvDiYpUwT5M/getUpdates "HTTP/1.1 200 OK"
2026-05-08 22:20:46,564 - httpx - INFO - HTTP Request: POST https://api.telegram.org/bot8007572675:AAEpXtwxgLBvJp6jkjqAYrs2SvDiYpUwT5M/getUpdates "HTTP/1.1 200 OK"
2026-05-08 22:20:56,805 - httpx - INFO - HTTP Request: POST https://api.telegram.org/bot8007572675:AAEpXtwxgLBvJp6jkjqAYrs2SvDiYpUwT5M/getUpdates "HTTP/1.1 200 OK"
2026-05-08 22:21:07,108 - httpx - INFO - HTTP Request: POST https://api.telegram.org/bot8007572675:AAEpXtwxgLBvJp6jkjqAYrs2SvDiYpUwT5M/getUpdates "HTTP/1.1 200 OK"
2026-05-08 22:21:17,387 - httpx - INFO - HTTP Request: POST https://api.telegram.org/bot8007572675:AAEpXtwxgLBvJp6jkjqAYrs2SvDiYpUwT5M/getUpdates "HTTP/1.1 200 OK"
2026-05-08 22:21:27,734 - httpx - INFO - HTTP Request: POST https://api.telegram.org/bot8007572675:AAEpXtwxgLBvJp6jkjqAYrs2SvDiYpUwT5M/getUpdates "HTTP/1.1 200 OK"
2026-05-08 22:21:38,005 - httpx - INFO - HTTP Request: POST https://api.telegram.org/bot8007572675:AAEpXtwxgLBvJp6jkjqAYrs2SvDiYpUwT5M/getUpdates "HTTP/1.1 200 OK"
2026-05-08 22:21:48,237 - httpx - INFO - HTTP Request: POST https://api.telegram.org/bot8007572675:AAEpXtwxgLBvJp6jkjqAYrs2SvDiYpUwT5M/getUpdates "HTTP/1.1 200 OK"
2026-05-08 22:21:58,484 - httpx - INFO - HTTP Request: POST https://api.telegram.org/bot8007572675:AAEpXtwxgLBvJp6jkjqAYrs2SvDiYpUwT5M/getUpdates "HTTP/1.1 200 OK"
2026-05-08 22:22:08,730 - httpx - INFO - HTTP Request: POST https://api.telegram.org/bot8007572675:AAEpXtwxgLBvJp6jkjqAYrs2SvDiYpUwT5M/getUpdates "HTTP/1.1 200 OK"
2026-05-08 22:22:18,975 - httpx - INFO - HTTP Request: POST https://api.telegram.org/bot8007572675:AAEpXtwxgLBvJp6jkjqAYrs2SvDiYpUwT5M/getUpdates "HTTP/1.1 200 OK"
2026-05-08 22:22:29,240 - httpx - INFO - HTTP Request: POST https://api.telegram.org/bot8007572675:AAEpXtwxgLBvJp6jkjqAYrs2SvDiYpUwT5M/getUpdates "HTTP/1.1 200 OK"
2026-05-08 22:22:39,614 - httpx - INFO - HTTP Request: POST https://api.telegram.org/bot8007572675:AAEpXtwxgLBvJp6jkjqAYrs2SvDiYpUwT5M/getUpdates "HTTP/1.1 200 OK"
2026-05-08 22:22:50,063 - httpx - INFO - HTTP Request: POST https://api.telegram.org/bot8007572675:AAEpXtwxgLBvJp6jkjqAYrs2SvDiYpUwT5M/getUpdates "HTTP/1.1 200 OK"
2026-05-08 22:23:00,332 - httpx - INFO - HTTP Request: POST https://api.telegram.org/bot8007572675:AAEpXtwxgLBvJp6jkjqAYrs2SvDiYpUwT5M/getUpdates "HTTP/1.1 200 OK"
2026-05-08 22:23:11,360 - httpx - INFO - HTTP Request: POST https://api.telegram.org/bot8007572675:AAEpXtwxgLBvJp6jkjqAYrs2SvDiYpUwT5M/getUpdates "HTTP/1.1 200 OK"
2026-05-08 22:23:15,974 - httpx - INFO - HTTP Request: POST https://api.telegram.org/bot8007572675:AAEpXtwxgLBvJp6jkjqAYrs2SvDiYpUwT5M/getUpdates "HTTP/1.1 200 OK"
2026-05-08 22:23:15,978 - __main__ - INFO - Yangi foydalanuvchi: WVMN (ID: 5298159692)
2026-05-08 22:23:26,283 - httpx - INFO - HTTP Request: POST https://api.telegram.org/bot8007572675:AAEpXtwxgLBvJp6jkjqAYrs2SvDiYpUwT5M/getUpdates "HTTP/1.1 200 OK"
2026-05-08 22:23:33,681 - httpx - INFO - HTTP Request: POST https://api.telegram.org/bot8007572675:AAEpXtwxgLBvJp6jkjqAYrs2SvDiYpUwT5M/getUpdates "HTTP/1.1 200 OK"
2026-05-08 22:23:33,684 - __main__ - INFO - Yangi foydalanuvchi: WVMN (ID: 5298159692)
2026-05-08 22:23:44,638 - httpx - INFO - HTTP Request: POST https://api.telegram.org/bot8007572675:AAEpXtwxgLBvJp6jkjqAYrs2SvDiYpUwT5M/getUpdates "HTTP/1.1 200 OK"
2026-05-08 22:23:54,984 - httpx - INFO - HTTP Request: POST https://api.telegram.org/bot8007572675:AAEpXtwxgLBvJp6jkjqAYrs2SvDiYpUwT5M/getUpdates "HTTP/1.1 200 OK"
2026-05-08 22:24:05,643 - telegram.ext.Updater - ERROR - Error while calling `get_updates` one more time to mark all fetched updates. Suppressing error to ensure graceful shutdown. When polling for updates is restarted, updates may be fetched again. Please adjust timeouts via `ApplicationBuilder` or the parameter `get_updates_request` of `Bot`.
Traceback (most recent call last):
  File "C:\Users\abbos\AppData\Local\Python\pythoncore-3.14-64\Lib\site-packages\httpx\_transports\default.py", line 101, in map_httpcore_exceptions
    yield
  File "C:\Users\abbos\AppData\Local\Python\pythoncore-3.14-64\Lib\site-packages\httpx\_transports\default.py", line 394, in handle_async_request
    resp = await self._pool.handle_async_request(req)
           ^^^^^^^^^^^^^^^^^^^^^^^^^^^^^^^^^^^^^^^^^^
  File "C:\Users\abbos\AppData\Local\Python\pythoncore-3.14-64\Lib\site-packages\httpcore\_async\connection_pool.py", line 256, in handle_async_request
    raise exc from None
  File "C:\Users\abbos\AppData\Local\Python\pythoncore-3.14-64\Lib\site-packages\httpcore\_async\connection_pool.py", line 236, in handle_async_request
    response = await connection.handle_async_request(
               ^^^^^^^^^^^^^^^^^^^^^^^^^^^^^^^^^^^^^^
        pool_request.request
        ^^^^^^^^^^^^^^^^^^^^
    )
    ^
  File "C:\Users\abbos\AppData\Local\Python\pythoncore-3.14-64\Lib\site-packages\httpcore\_async\connection.py", line 101, in handle_async_request
    raise exc
  File "C:\Users\abbos\AppData\Local\Python\pythoncore-3.14-64\Lib\site-packages\httpcore\_async\connection.py", line 78, in handle_async_request
    stream = await self._connect(request)
             ^^^^^^^^^^^^^^^^^^^^^^^^^^^^
  File "C:\Users\abbos\AppData\Local\Python\pythoncore-3.14-64\Lib\site-packages\httpcore\_async\connection.py", line 124, in _connect
    stream = await self._network_backend.connect_tcp(**kwargs)
             ^^^^^^^^^^^^^^^^^^^^^^^^^^^^^^^^^^^^^^^^^^^^^^^^^
  File "C:\Users\abbos\AppData\Local\Python\pythoncore-3.14-64\Lib\site-packages\httpcore\_backends\auto.py", line 31, in connect_tcp
    return await self._backend.connect_tcp(
           ^^^^^^^^^^^^^^^^^^^^^^^^^^^^^^^^
    ...<5 lines>...
    )
    ^
  File "C:\Users\abbos\AppData\Local\Python\pythoncore-3.14-64\Lib\site-packages\httpcore\_backends\anyio.py", line 113, in connect_tcp
    with map_exceptions(exc_map):
         ~~~~~~~~~~~~~~^^^^^^^^^
  File "C:\Users\abbos\AppData\Local\Python\pythoncore-3.14-64\Lib\contextlib.py", line 162, in __exit__
    self.gen.throw(value)
    ~~~~~~~~~~~~~~^^^^^^^
  File "C:\Users\abbos\AppData\Local\Python\pythoncore-3.14-64\Lib\site-packages\httpcore\_exceptions.py", line 14, in map_exceptions
    raise to_exc(exc) from exc
httpcore.ConnectTimeout

The above exception was the direct cause of the following exception:

Traceback (most recent call last):
  File "C:\Users\abbos\AppData\Local\Python\pythoncore-3.14-64\Lib\site-packages\telegram\request\_httpxrequest.py", line 279, in do_request
    res = await self._client.request(
          ^^^^^^^^^^^^^^^^^^^^^^^^^^^
    ...<6 lines>...
    )
    ^
  File "C:\Users\abbos\AppData\Local\Python\pythoncore-3.14-64\Lib\site-packages\httpx\_client.py", line 1540, in request
    return await self.send(request, auth=auth, follow_redirects=follow_redirects)
           ^^^^^^^^^^^^^^^^^^^^^^^^^^^^^^^^^^^^^^^^^^^^^^^^^^^^^^^^^^^^^^^^^^^^^^
  File "C:\Users\abbos\AppData\Local\Python\pythoncore-3.14-64\Lib\site-packages\httpx\_client.py", line 1629, in send
    response = await self._send_handling_auth(
               ^^^^^^^^^^^^^^^^^^^^^^^^^^^^^^^
    ...<4 lines>...
    )
    ^
  File "C:\Users\abbos\AppData\Local\Python\pythoncore-3.14-64\Lib\site-packages\httpx\_client.py", line 1657, in _send_handling_auth
    response = await self._send_handling_redirects(
               ^^^^^^^^^^^^^^^^^^^^^^^^^^^^^^^^^^^^
    ...<3 lines>...
    )
    ^
  File "C:\Users\abbos\AppData\Local\Python\pythoncore-3.14-64\Lib\site-packages\httpx\_client.py", line 1694, in _send_handling_redirects
    response = await self._send_single_request(request)
               ^^^^^^^^^^^^^^^^^^^^^^^^^^^^^^^^^^^^^^^^
  File "C:\Users\abbos\AppData\Local\Python\pythoncore-3.14-64\Lib\site-packages\httpx\_client.py", line 1730, in _send_single_request
    response = await transport.handle_async_request(request)
               ^^^^^^^^^^^^^^^^^^^^^^^^^^^^^^^^^^^^^^^^^^^^^
  File "C:\Users\abbos\AppData\Local\Python\pythoncore-3.14-64\Lib\site-packages\httpx\_transports\default.py", line 393, in handle_async_request
    with map_httpcore_exceptions():
         ~~~~~~~~~~~~~~~~~~~~~~~^^
  File "C:\Users\abbos\AppData\Local\Python\pythoncore-3.14-64\Lib\contextlib.py", line 162, in __exit__
    self.gen.throw(value)
    ~~~~~~~~~~~~~~^^^^^^^
  File "C:\Users\abbos\AppData\Local\Python\pythoncore-3.14-64\Lib\site-packages\httpx\_transports\default.py", line 118, in map_httpcore_exceptions
    raise mapped_exc(message) from exc
httpx.ConnectTimeout

The above exception was the direct cause of the following exception:

Traceback (most recent call last):
  File "C:\Users\abbos\AppData\Local\Python\pythoncore-3.14-64\Lib\site-packages\telegram\ext\_updater.py", line 400, in _get_updates_cleanup
    await self.bot.get_updates(
    ...<4 lines>...
    )
  File "C:\Users\abbos\AppData\Local\Python\pythoncore-3.14-64\Lib\site-packages\telegram\ext\_extbot.py", line 672, in get_updates
    updates = await super().get_updates(
              ^^^^^^^^^^^^^^^^^^^^^^^^^^
    ...<9 lines>...
    )
    ^
  File "C:\Users\abbos\AppData\Local\Python\pythoncore-3.14-64\Lib\site-packages\telegram\_bot.py", line 4865, in get_updates
    await self._post(
    ^^^^^^^^^^^^^^^^^
    ...<7 lines>...
    ),
    ^
  File "C:\Users\abbos\AppData\Local\Python\pythoncore-3.14-64\Lib\site-packages\telegram\_bot.py", line 704, in _post
    return await self._do_post(
           ^^^^^^^^^^^^^^^^^^^^
    ...<6 lines>...
    )
    ^
  File "C:\Users\abbos\AppData\Local\Python\pythoncore-3.14-64\Lib\site-packages\telegram\ext\_extbot.py", line 370, in _do_post
    return await super()._do_post(
           ^^^^^^^^^^^^^^^^^^^^^^^
    ...<6 lines>...
    )
    ^
  File "C:\Users\abbos\AppData\Local\Python\pythoncore-3.14-64\Lib\site-packages\telegram\_bot.py", line 733, in _do_post
    result = await request.post(
             ^^^^^^^^^^^^^^^^^^^
    ...<6 lines>...
    )
    ^
  File "C:\Users\abbos\AppData\Local\Python\pythoncore-3.14-64\Lib\site-packages\telegram\request\_baserequest.py", line 198, in post
    result = await self._request_wrapper(
             ^^^^^^^^^^^^^^^^^^^^^^^^^^^^
    ...<7 lines>...
    )
    ^
  File "C:\Users\abbos\AppData\Local\Python\pythoncore-3.14-64\Lib\site-packages\telegram\request\_baserequest.py", line 305, in _request_wrapper
    code, payload = await self.do_request(
                    ^^^^^^^^^^^^^^^^^^^^^^
    ...<7 lines>...
    )
    ^
  File "C:\Users\abbos\AppData\Local\Python\pythoncore-3.14-64\Lib\site-packages\telegram\request\_httpxrequest.py", line 296, in do_request
    raise TimedOut from err
telegram.error.TimedOut: Timed out
2026-05-08 22:24:05,659 - telegram.ext.Application - INFO - Application is stopping. This might take a moment.
2026-05-08 22:24:05,660 - apscheduler.scheduler - INFO - Scheduler has been shut down
2026-05-08 22:24:05,674 - telegram.ext.Application - INFO - Application.stop() complete
2026-05-08 22:27:41,688 - apscheduler.scheduler - INFO - Adding job tentatively -- it will be properly scheduled when the scheduler starts
2026-05-08 22:27:41,688 - __main__ - INFO - Bot ishga tushdi! Ovozli xabar har kuni soat 09:00 da yuboriladi (Toshkent vaqti).
2026-05-08 22:27:42,671 - httpx - INFO - HTTP Request: POST https://api.telegram.org/bot8007572675:AAEpXtwxgLBvJp6jkjqAYrs2SvDiYpUwT5M/getMe "HTTP/1.1 200 OK"
2026-05-08 22:27:42,929 - httpx - INFO - HTTP Request: POST https://api.telegram.org/bot8007572675:AAEpXtwxgLBvJp6jkjqAYrs2SvDiYpUwT5M/deleteWebhook "HTTP/1.1 200 OK"
2026-05-08 22:27:42,933 - apscheduler.scheduler - INFO - Added job "daily_voice_message" to job store "default"
2026-05-08 22:27:42,933 - apscheduler.scheduler - INFO - Scheduler started
2026-05-08 22:27:42,934 - telegram.ext.Application - INFO - Application started
2026-05-08 22:27:53,222 - httpx - INFO - HTTP Request: POST https://api.telegram.org/bot8007572675:AAEpXtwxgLBvJp6jkjqAYrs2SvDiYpUwT5M/getUpdates "HTTP/1.1 200 OK"
2026-05-08 22:27:53,225 - __main__ - INFO - Yangi foydalanuvchi: WVMN (ID: 5298159692)
2026-05-08 22:28:00,299 - httpx - INFO - HTTP Request: POST https://api.telegram.org/bot8007572675:AAEpXtwxgLBvJp6jkjqAYrs2SvDiYpUwT5M/getUpdates "HTTP/1.1 200 OK"
2026-05-08 22:28:07,185 - httpx - INFO - HTTP Request: POST https://api.telegram.org/bot8007572675:AAEpXtwxgLBvJp6jkjqAYrs2SvDiYpUwT5M/getUpdates "HTTP/1.1 200 OK"
2026-05-08 22:28:08,132 - httpx - INFO - HTTP Request: POST https://api.telegram.org/bot8007572675:AAEpXtwxgLBvJp6jkjqAYrs2SvDiYpUwT5M/getUpdates "HTTP/1.1 200 OK"
2026-05-08 22:28:10,771 - httpx - INFO - HTTP Request: POST https://api.telegram.org/bot8007572675:AAEpXtwxgLBvJp6jkjqAYrs2SvDiYpUwT5M/getUpdates "HTTP/1.1 200 OK"
2026-05-08 22:28:11,596 - httpx - INFO - HTTP Request: POST https://api.telegram.org/bot8007572675:AAEpXtwxgLBvJp6jkjqAYrs2SvDiYpUwT5M/getUpdates "HTTP/1.1 200 OK"
2026-05-08 22:28:12,513 - httpx - INFO - HTTP Request: POST https://api.telegram.org/bot8007572675:AAEpXtwxgLBvJp6jkjqAYrs2SvDiYpUwT5M/getUpdates "HTTP/1.1 200 OK"
2026-05-08 22:28:13,200 - httpx - INFO - HTTP Request: POST https://api.telegram.org/bot8007572675:AAEpXtwxgLBvJp6jkjqAYrs2SvDiYpUwT5M/getUpdates "HTTP/1.1 200 OK"
2026-05-08 22:28:14,328 - __main__ - INFO - Yangi foydalanuvchi: WVMN (ID: 5298159692)
2026-05-08 22:28:23,434 - httpx - INFO - HTTP Request: POST https://api.telegram.org/bot8007572675:AAEpXtwxgLBvJp6jkjqAYrs2SvDiYpUwT5M/getUpdates "HTTP/1.1 200 OK"
2026-05-08 22:28:33,741 - httpx - INFO - HTTP Request: POST https://api.telegram.org/bot8007572675:AAEpXtwxgLBvJp6jkjqAYrs2SvDiYpUwT5M/getUpdates "HTTP/1.1 200 OK"
2026-05-08 22:28:35,607 - __main__ - INFO - Yangi foydalanuvchi: WVMN (ID: 5298159692)
2026-05-08 22:28:36,462 - httpx - INFO - HTTP Request: POST https://api.telegram.org/bot8007572675:AAEpXtwxgLBvJp6jkjqAYrs2SvDiYpUwT5M/sendMessage "HTTP/1.1 200 OK"
2026-05-08 22:28:36,748 - httpx - INFO - HTTP Request: POST https://api.telegram.org/bot8007572675:AAEpXtwxgLBvJp6jkjqAYrs2SvDiYpUwT5M/sendMessage "HTTP/1.1 200 OK"
2026-05-08 22:28:37,084 - httpx - INFO - HTTP Request: POST https://api.telegram.org/bot8007572675:AAEpXtwxgLBvJp6jkjqAYrs2SvDiYpUwT5M/sendVideo "HTTP/1.1 400 Bad Request"
2026-05-08 22:28:37,086 - __main__ - WARNING - Video sifatida yuborib bo'lmadi: Wrong type of the web page content
2026-05-08 22:28:37,086 - __main__ - INFO - Yangi foydalanuvchi: WVMN (ID: 5298159692)
2026-05-08 22:28:37,398 - httpx - INFO - HTTP Request: POST https://api.telegram.org/bot8007572675:AAEpXtwxgLBvJp6jkjqAYrs2SvDiYpUwT5M/sendMessage "HTTP/1.1 200 OK"
2026-05-08 22:28:37,636 - httpx - INFO - HTTP Request: POST https://api.telegram.org/bot8007572675:AAEpXtwxgLBvJp6jkjqAYrs2SvDiYpUwT5M/sendMessage "HTTP/1.1 200 OK"
2026-05-08 22:28:37,916 - httpx - INFO - HTTP Request: POST https://api.telegram.org/bot8007572675:AAEpXtwxgLBvJp6jkjqAYrs2SvDiYpUwT5M/sendVideo "HTTP/1.1 400 Bad Request"
2026-05-08 22:28:37,919 - __main__ - WARNING - Video sifatida yuborib bo'lmadi: Wrong type of the web page content
2026-05-08 22:28:37,919 - __main__ - INFO - Yangi foydalanuvchi: WVMN (ID: 5298159692)
2026-05-08 22:28:38,175 - httpx - INFO - HTTP Request: POST https://api.telegram.org/bot8007572675:AAEpXtwxgLBvJp6jkjqAYrs2SvDiYpUwT5M/sendMessage "HTTP/1.1 200 OK"
2026-05-08 22:28:38,538 - httpx - INFO - HTTP Request: POST https://api.telegram.org/bot8007572675:AAEpXtwxgLBvJp6jkjqAYrs2SvDiYpUwT5M/sendMessage "HTTP/1.1 200 OK"
2026-05-08 22:28:38,832 - httpx - INFO - HTTP Request: POST https://api.telegram.org/bot8007572675:AAEpXtwxgLBvJp6jkjqAYrs2SvDiYpUwT5M/sendVideo "HTTP/1.1 400 Bad Request"
2026-05-08 22:28:38,834 - __main__ - WARNING - Video sifatida yuborib bo'lmadi: Wrong type of the web page content
2026-05-08 22:28:38,835 - __main__ - INFO - Yangi foydalanuvchi: WVMN (ID: 5298159692)
2026-05-08 22:28:39,116 - httpx - INFO - HTTP Request: POST https://api.telegram.org/bot8007572675:AAEpXtwxgLBvJp6jkjqAYrs2SvDiYpUwT5M/sendMessage "HTTP/1.1 200 OK"
2026-05-08 22:28:39,439 - httpx - INFO - HTTP Request: POST https://api.telegram.org/bot8007572675:AAEpXtwxgLBvJp6jkjqAYrs2SvDiYpUwT5M/sendMessage "HTTP/1.1 200 OK"
2026-05-08 22:28:39,789 - httpx - INFO - HTTP Request: POST https://api.telegram.org/bot8007572675:AAEpXtwxgLBvJp6jkjqAYrs2SvDiYpUwT5M/sendVideo "HTTP/1.1 400 Bad Request"
2026-05-08 22:28:39,790 - __main__ - WARNING - Video sifatida yuborib bo'lmadi: Wrong type of the web page content
2026-05-08 22:28:39,790 - __main__ - INFO - Yangi foydalanuvchi: WVMN (ID: 5298159692)
2026-05-08 22:28:40,055 - httpx - INFO - HTTP Request: POST https://api.telegram.org/bot8007572675:AAEpXtwxgLBvJp6jkjqAYrs2SvDiYpUwT5M/sendMessage "HTTP/1.1 200 OK"
2026-05-08 22:28:40,339 - httpx - INFO - HTTP Request: POST https://api.telegram.org/bot8007572675:AAEpXtwxgLBvJp6jkjqAYrs2SvDiYpUwT5M/sendMessage "HTTP/1.1 200 OK"
2026-05-08 22:28:40,616 - httpx - INFO - HTTP Request: POST https://api.telegram.org/bot8007572675:AAEpXtwxgLBvJp6jkjqAYrs2SvDiYpUwT5M/sendVideo "HTTP/1.1 400 Bad Request"
2026-05-08 22:28:40,617 - __main__ - WARNING - Video sifatida yuborib bo'lmadi: Wrong type of the web page content
2026-05-08 22:28:40,617 - __main__ - INFO - Yangi foydalanuvchi: WVMN (ID: 5298159692)
2026-05-08 22:28:41,080 - httpx - INFO - HTTP Request: POST https://api.telegram.org/bot8007572675:AAEpXtwxgLBvJp6jkjqAYrs2SvDiYpUwT5M/sendMessage "HTTP/1.1 200 OK"
2026-05-08 22:28:41,516 - httpx - INFO - HTTP Request: POST https://api.telegram.org/bot8007572675:AAEpXtwxgLBvJp6jkjqAYrs2SvDiYpUwT5M/sendMessage "HTTP/1.1 200 OK"
2026-05-08 22:28:41,816 - httpx - INFO - HTTP Request: POST https://api.telegram.org/bot8007572675:AAEpXtwxgLBvJp6jkjqAYrs2SvDiYpUwT5M/sendVideo "HTTP/1.1 400 Bad Request"
2026-05-08 22:28:41,817 - __main__ - WARNING - Video sifatida yuborib bo'lmadi: Wrong type of the web page content
2026-05-08 22:28:44,062 - httpx - INFO - HTTP Request: POST https://api.telegram.org/bot8007572675:AAEpXtwxgLBvJp6jkjqAYrs2SvDiYpUwT5M/getUpdates "HTTP/1.1 200 OK"
2026-05-08 22:28:54,417 - httpx - INFO - HTTP Request: POST https://api.telegram.org/bot8007572675:AAEpXtwxgLBvJp6jkjqAYrs2SvDiYpUwT5M/getUpdates "HTTP/1.1 200 OK"
2026-05-08 22:29:04,742 - httpx - INFO - HTTP Request: POST https://api.telegram.org/bot8007572675:AAEpXtwxgLBvJp6jkjqAYrs2SvDiYpUwT5M/getUpdates "HTTP/1.1 200 OK"
2026-05-08 22:29:05,562 - httpx - INFO - HTTP Request: POST https://api.telegram.org/bot8007572675:AAEpXtwxgLBvJp6jkjqAYrs2SvDiYpUwT5M/getUpdates "HTTP/1.1 200 OK"
2026-05-08 22:29:05,564 - __main__ - INFO - Yangi foydalanuvchi: WVMN (ID: 5298159692)
2026-05-08 22:29:06,691 - httpx - INFO - HTTP Request: POST https://api.telegram.org/bot8007572675:AAEpXtwxgLBvJp6jkjqAYrs2SvDiYpUwT5M/sendMessage "HTTP/1.1 200 OK"
2026-05-08 22:29:07,553 - httpx - INFO - HTTP Request: POST https://api.telegram.org/bot8007572675:AAEpXtwxgLBvJp6jkjqAYrs2SvDiYpUwT5M/sendMessage "HTTP/1.1 200 OK"
2026-05-08 22:29:07,811 - httpx - INFO - HTTP Request: POST https://api.telegram.org/bot8007572675:AAEpXtwxgLBvJp6jkjqAYrs2SvDiYpUwT5M/sendVideo "HTTP/1.1 400 Bad Request"
2026-05-08 22:29:07,812 - __main__ - WARNING - Video sifatida yuborib bo'lmadi: Wrong type of the web page content
2026-05-08 22:29:15,897 - httpx - INFO - HTTP Request: POST https://api.telegram.org/bot8007572675:AAEpXtwxgLBvJp6jkjqAYrs2SvDiYpUwT5M/getUpdates "HTTP/1.1 200 OK"
2026-05-08 22:29:26,628 - httpx - INFO - HTTP Request: POST https://api.telegram.org/bot8007572675:AAEpXtwxgLBvJp6jkjqAYrs2SvDiYpUwT5M/getUpdates "HTTP/1.1 200 OK"
2026-05-08 22:29:36,907 - httpx - INFO - HTTP Request: POST https://api.telegram.org/bot8007572675:AAEpXtwxgLBvJp6jkjqAYrs2SvDiYpUwT5M/getUpdates "HTTP/1.1 200 OK"
2026-05-08 22:29:47,232 - httpx - INFO - HTTP Request: POST https://api.telegram.org/bot8007572675:AAEpXtwxgLBvJp6jkjqAYrs2SvDiYpUwT5M/getUpdates "HTTP/1.1 200 OK"
2026-05-08 22:29:58,590 - httpx - INFO - HTTP Request: POST https://api.telegram.org/bot8007572675:AAEpXtwxgLBvJp6jkjqAYrs2SvDiYpUwT5M/getUpdates "HTTP/1.1 200 OK"
2026-05-08 22:30:09,143 - httpx - INFO - HTTP Request: POST https://api.telegram.org/bot8007572675:AAEpXtwxgLBvJp6jkjqAYrs2SvDiYpUwT5M/getUpdates "HTTP/1.1 200 OK"
2026-05-08 22:30:19,497 - httpx - INFO - HTTP Request: POST https://api.telegram.org/bot8007572675:AAEpXtwxgLBvJp6jkjqAYrs2SvDiYpUwT5M/getUpdates "HTTP/1.1 200 OK"
2026-05-08 22:30:29,829 - httpx - INFO - HTTP Request: POST https://api.telegram.org/bot8007572675:AAEpXtwxgLBvJp6jkjqAYrs2SvDiYpUwT5M/getUpdates "HTTP/1.1 200 OK"
2026-05-08 22:30:40,177 - httpx - INFO - HTTP Request: POST https://api.telegram.org/bot8007572675:AAEpXtwxgLBvJp6jkjqAYrs2SvDiYpUwT5M/getUpdates "HTTP/1.1 200 OK"
2026-05-08 22:30:50,412 - httpx - INFO - HTTP Request: POST https://api.telegram.org/bot8007572675:AAEpXtwxgLBvJp6jkjqAYrs2SvDiYpUwT5M/getUpdates "HTTP/1.1 200 OK"
2026-05-08 22:31:00,776 - httpx - INFO - HTTP Request: POST https://api.telegram.org/bot8007572675:AAEpXtwxgLBvJp6jkjqAYrs2SvDiYpUwT5M/getUpdates "HTTP/1.1 200 OK"
2026-05-08 22:31:17,206 - apscheduler.scheduler - INFO - Adding job tentatively -- it will be properly scheduled when the scheduler starts
2026-05-08 22:31:17,207 - __main__ - INFO - Bot ishga tushdi! Ovozli xabar har kuni soat 09:00 da yuboriladi (Toshkent vaqti).
2026-05-08 22:31:19,445 - httpx - INFO - HTTP Request: POST https://api.telegram.org/bot8007572675:AAEpXtwxgLBvJp6jkjqAYrs2SvDiYpUwT5M/getMe "HTTP/1.1 200 OK"
2026-05-08 22:31:19,679 - httpx - INFO - HTTP Request: POST https://api.telegram.org/bot8007572675:AAEpXtwxgLBvJp6jkjqAYrs2SvDiYpUwT5M/deleteWebhook "HTTP/1.1 200 OK"
2026-05-08 22:31:19,682 - apscheduler.scheduler - INFO - Added job "daily_voice_message" to job store "default"
2026-05-08 22:31:19,683 - apscheduler.scheduler - INFO - Scheduler started
2026-05-08 22:31:19,684 - telegram.ext.Application - INFO - Application started
2026-05-08 22:31:25,827 - httpx - INFO - HTTP Request: POST https://api.telegram.org/bot8007572675:AAEpXtwxgLBvJp6jkjqAYrs2SvDiYpUwT5M/getUpdates "HTTP/1.1 200 OK"
2026-05-08 22:31:25,831 - __main__ - INFO - Yangi foydalanuvchi: WVMN (ID: 5298159692)
2026-05-08 22:31:26,969 - httpx - INFO - HTTP Request: POST https://api.telegram.org/bot8007572675:AAEpXtwxgLBvJp6jkjqAYrs2SvDiYpUwT5M/sendMessage "HTTP/1.1 200 OK"
2026-05-08 22:31:27,269 - httpx - INFO - HTTP Request: POST https://api.telegram.org/bot8007572675:AAEpXtwxgLBvJp6jkjqAYrs2SvDiYpUwT5M/sendMessage "HTTP/1.1 200 OK"
2026-05-08 22:31:27,475 - httpx - INFO - HTTP Request: POST https://api.telegram.org/bot8007572675:AAEpXtwxgLBvJp6jkjqAYrs2SvDiYpUwT5M/sendVideo "HTTP/1.1 400 Bad Request"
2026-05-08 22:31:27,477 - __main__ - WARNING - Video sifatida yuborib bo'lmadi: Wrong type of the web page content
2026-05-08 22:31:36,281 - httpx - INFO - HTTP Request: POST https://api.telegram.org/bot8007572675:AAEpXtwxgLBvJp6jkjqAYrs2SvDiYpUwT5M/getUpdates "HTTP/1.1 200 OK"
2026-05-08 22:31:46,520 - httpx - INFO - HTTP Request: POST https://api.telegram.org/bot8007572675:AAEpXtwxgLBvJp6jkjqAYrs2SvDiYpUwT5M/getUpdates "HTTP/1.1 200 OK"
2026-05-08 22:31:56,803 - httpx - INFO - HTTP Request: POST https://api.telegram.org/bot8007572675:AAEpXtwxgLBvJp6jkjqAYrs2SvDiYpUwT5M/getUpdates "HTTP/1.1 200 OK"
2026-05-08 22:32:07,321 - httpx - INFO - HTTP Request: POST https://api.telegram.org/bot8007572675:AAEpXtwxgLBvJp6jkjqAYrs2SvDiYpUwT5M/getUpdates "HTTP/1.1 200 OK"
2026-05-08 22:32:17,655 - httpx - INFO - HTTP Request: POST https://api.telegram.org/bot8007572675:AAEpXtwxgLBvJp6jkjqAYrs2SvDiYpUwT5M/getUpdates "HTTP/1.1 200 OK"
2026-05-08 22:32:27,934 - httpx - INFO - HTTP Request: POST https://api.telegram.org/bot8007572675:AAEpXtwxgLBvJp6jkjqAYrs2SvDiYpUwT5M/getUpdates "HTTP/1.1 200 OK"
2026-05-08 22:32:38,186 - httpx - INFO - HTTP Request: POST https://api.telegram.org/bot8007572675:AAEpXtwxgLBvJp6jkjqAYrs2SvDiYpUwT5M/getUpdates "HTTP/1.1 200 OK"
2026-05-08 22:32:48,481 - httpx - INFO - HTTP Request: POST https://api.telegram.org/bot8007572675:AAEpXtwxgLBvJp6jkjqAYrs2SvDiYpUwT5M/getUpdates "HTTP/1.1 200 OK"
2026-05-08 22:32:58,726 - httpx - INFO - HTTP Request: POST https://api.telegram.org/bot8007572675:AAEpXtwxgLBvJp6jkjqAYrs2SvDiYpUwT5M/getUpdates "HTTP/1.1 200 OK"
2026-05-08 22:33:09,066 - httpx - INFO - HTTP Request: POST https://api.telegram.org/bot8007572675:AAEpXtwxgLBvJp6jkjqAYrs2SvDiYpUwT5M/getUpdates "HTTP/1.1 200 OK"
2026-05-08 22:33:19,396 - httpx - INFO - HTTP Request: POST https://api.telegram.org/bot8007572675:AAEpXtwxgLBvJp6jkjqAYrs2SvDiYpUwT5M/getUpdates "HTTP/1.1 200 OK"
2026-05-08 22:33:29,753 - httpx - INFO - HTTP Request: POST https://api.telegram.org/bot8007572675:AAEpXtwxgLBvJp6jkjqAYrs2SvDiYpUwT5M/getUpdates "HTTP/1.1 200 OK"
2026-05-08 22:33:40,056 - httpx - INFO - HTTP Request: POST https://api.telegram.org/bot8007572675:AAEpXtwxgLBvJp6jkjqAYrs2SvDiYpUwT5M/getUpdates "HTTP/1.1 200 OK"
2026-05-08 22:33:50,339 - httpx - INFO - HTTP Request: POST https://api.telegram.org/bot8007572675:AAEpXtwxgLBvJp6jkjqAYrs2SvDiYpUwT5M/getUpdates "HTTP/1.1 200 OK"
2026-05-08 22:34:00,596 - httpx - INFO - HTTP Request: POST https://api.telegram.org/bot8007572675:AAEpXtwxgLBvJp6jkjqAYrs2SvDiYpUwT5M/getUpdates "HTTP/1.1 200 OK"
2026-05-08 22:34:10,831 - httpx - INFO - HTTP Request: POST https://api.telegram.org/bot8007572675:AAEpXtwxgLBvJp6jkjqAYrs2SvDiYpUwT5M/getUpdates "HTTP/1.1 200 OK"
2026-05-08 22:34:21,082 - httpx - INFO - HTTP Request: POST https://api.telegram.org/bot8007572675:AAEpXtwxgLBvJp6jkjqAYrs2SvDiYpUwT5M/getUpdates "HTTP/1.1 200 OK"
2026-05-08 22:34:31,383 - httpx - INFO - HTTP Request: POST https://api.telegram.org/bot8007572675:AAEpXtwxgLBvJp6jkjqAYrs2SvDiYpUwT5M/getUpdates "HTTP/1.1 200 OK"
2026-05-08 22:34:41,665 - httpx - INFO - HTTP Request: POST https://api.telegram.org/bot8007572675:AAEpXtwxgLBvJp6jkjqAYrs2SvDiYpUwT5M/getUpdates "HTTP/1.1 200 OK"
2026-05-08 22:34:51,910 - httpx - INFO - HTTP Request: POST https://api.telegram.org/bot8007572675:AAEpXtwxgLBvJp6jkjqAYrs2SvDiYpUwT5M/getUpdates "HTTP/1.1 200 OK"
2026-05-08 22:35:02,141 - httpx - INFO - HTTP Request: POST https://api.telegram.org/bot8007572675:AAEpXtwxgLBvJp6jkjqAYrs2SvDiYpUwT5M/getUpdates "HTTP/1.1 200 OK"
2026-05-08 22:35:12,560 - httpx - INFO - HTTP Request: POST https://api.telegram.org/bot8007572675:AAEpXtwxgLBvJp6jkjqAYrs2SvDiYpUwT5M/getUpdates "HTTP/1.1 200 OK"
2026-05-08 22:35:22,834 - httpx - INFO - HTTP Request: POST https://api.telegram.org/bot8007572675:AAEpXtwxgLBvJp6jkjqAYrs2SvDiYpUwT5M/getUpdates "HTTP/1.1 200 OK"
2026-05-08 22:35:33,090 - httpx - INFO - HTTP Request: POST https://api.telegram.org/bot8007572675:AAEpXtwxgLBvJp6jkjqAYrs2SvDiYpUwT5M/getUpdates "HTTP/1.1 200 OK"
2026-05-08 22:35:43,384 - httpx - INFO - HTTP Request: POST https://api.telegram.org/bot8007572675:AAEpXtwxgLBvJp6jkjqAYrs2SvDiYpUwT5M/getUpdates "HTTP/1.1 200 OK"
2026-05-08 22:35:53,740 - httpx - INFO - HTTP Request: POST https://api.telegram.org/bot8007572675:AAEpXtwxgLBvJp6jkjqAYrs2SvDiYpUwT5M/getUpdates "HTTP/1.1 200 OK"
2026-05-08 22:36:04,010 - httpx - INFO - HTTP Request: POST https://api.telegram.org/bot8007572675:AAEpXtwxgLBvJp6jkjqAYrs2SvDiYpUwT5M/getUpdates "HTTP/1.1 200 OK"
2026-05-08 22:36:14,278 - httpx - INFO - HTTP Request: POST https://api.telegram.org/bot8007572675:AAEpXtwxgLBvJp6jkjqAYrs2SvDiYpUwT5M/getUpdates "HTTP/1.1 200 OK"
2026-05-08 22:36:24,513 - httpx - INFO - HTTP Request: POST https://api.telegram.org/bot8007572675:AAEpXtwxgLBvJp6jkjqAYrs2SvDiYpUwT5M/getUpdates "HTTP/1.1 200 OK"
2026-05-08 22:36:34,890 - httpx - INFO - HTTP Request: POST https://api.telegram.org/bot8007572675:AAEpXtwxgLBvJp6jkjqAYrs2SvDiYpUwT5M/getUpdates "HTTP/1.1 200 OK"
2026-05-08 22:36:45,745 - httpx - INFO - HTTP Request: POST https://api.telegram.org/bot8007572675:AAEpXtwxgLBvJp6jkjqAYrs2SvDiYpUwT5M/getUpdates "HTTP/1.1 200 OK"
2026-05-08 22:36:57,040 - httpx - INFO - HTTP Request: POST https://api.telegram.org/bot8007572675:AAEpXtwxgLBvJp6jkjqAYrs2SvDiYpUwT5M/getUpdates "HTTP/1.1 200 OK"
2026-05-08 22:37:07,341 - httpx - INFO - HTTP Request: POST https://api.telegram.org/bot8007572675:AAEpXtwxgLBvJp6jkjqAYrs2SvDiYpUwT5M/getUpdates "HTTP/1.1 200 OK"
2026-05-08 22:37:18,162 - httpx - INFO - HTTP Request: POST https://api.telegram.org/bot8007572675:AAEpXtwxgLBvJp6jkjqAYrs2SvDiYpUwT5M/getUpdates "HTTP/1.1 200 OK"
2026-05-08 22:37:28,399 - httpx - INFO - HTTP Request: POST https://api.telegram.org/bot8007572675:AAEpXtwxgLBvJp6jkjqAYrs2SvDiYpUwT5M/getUpdates "HTTP/1.1 200 OK"
2026-05-08 22:37:38,751 - httpx - INFO - HTTP Request: POST https://api.telegram.org/bot8007572675:AAEpXtwxgLBvJp6jkjqAYrs2SvDiYpUwT5M/getUpdates "HTTP/1.1 200 OK"
2026-05-08 22:37:49,025 - httpx - INFO - HTTP Request: POST https://api.telegram.org/bot8007572675:AAEpXtwxgLBvJp6jkjqAYrs2SvDiYpUwT5M/getUpdates "HTTP/1.1 200 OK"
2026-05-08 22:37:59,364 - httpx - INFO - HTTP Request: POST https://api.telegram.org/bot8007572675:AAEpXtwxgLBvJp6jkjqAYrs2SvDiYpUwT5M/getUpdates "HTTP/1.1 200 OK"
2026-05-08 22:38:09,638 - httpx - INFO - HTTP Request: POST https://api.telegram.org/bot8007572675:AAEpXtwxgLBvJp6jkjqAYrs2SvDiYpUwT5M/getUpdates "HTTP/1.1 200 OK"
2026-05-08 22:38:19,947 - httpx - INFO - HTTP Request: POST https://api.telegram.org/bot8007572675:AAEpXtwxgLBvJp6jkjqAYrs2SvDiYpUwT5M/getUpdates "HTTP/1.1 200 OK"
2026-05-08 22:38:30,801 - httpx - INFO - HTTP Request: POST https://api.telegram.org/bot8007572675:AAEpXtwxgLBvJp6jkjqAYrs2SvDiYpUwT5M/getUpdates "HTTP/1.1 200 OK"
2026-05-08 22:38:41,250 - httpx - INFO - HTTP Request: POST https://api.telegram.org/bot8007572675:AAEpXtwxgLBvJp6jkjqAYrs2SvDiYpUwT5M/getUpdates "HTTP/1.1 200 OK"
2026-05-08 22:38:51,589 - httpx - INFO - HTTP Request: POST https://api.telegram.org/bot8007572675:AAEpXtwxgLBvJp6jkjqAYrs2SvDiYpUwT5M/getUpdates "HTTP/1.1 200 OK"
2026-05-08 22:39:02,550 - httpx - INFO - HTTP Request: POST https://api.telegram.org/bot8007572675:AAEpXtwxgLBvJp6jkjqAYrs2SvDiYpUwT5M/getUpdates "HTTP/1.1 200 OK"
2026-05-08 22:39:12,812 - httpx - INFO - HTTP Request: POST https://api.telegram.org/bot8007572675:AAEpXtwxgLBvJp6jkjqAYrs2SvDiYpUwT5M/getUpdates "HTTP/1.1 200 OK"
2026-05-08 22:39:23,231 - httpx - INFO - HTTP Request: POST https://api.telegram.org/bot8007572675:AAEpXtwxgLBvJp6jkjqAYrs2SvDiYpUwT5M/getUpdates "HTTP/1.1 200 OK"
2026-05-08 22:39:33,534 - httpx - INFO - HTTP Request: POST https://api.telegram.org/bot8007572675:AAEpXtwxgLBvJp6jkjqAYrs2SvDiYpUwT5M/getUpdates "HTTP/1.1 200 OK"
2026-05-08 22:39:43,742 - httpx - INFO - HTTP Request: POST https://api.telegram.org/bot8007572675:AAEpXtwxgLBvJp6jkjqAYrs2SvDiYpUwT5M/getUpdates "HTTP/1.1 200 OK"
2026-05-08 22:39:53,953 - httpx - INFO - HTTP Request: POST https://api.telegram.org/bot8007572675:AAEpXtwxgLBvJp6jkjqAYrs2SvDiYpUwT5M/getUpdates "HTTP/1.1 200 OK"
2026-05-08 22:40:04,189 - httpx - INFO - HTTP Request: POST https://api.telegram.org/bot8007572675:AAEpXtwxgLBvJp6jkjqAYrs2SvDiYpUwT5M/getUpdates "HTTP/1.1 200 OK"
2026-05-08 22:40:15,144 - httpx - INFO - HTTP Request: POST https://api.telegram.org/bot8007572675:AAEpXtwxgLBvJp6jkjqAYrs2SvDiYpUwT5M/getUpdates "HTTP/1.1 200 OK"
2026-05-08 22:40:25,358 - httpx - INFO - HTTP Request: POST https://api.telegram.org/bot8007572675:AAEpXtwxgLBvJp6jkjqAYrs2SvDiYpUwT5M/getUpdates "HTTP/1.1 200 OK"
2026-05-08 22:40:35,624 - httpx - INFO - HTTP Request: POST https://api.telegram.org/bot8007572675:AAEpXtwxgLBvJp6jkjqAYrs2SvDiYpUwT5M/getUpdates "HTTP/1.1 200 OK"
2026-05-08 22:40:45,937 - httpx - INFO - HTTP Request: POST https://api.telegram.org/bot8007572675:AAEpXtwxgLBvJp6jkjqAYrs2SvDiYpUwT5M/getUpdates "HTTP/1.1 200 OK"
2026-05-08 22:40:56,206 - httpx - INFO - HTTP Request: POST https://api.telegram.org/bot8007572675:AAEpXtwxgLBvJp6jkjqAYrs2SvDiYpUwT5M/getUpdates "HTTP/1.1 200 OK"
2026-05-08 22:41:06,564 - httpx - INFO - HTTP Request: POST https://api.telegram.org/bot8007572675:AAEpXtwxgLBvJp6jkjqAYrs2SvDiYpUwT5M/getUpdates "HTTP/1.1 200 OK"
2026-05-08 22:41:16,837 - httpx - INFO - HTTP Request: POST https://api.telegram.org/bot8007572675:AAEpXtwxgLBvJp6jkjqAYrs2SvDiYpUwT5M/getUpdates "HTTP/1.1 200 OK"
2026-05-08 22:41:27,071 - httpx - INFO - HTTP Request: POST https://api.telegram.org/bot8007572675:AAEpXtwxgLBvJp6jkjqAYrs2SvDiYpUwT5M/getUpdates "HTTP/1.1 200 OK"
2026-05-08 22:41:37,340 - httpx - INFO - HTTP Request: POST https://api.telegram.org/bot8007572675:AAEpXtwxgLBvJp6jkjqAYrs2SvDiYpUwT5M/getUpdates "HTTP/1.1 200 OK"
2026-05-08 22:41:47,566 - httpx - INFO - HTTP Request: POST https://api.telegram.org/bot8007572675:AAEpXtwxgLBvJp6jkjqAYrs2SvDiYpUwT5M/getUpdates "HTTP/1.1 200 OK"
2026-05-08 22:41:57,846 - httpx - INFO - HTTP Request: POST https://api.telegram.org/bot8007572675:AAEpXtwxgLBvJp6jkjqAYrs2SvDiYpUwT5M/getUpdates "HTTP/1.1 200 OK"
2026-05-08 22:42:08,089 - httpx - INFO - HTTP Request: POST https://api.telegram.org/bot8007572675:AAEpXtwxgLBvJp6jkjqAYrs2SvDiYpUwT5M/getUpdates "HTTP/1.1 200 OK"
2026-05-08 22:42:18,336 - httpx - INFO - HTTP Request: POST https://api.telegram.org/bot8007572675:AAEpXtwxgLBvJp6jkjqAYrs2SvDiYpUwT5M/getUpdates "HTTP/1.1 200 OK"
2026-05-08 22:42:28,613 - httpx - INFO - HTTP Request: POST https://api.telegram.org/bot8007572675:AAEpXtwxgLBvJp6jkjqAYrs2SvDiYpUwT5M/getUpdates "HTTP/1.1 200 OK"
2026-05-08 22:42:38,915 - httpx - INFO - HTTP Request: POST https://api.telegram.org/bot8007572675:AAEpXtwxgLBvJp6jkjqAYrs2SvDiYpUwT5M/getUpdates "HTTP/1.1 200 OK"
2026-05-08 22:42:49,188 - httpx - INFO - HTTP Request: POST https://api.telegram.org/bot8007572675:AAEpXtwxgLBvJp6jkjqAYrs2SvDiYpUwT5M/getUpdates "HTTP/1.1 200 OK"
2026-05-08 22:42:59,435 - httpx - INFO - HTTP Request: POST https://api.telegram.org/bot8007572675:AAEpXtwxgLBvJp6jkjqAYrs2SvDiYpUwT5M/getUpdates "HTTP/1.1 200 OK"
2026-05-08 22:43:09,739 - httpx - INFO - HTTP Request: POST https://api.telegram.org/bot8007572675:AAEpXtwxgLBvJp6jkjqAYrs2SvDiYpUwT5M/getUpdates "HTTP/1.1 200 OK"
2026-05-08 22:43:19,987 - httpx - INFO - HTTP Request: POST https://api.telegram.org/bot8007572675:AAEpXtwxgLBvJp6jkjqAYrs2SvDiYpUwT5M/getUpdates "HTTP/1.1 200 OK"
2026-05-08 22:43:30,336 - httpx - INFO - HTTP Request: POST https://api.telegram.org/bot8007572675:AAEpXtwxgLBvJp6jkjqAYrs2SvDiYpUwT5M/getUpdates "HTTP/1.1 200 OK"
2026-05-08 22:43:40,657 - httpx - INFO - HTTP Request: POST https://api.telegram.org/bot8007572675:AAEpXtwxgLBvJp6jkjqAYrs2SvDiYpUwT5M/getUpdates "HTTP/1.1 200 OK"
2026-05-08 22:43:50,910 - httpx - INFO - HTTP Request: POST https://api.telegram.org/bot8007572675:AAEpXtwxgLBvJp6jkjqAYrs2SvDiYpUwT5M/getUpdates "HTTP/1.1 200 OK"
2026-05-08 22:44:01,350 - httpx - INFO - HTTP Request: POST https://api.telegram.org/bot8007572675:AAEpXtwxgLBvJp6jkjqAYrs2SvDiYpUwT5M/getUpdates "HTTP/1.1 200 OK"
2026-05-08 22:44:11,692 - httpx - INFO - HTTP Request: POST https://api.telegram.org/bot8007572675:AAEpXtwxgLBvJp6jkjqAYrs2SvDiYpUwT5M/getUpdates "HTTP/1.1 200 OK"
2026-05-08 22:44:21,936 - httpx - INFO - HTTP Request: POST https://api.telegram.org/bot8007572675:AAEpXtwxgLBvJp6jkjqAYrs2SvDiYpUwT5M/getUpdates "HTTP/1.1 200 OK"
2026-05-08 22:44:32,181 - httpx - INFO - HTTP Request: POST https://api.telegram.org/bot8007572675:AAEpXtwxgLBvJp6jkjqAYrs2SvDiYpUwT5M/getUpdates "HTTP/1.1 200 OK"
2026-05-08 22:44:42,444 - httpx - INFO - HTTP Request: POST https://api.telegram.org/bot8007572675:AAEpXtwxgLBvJp6jkjqAYrs2SvDiYpUwT5M/getUpdates "HTTP/1.1 200 OK"
2026-05-08 22:44:52,940 - httpx - INFO - HTTP Request: POST https://api.telegram.org/bot8007572675:AAEpXtwxgLBvJp6jkjqAYrs2SvDiYpUwT5M/getUpdates "HTTP/1.1 200 OK"
2026-05-08 22:45:03,291 - httpx - INFO - HTTP Request: POST https://api.telegram.org/bot8007572675:AAEpXtwxgLBvJp6jkjqAYrs2SvDiYpUwT5M/getUpdates "HTTP/1.1 200 OK"
2026-05-08 22:45:13,638 - httpx - INFO - HTTP Request: POST https://api.telegram.org/bot8007572675:AAEpXtwxgLBvJp6jkjqAYrs2SvDiYpUwT5M/getUpdates "HTTP/1.1 200 OK"
2026-05-08 22:45:24,691 - httpx - INFO - HTTP Request: POST https://api.telegram.org/bot8007572675:AAEpXtwxgLBvJp6jkjqAYrs2SvDiYpUwT5M/getUpdates "HTTP/1.1 200 OK"
2026-05-08 22:45:35,003 - httpx - INFO - HTTP Request: POST https://api.telegram.org/bot8007572675:AAEpXtwxgLBvJp6jkjqAYrs2SvDiYpUwT5M/getUpdates "HTTP/1.1 200 OK"
2026-05-08 22:45:45,274 - httpx - INFO - HTTP Request: POST https://api.telegram.org/bot8007572675:AAEpXtwxgLBvJp6jkjqAYrs2SvDiYpUwT5M/getUpdates "HTTP/1.1 200 OK"
2026-05-08 22:45:55,534 - httpx - INFO - HTTP Request: POST https://api.telegram.org/bot8007572675:AAEpXtwxgLBvJp6jkjqAYrs2SvDiYpUwT5M/getUpdates "HTTP/1.1 200 OK"
2026-05-08 22:46:05,777 - httpx - INFO - HTTP Request: POST https://api.telegram.org/bot8007572675:AAEpXtwxgLBvJp6jkjqAYrs2SvDiYpUwT5M/getUpdates "HTTP/1.1 200 OK"
2026-05-08 22:46:16,007 - httpx - INFO - HTTP Request: POST https://api.telegram.org/bot8007572675:AAEpXtwxgLBvJp6jkjqAYrs2SvDiYpUwT5M/getUpdates "HTTP/1.1 200 OK"
2026-05-08 22:46:26,347 - httpx - INFO - HTTP Request: POST https://api.telegram.org/bot8007572675:AAEpXtwxgLBvJp6jkjqAYrs2SvDiYpUwT5M/getUpdates "HTTP/1.1 200 OK"
2026-05-08 22:46:36,692 - httpx - INFO - HTTP Request: POST https://api.telegram.org/bot8007572675:AAEpXtwxgLBvJp6jkjqAYrs2SvDiYpUwT5M/getUpdates "HTTP/1.1 200 OK"
2026-05-08 22:46:47,020 - httpx - INFO - HTTP Request: POST https://api.telegram.org/bot8007572675:AAEpXtwxgLBvJp6jkjqAYrs2SvDiYpUwT5M/getUpdates "HTTP/1.1 200 OK"
2026-05-08 22:46:57,886 - httpx - INFO - HTTP Request: POST https://api.telegram.org/bot8007572675:AAEpXtwxgLBvJp6jkjqAYrs2SvDiYpUwT5M/getUpdates "HTTP/1.1 200 OK"
2026-05-08 22:47:08,229 - httpx - INFO - HTTP Request: POST https://api.telegram.org/bot8007572675:AAEpXtwxgLBvJp6jkjqAYrs2SvDiYpUwT5M/getUpdates "HTTP/1.1 200 OK"
2026-05-08 22:47:18,469 - httpx - INFO - HTTP Request: POST https://api.telegram.org/bot8007572675:AAEpXtwxgLBvJp6jkjqAYrs2SvDiYpUwT5M/getUpdates "HTTP/1.1 200 OK"
2026-05-08 22:47:28,807 - httpx - INFO - HTTP Request: POST https://api.telegram.org/bot8007572675:AAEpXtwxgLBvJp6jkjqAYrs2SvDiYpUwT5M/getUpdates "HTTP/1.1 200 OK"
2026-05-08 22:47:39,032 - httpx - INFO - HTTP Request: POST https://api.telegram.org/bot8007572675:AAEpXtwxgLBvJp6jkjqAYrs2SvDiYpUwT5M/getUpdates "HTTP/1.1 200 OK"
2026-05-08 22:47:49,289 - httpx - INFO - HTTP Request: POST https://api.telegram.org/bot8007572675:AAEpXtwxgLBvJp6jkjqAYrs2SvDiYpUwT5M/getUpdates "HTTP/1.1 200 OK"
2026-05-08 22:47:59,629 - httpx - INFO - HTTP Request: POST https://api.telegram.org/bot8007572675:AAEpXtwxgLBvJp6jkjqAYrs2SvDiYpUwT5M/getUpdates "HTTP/1.1 200 OK"
2026-05-08 22:48:09,874 - httpx - INFO - HTTP Request: POST https://api.telegram.org/bot8007572675:AAEpXtwxgLBvJp6jkjqAYrs2SvDiYpUwT5M/getUpdates "HTTP/1.1 200 OK"
2026-05-08 22:48:20,627 - httpx - INFO - HTTP Request: POST https://api.telegram.org/bot8007572675:AAEpXtwxgLBvJp6jkjqAYrs2SvDiYpUwT5M/getUpdates "HTTP/1.1 200 OK"
2026-05-08 22:48:30,868 - httpx - INFO - HTTP Request: POST https://api.telegram.org/bot8007572675:AAEpXtwxgLBvJp6jkjqAYrs2SvDiYpUwT5M/getUpdates "HTTP/1.1 200 OK"
2026-05-08 22:48:52,785 - httpx - INFO - HTTP Request: POST https://api.telegram.org/bot8007572675:AAEpXtwxgLBvJp6jkjqAYrs2SvDiYpUwT5M/getUpdates "HTTP/1.1 200 OK"
2026-05-08 22:49:03,201 - httpx - INFO - HTTP Request: POST https://api.telegram.org/bot8007572675:AAEpXtwxgLBvJp6jkjqAYrs2SvDiYpUwT5M/getUpdates "HTTP/1.1 200 OK"
2026-05-08 22:49:13,556 - httpx - INFO - HTTP Request: POST https://api.telegram.org/bot8007572675:AAEpXtwxgLBvJp6jkjqAYrs2SvDiYpUwT5M/getUpdates "HTTP/1.1 200 OK"
2026-05-08 22:49:23,999 - httpx - INFO - HTTP Request: POST https://api.telegram.org/bot8007572675:AAEpXtwxgLBvJp6jkjqAYrs2SvDiYpUwT5M/getUpdates "HTTP/1.1 200 OK"
2026-05-08 22:49:34,251 - httpx - INFO - HTTP Request: POST https://api.telegram.org/bot8007572675:AAEpXtwxgLBvJp6jkjqAYrs2SvDiYpUwT5M/getUpdates "HTTP/1.1 200 OK"
2026-05-08 22:49:44,683 - httpx - INFO - HTTP Request: POST https://api.telegram.org/bot8007572675:AAEpXtwxgLBvJp6jkjqAYrs2SvDiYpUwT5M/getUpdates "HTTP/1.1 200 OK"
2026-05-08 22:49:55,039 - httpx - INFO - HTTP Request: POST https://api.telegram.org/bot8007572675:AAEpXtwxgLBvJp6jkjqAYrs2SvDiYpUwT5M/getUpdates "HTTP/1.1 200 OK"
2026-05-08 22:50:05,294 - httpx - INFO - HTTP Request: POST https://api.telegram.org/bot8007572675:AAEpXtwxgLBvJp6jkjqAYrs2SvDiYpUwT5M/getUpdates "HTTP/1.1 200 OK"
2026-05-08 22:50:15,615 - httpx - INFO - HTTP Request: POST https://api.telegram.org/bot8007572675:AAEpXtwxgLBvJp6jkjqAYrs2SvDiYpUwT5M/getUpdates "HTTP/1.1 200 OK"
2026-05-08 22:50:25,948 - httpx - INFO - HTTP Request: POST https://api.telegram.org/bot8007572675:AAEpXtwxgLBvJp6jkjqAYrs2SvDiYpUwT5M/getUpdates "HTTP/1.1 200 OK"
2026-05-08 22:50:36,192 - httpx - INFO - HTTP Request: POST https://api.telegram.org/bot8007572675:AAEpXtwxgLBvJp6jkjqAYrs2SvDiYpUwT5M/getUpdates "HTTP/1.1 200 OK"
2026-05-08 22:50:46,541 - httpx - INFO - HTTP Request: POST https://api.telegram.org/bot8007572675:AAEpXtwxgLBvJp6jkjqAYrs2SvDiYpUwT5M/getUpdates "HTTP/1.1 200 OK"
2026-05-08 22:50:57,605 - httpx - INFO - HTTP Request: POST https://api.telegram.org/bot8007572675:AAEpXtwxgLBvJp6jkjqAYrs2SvDiYpUwT5M/getUpdates "HTTP/1.1 200 OK"
2026-05-08 22:51:07,840 - httpx - INFO - HTTP Request: POST https://api.telegram.org/bot8007572675:AAEpXtwxgLBvJp6jkjqAYrs2SvDiYpUwT5M/getUpdates "HTTP/1.1 200 OK"
2026-05-08 22:51:18,076 - httpx - INFO - HTTP Request: POST https://api.telegram.org/bot8007572675:AAEpXtwxgLBvJp6jkjqAYrs2SvDiYpUwT5M/getUpdates "HTTP/1.1 200 OK"
2026-05-08 22:51:28,324 - httpx - INFO - HTTP Request: POST https://api.telegram.org/bot8007572675:AAEpXtwxgLBvJp6jkjqAYrs2SvDiYpUwT5M/getUpdates "HTTP/1.1 200 OK"
2026-05-08 22:51:38,554 - httpx - INFO - HTTP Request: POST https://api.telegram.org/bot8007572675:AAEpXtwxgLBvJp6jkjqAYrs2SvDiYpUwT5M/getUpdates "HTTP/1.1 200 OK"
2026-05-08 22:51:48,830 - httpx - INFO - HTTP Request: POST https://api.telegram.org/bot8007572675:AAEpXtwxgLBvJp6jkjqAYrs2SvDiYpUwT5M/getUpdates "HTTP/1.1 200 OK"
2026-05-08 22:51:59,071 - httpx - INFO - HTTP Request: POST https://api.telegram.org/bot8007572675:AAEpXtwxgLBvJp6jkjqAYrs2SvDiYpUwT5M/getUpdates "HTTP/1.1 200 OK"
2026-05-08 22:52:09,374 - httpx - INFO - HTTP Request: POST https://api.telegram.org/bot8007572675:AAEpXtwxgLBvJp6jkjqAYrs2SvDiYpUwT5M/getUpdates "HTTP/1.1 200 OK"
2026-05-08 22:52:19,723 - httpx - INFO - HTTP Request: POST https://api.telegram.org/bot8007572675:AAEpXtwxgLBvJp6jkjqAYrs2SvDiYpUwT5M/getUpdates "HTTP/1.1 200 OK"
2026-05-08 22:53:04,982 - apscheduler.scheduler - INFO - Adding job tentatively -- it will be properly scheduled when the scheduler starts
2026-05-08 22:53:04,982 - __main__ - INFO - Bot ishga tushdi! Kunlik ovozli xabar soat 09:00 da yuboriladi.
2026-05-08 22:53:06,090 - httpx - INFO - HTTP Request: POST https://api.telegram.org/bot8007572675:AAEpXtwxgLBvJp6jkjqAYrs2SvDiYpUwT5M/getMe "HTTP/1.1 200 OK"
2026-05-08 22:53:06,338 - httpx - INFO - HTTP Request: POST https://api.telegram.org/bot8007572675:AAEpXtwxgLBvJp6jkjqAYrs2SvDiYpUwT5M/deleteWebhook "HTTP/1.1 200 OK"
2026-05-08 22:53:06,342 - apscheduler.scheduler - INFO - Added job "daily_voice_message" to job store "default"
2026-05-08 22:53:06,342 - apscheduler.scheduler - INFO - Scheduler started
2026-05-08 22:53:06,343 - telegram.ext.Application - INFO - Application started
2026-05-08 22:53:16,649 - httpx - INFO - HTTP Request: POST https://api.telegram.org/bot8007572675:AAEpXtwxgLBvJp6jkjqAYrs2SvDiYpUwT5M/getUpdates "HTTP/1.1 200 OK"
2026-05-08 22:53:16,651 - __main__ - INFO - Yangi foydalanuvchi: WVMN (ID: 5298159692)
2026-05-08 22:53:17,378 - httpx - INFO - HTTP Request: POST https://api.telegram.org/bot8007572675:AAEpXtwxgLBvJp6jkjqAYrs2SvDiYpUwT5M/sendMessage "HTTP/1.1 200 OK"
2026-05-08 22:53:18,435 - httpx - INFO - HTTP Request: POST https://api.telegram.org/bot8007572675:AAEpXtwxgLBvJp6jkjqAYrs2SvDiYpUwT5M/sendMessage "HTTP/1.1 200 OK"
2026-05-08 22:53:18,452 - apscheduler.scheduler - INFO - Added job "delayed_5298159692" to job store "default"
2026-05-08 22:53:18,760 - httpx - INFO - HTTP Request: POST https://api.telegram.org/bot8007572675:AAEpXtwxgLBvJp6jkjqAYrs2SvDiYpUwT5M/sendMessage "HTTP/1.1 200 OK"
2026-05-08 22:53:26,893 - httpx - INFO - HTTP Request: POST https://api.telegram.org/bot8007572675:AAEpXtwxgLBvJp6jkjqAYrs2SvDiYpUwT5M/getUpdates "HTTP/1.1 200 OK"
2026-05-08 22:53:37,234 - httpx - INFO - HTTP Request: POST https://api.telegram.org/bot8007572675:AAEpXtwxgLBvJp6jkjqAYrs2SvDiYpUwT5M/getUpdates "HTTP/1.1 200 OK"
2026-05-08 22:53:47,676 - httpx - INFO - HTTP Request: POST https://api.telegram.org/bot8007572675:AAEpXtwxgLBvJp6jkjqAYrs2SvDiYpUwT5M/getUpdates "HTTP/1.1 200 OK"
2026-05-08 22:53:58,007 - httpx - INFO - HTTP Request: POST https://api.telegram.org/bot8007572675:AAEpXtwxgLBvJp6jkjqAYrs2SvDiYpUwT5M/getUpdates "HTTP/1.1 200 OK"
2026-05-08 22:54:08,248 - httpx - INFO - HTTP Request: POST https://api.telegram.org/bot8007572675:AAEpXtwxgLBvJp6jkjqAYrs2SvDiYpUwT5M/getUpdates "HTTP/1.1 200 OK"
2026-05-08 22:54:18,502 - httpx - INFO - HTTP Request: POST https://api.telegram.org/bot8007572675:AAEpXtwxgLBvJp6jkjqAYrs2SvDiYpUwT5M/getUpdates "HTTP/1.1 200 OK"
2026-05-08 22:54:28,853 - httpx - INFO - HTTP Request: POST https://api.telegram.org/bot8007572675:AAEpXtwxgLBvJp6jkjqAYrs2SvDiYpUwT5M/getUpdates "HTTP/1.1 200 OK"
2026-05-08 22:54:36,978 - httpx - INFO - HTTP Request: POST https://api.telegram.org/bot8007572675:AAEpXtwxgLBvJp6jkjqAYrs2SvDiYpUwT5M/getUpdates "HTTP/1.1 200 OK"
2026-05-08 22:54:36,981 - __main__ - INFO - Yangi foydalanuvchi: Jahongir (ID: 6373916207)
2026-05-08 22:54:38,101 - httpx - INFO - HTTP Request: POST https://api.telegram.org/bot8007572675:AAEpXtwxgLBvJp6jkjqAYrs2SvDiYpUwT5M/sendMessage "HTTP/1.1 200 OK"
2026-05-08 22:54:38,368 - httpx - INFO - HTTP Request: POST https://api.telegram.org/bot8007572675:AAEpXtwxgLBvJp6jkjqAYrs2SvDiYpUwT5M/sendMessage "HTTP/1.1 200 OK"
2026-05-08 22:54:38,370 - apscheduler.scheduler - INFO - Added job "delayed_6373916207" to job store "default"
2026-05-08 22:54:38,652 - httpx - INFO - HTTP Request: POST https://api.telegram.org/bot8007572675:AAEpXtwxgLBvJp6jkjqAYrs2SvDiYpUwT5M/sendMessage "HTTP/1.1 200 OK"
2026-05-08 22:54:47,353 - httpx - INFO - HTTP Request: POST https://api.telegram.org/bot8007572675:AAEpXtwxgLBvJp6jkjqAYrs2SvDiYpUwT5M/getUpdates "HTTP/1.1 200 OK"
2026-05-08 22:54:57,615 - httpx - INFO - HTTP Request: POST https://api.telegram.org/bot8007572675:AAEpXtwxgLBvJp6jkjqAYrs2SvDiYpUwT5M/getUpdates "HTTP/1.1 200 OK"
2026-05-08 22:55:07,853 - httpx - INFO - HTTP Request: POST https://api.telegram.org/bot8007572675:AAEpXtwxgLBvJp6jkjqAYrs2SvDiYpUwT5M/getUpdates "HTTP/1.1 200 OK"
2026-05-08 22:55:18,191 - httpx - INFO - HTTP Request: POST https://api.telegram.org/bot8007572675:AAEpXtwxgLBvJp6jkjqAYrs2SvDiYpUwT5M/getUpdates "HTTP/1.1 200 OK"
2026-05-08 22:55:28,416 - httpx - INFO - HTTP Request: POST https://api.telegram.org/bot8007572675:AAEpXtwxgLBvJp6jkjqAYrs2SvDiYpUwT5M/getUpdates "HTTP/1.1 200 OK"
2026-05-08 22:55:38,679 - httpx - INFO - HTTP Request: POST https://api.telegram.org/bot8007572675:AAEpXtwxgLBvJp6jkjqAYrs2SvDiYpUwT5M/getUpdates "HTTP/1.1 200 OK"
2026-05-08 22:55:49,524 - httpx - INFO - HTTP Request: POST https://api.telegram.org/bot8007572675:AAEpXtwxgLBvJp6jkjqAYrs2SvDiYpUwT5M/getUpdates "HTTP/1.1 200 OK"
2026-05-08 22:55:59,850 - httpx - INFO - HTTP Request: POST https://api.telegram.org/bot8007572675:AAEpXtwxgLBvJp6jkjqAYrs2SvDiYpUwT5M/getUpdates "HTTP/1.1 200 OK"
2026-05-08 22:56:10,067 - httpx - INFO - HTTP Request: POST https://api.telegram.org/bot8007572675:AAEpXtwxgLBvJp6jkjqAYrs2SvDiYpUwT5M/getUpdates "HTTP/1.1 200 OK"
2026-05-08 22:56:20,359 - httpx - INFO - HTTP Request: POST https://api.telegram.org/bot8007572675:AAEpXtwxgLBvJp6jkjqAYrs2SvDiYpUwT5M/getUpdates "HTTP/1.1 200 OK"
2026-05-08 22:56:30,582 - httpx - INFO - HTTP Request: POST https://api.telegram.org/bot8007572675:AAEpXtwxgLBvJp6jkjqAYrs2SvDiYpUwT5M/getUpdates "HTTP/1.1 200 OK"
2026-05-08 22:56:40,801 - httpx - INFO - HTTP Request: POST https://api.telegram.org/bot8007572675:AAEpXtwxgLBvJp6jkjqAYrs2SvDiYpUwT5M/getUpdates "HTTP/1.1 200 OK"
2026-05-08 22:56:51,070 - httpx - INFO - HTTP Request: POST https://api.telegram.org/bot8007572675:AAEpXtwxgLBvJp6jkjqAYrs2SvDiYpUwT5M/getUpdates "HTTP/1.1 200 OK"
2026-05-08 22:57:01,346 - httpx - INFO - HTTP Request: POST https://api.telegram.org/bot8007572675:AAEpXtwxgLBvJp6jkjqAYrs2SvDiYpUwT5M/getUpdates "HTTP/1.1 200 OK"
2026-05-08 22:57:11,569 - httpx - INFO - HTTP Request: POST https://api.telegram.org/bot8007572675:AAEpXtwxgLBvJp6jkjqAYrs2SvDiYpUwT5M/getUpdates "HTTP/1.1 200 OK"
2026-05-08 22:57:21,892 - httpx - INFO - HTTP Request: POST https://api.telegram.org/bot8007572675:AAEpXtwxgLBvJp6jkjqAYrs2SvDiYpUwT5M/getUpdates "HTTP/1.1 200 OK"
2026-05-08 22:57:32,248 - httpx - INFO - HTTP Request: POST https://api.telegram.org/bot8007572675:AAEpXtwxgLBvJp6jkjqAYrs2SvDiYpUwT5M/getUpdates "HTTP/1.1 200 OK"
2026-05-08 22:57:42,593 - httpx - INFO - HTTP Request: POST https://api.telegram.org/bot8007572675:AAEpXtwxgLBvJp6jkjqAYrs2SvDiYpUwT5M/getUpdates "HTTP/1.1 200 OK"
2026-05-08 22:57:53,025 - httpx - INFO - HTTP Request: POST https://api.telegram.org/bot8007572675:AAEpXtwxgLBvJp6jkjqAYrs2SvDiYpUwT5M/getUpdates "HTTP/1.1 200 OK"
2026-05-08 22:58:03,268 - httpx - INFO - HTTP Request: POST https://api.telegram.org/bot8007572675:AAEpXtwxgLBvJp6jkjqAYrs2SvDiYpUwT5M/getUpdates "HTTP/1.1 200 OK"
2026-05-08 22:58:13,485 - httpx - INFO - HTTP Request: POST https://api.telegram.org/bot8007572675:AAEpXtwxgLBvJp6jkjqAYrs2SvDiYpUwT5M/getUpdates "HTTP/1.1 200 OK"
2026-05-08 22:58:23,699 - httpx - INFO - HTTP Request: POST https://api.telegram.org/bot8007572675:AAEpXtwxgLBvJp6jkjqAYrs2SvDiYpUwT5M/getUpdates "HTTP/1.1 200 OK"
2026-05-08 22:58:33,991 - httpx - INFO - HTTP Request: POST https://api.telegram.org/bot8007572675:AAEpXtwxgLBvJp6jkjqAYrs2SvDiYpUwT5M/getUpdates "HTTP/1.1 200 OK"
2026-05-08 22:58:44,338 - httpx - INFO - HTTP Request: POST https://api.telegram.org/bot8007572675:AAEpXtwxgLBvJp6jkjqAYrs2SvDiYpUwT5M/getUpdates "HTTP/1.1 200 OK"
2026-05-08 22:58:54,579 - httpx - INFO - HTTP Request: POST https://api.telegram.org/bot8007572675:AAEpXtwxgLBvJp6jkjqAYrs2SvDiYpUwT5M/getUpdates "HTTP/1.1 200 OK"
2026-05-08 22:59:04,809 - httpx - INFO - HTTP Request: POST https://api.telegram.org/bot8007572675:AAEpXtwxgLBvJp6jkjqAYrs2SvDiYpUwT5M/getUpdates "HTTP/1.1 200 OK"
2026-05-08 22:59:15,171 - httpx - INFO - HTTP Request: POST https://api.telegram.org/bot8007572675:AAEpXtwxgLBvJp6jkjqAYrs2SvDiYpUwT5M/getUpdates "HTTP/1.1 200 OK"
2026-05-08 22:59:26,012 - httpx - INFO - HTTP Request: POST https://api.telegram.org/bot8007572675:AAEpXtwxgLBvJp6jkjqAYrs2SvDiYpUwT5M/getUpdates "HTTP/1.1 200 OK"
2026-05-08 22:59:36,249 - httpx - INFO - HTTP Request: POST https://api.telegram.org/bot8007572675:AAEpXtwxgLBvJp6jkjqAYrs2SvDiYpUwT5M/getUpdates "HTTP/1.1 200 OK"
2026-05-08 22:59:46,613 - httpx - INFO - HTTP Request: POST https://api.telegram.org/bot8007572675:AAEpXtwxgLBvJp6jkjqAYrs2SvDiYpUwT5M/getUpdates "HTTP/1.1 200 OK"
2026-05-08 22:59:56,940 - httpx - INFO - HTTP Request: POST https://api.telegram.org/bot8007572675:AAEpXtwxgLBvJp6jkjqAYrs2SvDiYpUwT5M/getUpdates "HTTP/1.1 200 OK"
2026-05-08 23:00:07,274 - httpx - INFO - HTTP Request: POST https://api.telegram.org/bot8007572675:AAEpXtwxgLBvJp6jkjqAYrs2SvDiYpUwT5M/getUpdates "HTTP/1.1 200 OK"
2026-05-08 23:00:17,541 - httpx - INFO - HTTP Request: POST https://api.telegram.org/bot8007572675:AAEpXtwxgLBvJp6jkjqAYrs2SvDiYpUwT5M/getUpdates "HTTP/1.1 200 OK"
2026-05-08 23:00:27,862 - httpx - INFO - HTTP Request: POST https://api.telegram.org/bot8007572675:AAEpXtwxgLBvJp6jkjqAYrs2SvDiYpUwT5M/getUpdates "HTTP/1.1 200 OK"
2026-05-08 23:00:38,296 - httpx - INFO - HTTP Request: POST https://api.telegram.org/bot8007572675:AAEpXtwxgLBvJp6jkjqAYrs2SvDiYpUwT5M/getUpdates "HTTP/1.1 200 OK"
2026-05-08 23:00:48,643 - httpx - INFO - HTTP Request: POST https://api.telegram.org/bot8007572675:AAEpXtwxgLBvJp6jkjqAYrs2SvDiYpUwT5M/getUpdates "HTTP/1.1 200 OK"
2026-05-08 23:00:58,958 - httpx - INFO - HTTP Request: POST https://api.telegram.org/bot8007572675:AAEpXtwxgLBvJp6jkjqAYrs2SvDiYpUwT5M/getUpdates "HTTP/1.1 200 OK"
2026-05-08 23:01:09,228 - httpx - INFO - HTTP Request: POST https://api.telegram.org/bot8007572675:AAEpXtwxgLBvJp6jkjqAYrs2SvDiYpUwT5M/getUpdates "HTTP/1.1 200 OK"
2026-05-08 23:01:19,680 - httpx - INFO - HTTP Request: POST https://api.telegram.org/bot8007572675:AAEpXtwxgLBvJp6jkjqAYrs2SvDiYpUwT5M/getUpdates "HTTP/1.1 200 OK"
2026-05-08 23:01:30,018 - httpx - INFO - HTTP Request: POST https://api.telegram.org/bot8007572675:AAEpXtwxgLBvJp6jkjqAYrs2SvDiYpUwT5M/getUpdates "HTTP/1.1 200 OK"
2026-05-08 23:01:40,347 - httpx - INFO - HTTP Request: POST https://api.telegram.org/bot8007572675:AAEpXtwxgLBvJp6jkjqAYrs2SvDiYpUwT5M/getUpdates "HTTP/1.1 200 OK"
2026-05-08 23:01:50,574 - httpx - INFO - HTTP Request: POST https://api.telegram.org/bot8007572675:AAEpXtwxgLBvJp6jkjqAYrs2SvDiYpUwT5M/getUpdates "HTTP/1.1 200 OK"
2026-05-08 23:02:00,840 - httpx - INFO - HTTP Request: POST https://api.telegram.org/bot8007572675:AAEpXtwxgLBvJp6jkjqAYrs2SvDiYpUwT5M/getUpdates "HTTP/1.1 200 OK"
2026-05-08 23:02:11,077 - httpx - INFO - HTTP Request: POST https://api.telegram.org/bot8007572675:AAEpXtwxgLBvJp6jkjqAYrs2SvDiYpUwT5M/getUpdates "HTTP/1.1 200 OK"
2026-05-08 23:02:21,314 - httpx - INFO - HTTP Request: POST https://api.telegram.org/bot8007572675:AAEpXtwxgLBvJp6jkjqAYrs2SvDiYpUwT5M/getUpdates "HTTP/1.1 200 OK"
2026-05-08 23:02:31,524 - httpx - INFO - HTTP Request: POST https://api.telegram.org/bot8007572675:AAEpXtwxgLBvJp6jkjqAYrs2SvDiYpUwT5M/getUpdates "HTTP/1.1 200 OK"
2026-05-08 23:02:41,745 - httpx - INFO - HTTP Request: POST https://api.telegram.org/bot8007572675:AAEpXtwxgLBvJp6jkjqAYrs2SvDiYpUwT5M/getUpdates "HTTP/1.1 200 OK"
2026-05-08 23:02:52,042 - httpx - INFO - HTTP Request: POST https://api.telegram.org/bot8007572675:AAEpXtwxgLBvJp6jkjqAYrs2SvDiYpUwT5M/getUpdates "HTTP/1.1 200 OK"
2026-05-08 23:03:02,377 - httpx - INFO - HTTP Request: POST https://api.telegram.org/bot8007572675:AAEpXtwxgLBvJp6jkjqAYrs2SvDiYpUwT5M/getUpdates "HTTP/1.1 200 OK"
2026-05-08 23:03:12,813 - httpx - INFO - HTTP Request: POST https://api.telegram.org/bot8007572675:AAEpXtwxgLBvJp6jkjqAYrs2SvDiYpUwT5M/getUpdates "HTTP/1.1 200 OK"
2026-05-08 23:03:18,453 - apscheduler.scheduler - INFO - Removed job 11dc718f81c04e4d99500c862af4afb1
2026-05-08 23:03:18,455 - apscheduler.executors.default - INFO - Running job "delayed_5298159692 (trigger: date[2026-05-08 18:03:18 UTC], next run at: 2026-05-08 18:03:18 UTC)" (scheduled at 2026-05-08 18:03:18.437711+00:00)
2026-05-08 23:03:18,472 - __main__ - INFO - 10 daqiqa o'tdi, video yuborilmoqda: 5298159692
2026-05-08 23:03:18,472 - __main__ - ERROR - Kechiktirilgan video yuborishda xato: [Errno 22] Invalid argument: 'https://youtu.be/UMMZWMbdv2w?si=_zogWOwQCQBh1TWI'
2026-05-08 23:03:18,473 - apscheduler.executors.default - INFO - Job "delayed_5298159692 (trigger: date[2026-05-08 18:03:18 UTC], next run at: 2026-05-08 18:03:18 UTC)" executed successfully
2026-05-08 23:03:23,052 - httpx - INFO - HTTP Request: POST https://api.telegram.org/bot8007572675:AAEpXtwxgLBvJp6jkjqAYrs2SvDiYpUwT5M/getUpdates "HTTP/1.1 200 OK"
2026-05-08 23:03:33,294 - httpx - INFO - HTTP Request: POST https://api.telegram.org/bot8007572675:AAEpXtwxgLBvJp6jkjqAYrs2SvDiYpUwT5M/getUpdates "HTTP/1.1 200 OK"
2026-05-08 23:03:43,523 - httpx - INFO - HTTP Request: POST https://api.telegram.org/bot8007572675:AAEpXtwxgLBvJp6jkjqAYrs2SvDiYpUwT5M/getUpdates "HTTP/1.1 200 OK"
2026-05-08 23:03:53,725 - httpx - INFO - HTTP Request: POST https://api.telegram.org/bot8007572675:AAEpXtwxgLBvJp6jkjqAYrs2SvDiYpUwT5M/getUpdates "HTTP/1.1 200 OK"
2026-05-08 23:04:03,932 - httpx - INFO - HTTP Request: POST https://api.telegram.org/bot8007572675:AAEpXtwxgLBvJp6jkjqAYrs2SvDiYpUwT5M/getUpdates "HTTP/1.1 200 OK"
2026-05-08 23:04:14,164 - httpx - INFO - HTTP Request: POST https://api.telegram.org/bot8007572675:AAEpXtwxgLBvJp6jkjqAYrs2SvDiYpUwT5M/getUpdates "HTTP/1.1 200 OK"
2026-05-08 23:04:24,500 - httpx - INFO - HTTP Request: POST https://api.telegram.org/bot8007572675:AAEpXtwxgLBvJp6jkjqAYrs2SvDiYpUwT5M/getUpdates "HTTP/1.1 200 OK"
2026-05-08 23:04:34,746 - httpx - INFO - HTTP Request: POST https://api.telegram.org/bot8007572675:AAEpXtwxgLBvJp6jkjqAYrs2SvDiYpUwT5M/getUpdates "HTTP/1.1 200 OK"
2026-05-08 23:04:38,382 - apscheduler.scheduler - INFO - Removed job ce1acd1c68184b6d8d8bbaf2278cef6e
2026-05-08 23:04:38,384 - apscheduler.executors.default - INFO - Running job "delayed_6373916207 (trigger: date[2026-05-08 18:04:38 UTC], next run at: 2026-05-08 18:04:38 UTC)" (scheduled at 2026-05-08 18:04:38.370470+00:00)
2026-05-08 23:04:38,385 - __main__ - INFO - 10 daqiqa o'tdi, video yuborilmoqda: 6373916207
2026-05-08 23:04:38,386 - __main__ - ERROR - Kechiktirilgan video yuborishda xato: [Errno 22] Invalid argument: 'https://youtu.be/UMMZWMbdv2w?si=_zogWOwQCQBh1TWI'
2026-05-08 23:04:38,387 - apscheduler.executors.default - INFO - Job "delayed_6373916207 (trigger: date[2026-05-08 18:04:38 UTC], next run at: 2026-05-08 18:04:38 UTC)" executed successfully
2026-05-08 23:04:44,976 - httpx - INFO - HTTP Request: POST https://api.telegram.org/bot8007572675:AAEpXtwxgLBvJp6jkjqAYrs2SvDiYpUwT5M/getUpdates "HTTP/1.1 200 OK"
2026-05-08 23:04:55,318 - httpx - INFO - HTTP Request: POST https://api.telegram.org/bot8007572675:AAEpXtwxgLBvJp6jkjqAYrs2SvDiYpUwT5M/getUpdates "HTTP/1.1 200 OK"
2026-05-08 23:05:05,672 - httpx - INFO - HTTP Request: POST https://api.telegram.org/bot8007572675:AAEpXtwxgLBvJp6jkjqAYrs2SvDiYpUwT5M/getUpdates "HTTP/1.1 200 OK"
2026-05-08 23:05:15,882 - httpx - INFO - HTTP Request: POST https://api.telegram.org/bot8007572675:AAEpXtwxgLBvJp6jkjqAYrs2SvDiYpUwT5M/getUpdates "HTTP/1.1 200 OK"
2026-05-08 23:05:26,094 - httpx - INFO - HTTP Request: POST https://api.telegram.org/bot8007572675:AAEpXtwxgLBvJp6jkjqAYrs2SvDiYpUwT5M/getUpdates "HTTP/1.1 200 OK"
2026-05-08 23:05:36,489 - httpx - INFO - HTTP Request: POST https://api.telegram.org/bot8007572675:AAEpXtwxgLBvJp6jkjqAYrs2SvDiYpUwT5M/getUpdates "HTTP/1.1 200 OK"
2026-05-08 23:05:46,729 - httpx - INFO - HTTP Request: POST https://api.telegram.org/bot8007572675:AAEpXtwxgLBvJp6jkjqAYrs2SvDiYpUwT5M/getUpdates "HTTP/1.1 200 OK"
2026-05-08 23:05:56,907 - httpx - INFO - HTTP Request: POST https://api.telegram.org/bot8007572675:AAEpXtwxgLBvJp6jkjqAYrs2SvDiYpUwT5M/getUpdates "HTTP/1.1 200 OK"
2026-05-08 23:06:07,105 - httpx - INFO - HTTP Request: POST https://api.telegram.org/bot8007572675:AAEpXtwxgLBvJp6jkjqAYrs2SvDiYpUwT5M/getUpdates "HTTP/1.1 200 OK"
2026-05-08 23:06:17,272 - httpx - INFO - HTTP Request: POST https://api.telegram.org/bot8007572675:AAEpXtwxgLBvJp6jkjqAYrs2SvDiYpUwT5M/getUpdates "HTTP/1.1 200 OK"
2026-05-08 23:06:27,483 - httpx - INFO - HTTP Request: POST https://api.telegram.org/bot8007572675:AAEpXtwxgLBvJp6jkjqAYrs2SvDiYpUwT5M/getUpdates "HTTP/1.1 200 OK"
2026-05-08 23:07:00,593 - apscheduler.scheduler - INFO - Adding job tentatively -- it will be properly scheduled when the scheduler starts
2026-05-08 23:07:00,594 - __main__ - INFO - Bot ishga tushdi! Kunlik ovozli xabar soat 09:00 da yuboriladi.
2026-05-08 23:07:01,627 - httpx - INFO - HTTP Request: POST https://api.telegram.org/bot8007572675:AAEpXtwxgLBvJp6jkjqAYrs2SvDiYpUwT5M/getMe "HTTP/1.1 200 OK"
2026-05-08 23:07:01,821 - httpx - INFO - HTTP Request: POST https://api.telegram.org/bot8007572675:AAEpXtwxgLBvJp6jkjqAYrs2SvDiYpUwT5M/deleteWebhook "HTTP/1.1 200 OK"
2026-05-08 23:07:01,824 - apscheduler.scheduler - INFO - Added job "daily_voice_message" to job store "default"
2026-05-08 23:07:01,824 - apscheduler.scheduler - INFO - Scheduler started
2026-05-08 23:07:01,825 - telegram.ext.Application - INFO - Application started
2026-05-08 23:07:05,290 - httpx - INFO - HTTP Request: POST https://api.telegram.org/bot8007572675:AAEpXtwxgLBvJp6jkjqAYrs2SvDiYpUwT5M/getUpdates "HTTP/1.1 200 OK"
2026-05-08 23:07:05,293 - __main__ - INFO - Yangi foydalanuvchi: WVMN (ID: 5298159692)
2026-05-08 23:07:05,520 - httpx - INFO - HTTP Request: POST https://api.telegram.org/bot8007572675:AAEpXtwxgLBvJp6jkjqAYrs2SvDiYpUwT5M/sendMessage "HTTP/1.1 200 OK"
2026-05-08 23:07:05,847 - httpx - INFO - HTTP Request: POST https://api.telegram.org/bot8007572675:AAEpXtwxgLBvJp6jkjqAYrs2SvDiYpUwT5M/sendMessage "HTTP/1.1 200 OK"
2026-05-08 23:07:05,849 - apscheduler.scheduler - INFO - Added job "delayed_5298159692" to job store "default"
2026-05-08 23:07:06,143 - httpx - INFO - HTTP Request: POST https://api.telegram.org/bot8007572675:AAEpXtwxgLBvJp6jkjqAYrs2SvDiYpUwT5M/sendMessage "HTTP/1.1 200 OK"
2026-05-08 23:07:15,480 - httpx - INFO - HTTP Request: POST https://api.telegram.org/bot8007572675:AAEpXtwxgLBvJp6jkjqAYrs2SvDiYpUwT5M/getUpdates "HTTP/1.1 200 OK"
2026-05-08 23:07:25,747 - httpx - INFO - HTTP Request: POST https://api.telegram.org/bot8007572675:AAEpXtwxgLBvJp6jkjqAYrs2SvDiYpUwT5M/getUpdates "HTTP/1.1 200 OK"
2026-05-08 23:07:36,191 - httpx - INFO - HTTP Request: POST https://api.telegram.org/bot8007572675:AAEpXtwxgLBvJp6jkjqAYrs2SvDiYpUwT5M/getUpdates "HTTP/1.1 200 OK"
2026-05-08 23:07:46,427 - httpx - INFO - HTTP Request: POST https://api.telegram.org/bot8007572675:AAEpXtwxgLBvJp6jkjqAYrs2SvDiYpUwT5M/getUpdates "HTTP/1.1 200 OK"
2026-05-08 23:07:56,627 - httpx - INFO - HTTP Request: POST https://api.telegram.org/bot8007572675:AAEpXtwxgLBvJp6jkjqAYrs2SvDiYpUwT5M/getUpdates "HTTP/1.1 200 OK"
2026-05-08 23:08:05,853 - apscheduler.scheduler - INFO - Removed job 38f152f458654c0487b91323fbef277b
2026-05-08 23:08:05,854 - apscheduler.executors.default - INFO - Running job "delayed_5298159692 (trigger: date[2026-05-08 18:08:05 UTC], next run at: 2026-05-08 18:08:05 UTC)" (scheduled at 2026-05-08 18:08:05.848379+00:00)
2026-05-08 23:08:05,855 - __main__ - INFO - 10 daqiqa o'tdi, video yuborilmoqda: 5298159692
2026-05-08 23:08:06,836 - httpx - INFO - HTTP Request: POST https://api.telegram.org/bot8007572675:AAEpXtwxgLBvJp6jkjqAYrs2SvDiYpUwT5M/getUpdates "HTTP/1.1 200 OK"
2026-05-08 23:08:17,664 - httpx - INFO - HTTP Request: POST https://api.telegram.org/bot8007572675:AAEpXtwxgLBvJp6jkjqAYrs2SvDiYpUwT5M/getUpdates "HTTP/1.1 200 OK"
2026-05-08 23:08:27,026 - __main__ - ERROR - Kechiktirilgan video yuborishda xato: httpx.ConnectError: All connection attempts failed
2026-05-08 23:08:27,027 - apscheduler.executors.default - INFO - Job "delayed_5298159692 (trigger: date[2026-05-08 18:08:05 UTC], next run at: 2026-05-08 18:08:05 UTC)" executed successfully
2026-05-08 23:08:27,937 - httpx - INFO - HTTP Request: POST https://api.telegram.org/bot8007572675:AAEpXtwxgLBvJp6jkjqAYrs2SvDiYpUwT5M/getUpdates "HTTP/1.1 200 OK"
2026-05-08 23:08:38,238 - httpx - INFO - HTTP Request: POST https://api.telegram.org/bot8007572675:AAEpXtwxgLBvJp6jkjqAYrs2SvDiYpUwT5M/getUpdates "HTTP/1.1 200 OK"
2026-05-08 23:08:48,479 - httpx - INFO - HTTP Request: POST https://api.telegram.org/bot8007572675:AAEpXtwxgLBvJp6jkjqAYrs2SvDiYpUwT5M/getUpdates "HTTP/1.1 200 OK"
2026-05-08 23:08:58,679 - httpx - INFO - HTTP Request: POST https://api.telegram.org/bot8007572675:AAEpXtwxgLBvJp6jkjqAYrs2SvDiYpUwT5M/getUpdates "HTTP/1.1 200 OK"
2026-05-08 23:09:39,029 - apscheduler.scheduler - INFO - Adding job tentatively -- it will be properly scheduled when the scheduler starts
2026-05-08 23:09:39,029 - __main__ - INFO - Bot ishga tushdi! Kunlik ovozli xabar soat 09:00 da yuboriladi.
2026-05-08 23:10:00,322 - telegram.ext - ERROR - Network Retry Loop (Bootstrap Initialize Application): Failed run number 0 of 0. Aborting.
Traceback (most recent call last):
  File "C:\Users\abbos\AppData\Local\Python\pythoncore-3.14-64\Lib\site-packages\httpx\_transports\default.py", line 101, in map_httpcore_exceptions
    yield
  File "C:\Users\abbos\AppData\Local\Python\pythoncore-3.14-64\Lib\site-packages\httpx\_transports\default.py", line 394, in handle_async_request
    resp = await self._pool.handle_async_request(req)
           ^^^^^^^^^^^^^^^^^^^^^^^^^^^^^^^^^^^^^^^^^^
  File "C:\Users\abbos\AppData\Local\Python\pythoncore-3.14-64\Lib\site-packages\httpcore\_async\connection_pool.py", line 256, in handle_async_request
    raise exc from None
  File "C:\Users\abbos\AppData\Local\Python\pythoncore-3.14-64\Lib\site-packages\httpcore\_async\connection_pool.py", line 236, in handle_async_request
    response = await connection.handle_async_request(
               ^^^^^^^^^^^^^^^^^^^^^^^^^^^^^^^^^^^^^^
        pool_request.request
        ^^^^^^^^^^^^^^^^^^^^
    )
    ^
  File "C:\Users\abbos\AppData\Local\Python\pythoncore-3.14-64\Lib\site-packages\httpcore\_async\connection.py", line 101, in handle_async_request
    raise exc
  File "C:\Users\abbos\AppData\Local\Python\pythoncore-3.14-64\Lib\site-packages\httpcore\_async\connection.py", line 78, in handle_async_request
    stream = await self._connect(request)
             ^^^^^^^^^^^^^^^^^^^^^^^^^^^^
  File "C:\Users\abbos\AppData\Local\Python\pythoncore-3.14-64\Lib\site-packages\httpcore\_async\connection.py", line 124, in _connect
    stream = await self._network_backend.connect_tcp(**kwargs)
             ^^^^^^^^^^^^^^^^^^^^^^^^^^^^^^^^^^^^^^^^^^^^^^^^^
  File "C:\Users\abbos\AppData\Local\Python\pythoncore-3.14-64\Lib\site-packages\httpcore\_backends\auto.py", line 31, in connect_tcp
    return await self._backend.connect_tcp(
           ^^^^^^^^^^^^^^^^^^^^^^^^^^^^^^^^
    ...<5 lines>...
    )
    ^
  File "C:\Users\abbos\AppData\Local\Python\pythoncore-3.14-64\Lib\site-packages\httpcore\_backends\anyio.py", line 113, in connect_tcp
    with map_exceptions(exc_map):
         ~~~~~~~~~~~~~~^^^^^^^^^
  File "C:\Users\abbos\AppData\Local\Python\pythoncore-3.14-64\Lib\contextlib.py", line 162, in __exit__
    self.gen.throw(value)
    ~~~~~~~~~~~~~~^^^^^^^
  File "C:\Users\abbos\AppData\Local\Python\pythoncore-3.14-64\Lib\site-packages\httpcore\_exceptions.py", line 14, in map_exceptions
    raise to_exc(exc) from exc
httpcore.ConnectError: All connection attempts failed

The above exception was the direct cause of the following exception:

Traceback (most recent call last):
  File "C:\Users\abbos\AppData\Local\Python\pythoncore-3.14-64\Lib\site-packages\telegram\request\_httpxrequest.py", line 279, in do_request
    res = await self._client.request(
          ^^^^^^^^^^^^^^^^^^^^^^^^^^^
    ...<6 lines>...
    )
    ^
  File "C:\Users\abbos\AppData\Local\Python\pythoncore-3.14-64\Lib\site-packages\httpx\_client.py", line 1540, in request
    return await self.send(request, auth=auth, follow_redirects=follow_redirects)
           ^^^^^^^^^^^^^^^^^^^^^^^^^^^^^^^^^^^^^^^^^^^^^^^^^^^^^^^^^^^^^^^^^^^^^^
  File "C:\Users\abbos\AppData\Local\Python\pythoncore-3.14-64\Lib\site-packages\httpx\_client.py", line 1629, in send
    response = await self._send_handling_auth(
               ^^^^^^^^^^^^^^^^^^^^^^^^^^^^^^^
    ...<4 lines>...
    )
    ^
  File "C:\Users\abbos\AppData\Local\Python\pythoncore-3.14-64\Lib\site-packages\httpx\_client.py", line 1657, in _send_handling_auth
    response = await self._send_handling_redirects(
               ^^^^^^^^^^^^^^^^^^^^^^^^^^^^^^^^^^^^
    ...<3 lines>...
    )
    ^
  File "C:\Users\abbos\AppData\Local\Python\pythoncore-3.14-64\Lib\site-packages\httpx\_client.py", line 1694, in _send_handling_redirects
    response = await self._send_single_request(request)
               ^^^^^^^^^^^^^^^^^^^^^^^^^^^^^^^^^^^^^^^^
  File "C:\Users\abbos\AppData\Local\Python\pythoncore-3.14-64\Lib\site-packages\httpx\_client.py", line 1730, in _send_single_request
    response = await transport.handle_async_request(request)
               ^^^^^^^^^^^^^^^^^^^^^^^^^^^^^^^^^^^^^^^^^^^^^
  File "C:\Users\abbos\AppData\Local\Python\pythoncore-3.14-64\Lib\site-packages\httpx\_transports\default.py", line 393, in handle_async_request
    with map_httpcore_exceptions():
         ~~~~~~~~~~~~~~~~~~~~~~~^^
  File "C:\Users\abbos\AppData\Local\Python\pythoncore-3.14-64\Lib\contextlib.py", line 162, in __exit__
    self.gen.throw(value)
    ~~~~~~~~~~~~~~^^^^^^^
  File "C:\Users\abbos\AppData\Local\Python\pythoncore-3.14-64\Lib\site-packages\httpx\_transports\default.py", line 118, in map_httpcore_exceptions
    raise mapped_exc(message) from exc
httpx.ConnectError: All connection attempts failed

The above exception was the direct cause of the following exception:

Traceback (most recent call last):
  File "C:\Users\abbos\AppData\Local\Python\pythoncore-3.14-64\Lib\site-packages\telegram\ext\_utils\networkloop.py", line 161, in network_retry_loop
    await do_action()
  File "C:\Users\abbos\AppData\Local\Python\pythoncore-3.14-64\Lib\site-packages\telegram\ext\_utils\networkloop.py", line 136, in do_action
    await action_cb()
  File "C:\Users\abbos\AppData\Local\Python\pythoncore-3.14-64\Lib\site-packages\telegram\ext\_application.py", line 489, in initialize
    await self.bot.initialize()
  File "C:\Users\abbos\AppData\Local\Python\pythoncore-3.14-64\Lib\site-packages\telegram\ext\_extbot.py", line 316, in initialize
    await super().initialize()
  File "C:\Users\abbos\AppData\Local\Python\pythoncore-3.14-64\Lib\site-packages\telegram\_bot.py", line 857, in initialize
    await self.get_me()
  File "C:\Users\abbos\AppData\Local\Python\pythoncore-3.14-64\Lib\site-packages\telegram\ext\_extbot.py", line 2008, in get_me
    return await super().get_me(
           ^^^^^^^^^^^^^^^^^^^^^
    ...<5 lines>...
    )
    ^
  File "C:\Users\abbos\AppData\Local\Python\pythoncore-3.14-64\Lib\site-packages\telegram\_bot.py", line 990, in get_me
    result = await self._post(
             ^^^^^^^^^^^^^^^^^
    ...<6 lines>...
    )
    ^
  File "C:\Users\abbos\AppData\Local\Python\pythoncore-3.14-64\Lib\site-packages\telegram\_bot.py", line 704, in _post
    return await self._do_post(
           ^^^^^^^^^^^^^^^^^^^^
    ...<6 lines>...
    )
    ^
  File "C:\Users\abbos\AppData\Local\Python\pythoncore-3.14-64\Lib\site-packages\telegram\ext\_extbot.py", line 370, in _do_post
    return await super()._do_post(
           ^^^^^^^^^^^^^^^^^^^^^^^
    ...<6 lines>...
    )
    ^
  File "C:\Users\abbos\AppData\Local\Python\pythoncore-3.14-64\Lib\site-packages\telegram\_bot.py", line 733, in _do_post
    result = await request.post(
             ^^^^^^^^^^^^^^^^^^^
    ...<6 lines>...
    )
    ^
  File "C:\Users\abbos\AppData\Local\Python\pythoncore-3.14-64\Lib\site-packages\telegram\request\_baserequest.py", line 198, in post
    result = await self._request_wrapper(
             ^^^^^^^^^^^^^^^^^^^^^^^^^^^^
    ...<7 lines>...
    )
    ^
  File "C:\Users\abbos\AppData\Local\Python\pythoncore-3.14-64\Lib\site-packages\telegram\request\_baserequest.py", line 305, in _request_wrapper
    code, payload = await self.do_request(
                    ^^^^^^^^^^^^^^^^^^^^^^
    ...<7 lines>...
    )
    ^
  File "C:\Users\abbos\AppData\Local\Python\pythoncore-3.14-64\Lib\site-packages\telegram\request\_httpxrequest.py", line 303, in do_request
    raise NetworkError(f"httpx.{err.__class__.__name__}: {err}") from err
telegram.error.NetworkError: httpx.ConnectError: All connection attempts failed
2026-05-08 23:13:48,609 - apscheduler.scheduler - INFO - Adding job tentatively -- it will be properly scheduled when the scheduler starts
2026-05-08 23:13:48,610 - __main__ - INFO - Bot ishga tushdi! Kunlik ovozli xabar soat 09:00 da yuboriladi.
2026-05-08 23:13:49,704 - httpx - INFO - HTTP Request: POST https://api.telegram.org/bot8007572675:AAEpXtwxgLBvJp6jkjqAYrs2SvDiYpUwT5M/getMe "HTTP/1.1 200 OK"
2026-05-08 23:13:50,462 - httpx - INFO - HTTP Request: POST https://api.telegram.org/bot8007572675:AAEpXtwxgLBvJp6jkjqAYrs2SvDiYpUwT5M/deleteWebhook "HTTP/1.1 200 OK"
2026-05-08 23:13:50,464 - apscheduler.scheduler - INFO - Added job "daily_voice_message" to job store "default"
2026-05-08 23:13:50,465 - apscheduler.scheduler - INFO - Scheduler started
2026-05-08 23:13:50,465 - telegram.ext.Application - INFO - Application started
2026-05-08 23:13:57,636 - httpx - INFO - HTTP Request: POST https://api.telegram.org/bot8007572675:AAEpXtwxgLBvJp6jkjqAYrs2SvDiYpUwT5M/getUpdates "HTTP/1.1 200 OK"
2026-05-08 23:13:57,638 - __main__ - INFO - Yangi foydalanuvchi: WVMN (ID: 5298159692)
2026-05-08 23:13:58,175 - httpx - INFO - HTTP Request: POST https://api.telegram.org/bot8007572675:AAEpXtwxgLBvJp6jkjqAYrs2SvDiYpUwT5M/sendMessage "HTTP/1.1 200 OK"
2026-05-08 23:13:58,381 - httpx - INFO - HTTP Request: POST https://api.telegram.org/bot8007572675:AAEpXtwxgLBvJp6jkjqAYrs2SvDiYpUwT5M/sendMessage "HTTP/1.1 200 OK"
2026-05-08 23:13:58,385 - apscheduler.scheduler - INFO - Added job "delayed_5298159692" to job store "default"
2026-05-08 23:13:58,593 - httpx - INFO - HTTP Request: POST https://api.telegram.org/bot8007572675:AAEpXtwxgLBvJp6jkjqAYrs2SvDiYpUwT5M/sendMessage "HTTP/1.1 200 OK"
2026-05-08 23:14:07,815 - httpx - INFO - HTTP Request: POST https://api.telegram.org/bot8007572675:AAEpXtwxgLBvJp6jkjqAYrs2SvDiYpUwT5M/getUpdates "HTTP/1.1 200 OK"
2026-05-08 23:14:18,526 - httpx - INFO - HTTP Request: POST https://api.telegram.org/bot8007572675:AAEpXtwxgLBvJp6jkjqAYrs2SvDiYpUwT5M/getUpdates "HTTP/1.1 200 OK"
2026-05-08 23:14:28,713 - httpx - INFO - HTTP Request: POST https://api.telegram.org/bot8007572675:AAEpXtwxgLBvJp6jkjqAYrs2SvDiYpUwT5M/getUpdates "HTTP/1.1 200 OK"
2026-05-08 23:14:38,887 - httpx - INFO - HTTP Request: POST https://api.telegram.org/bot8007572675:AAEpXtwxgLBvJp6jkjqAYrs2SvDiYpUwT5M/getUpdates "HTTP/1.1 200 OK"
2026-05-08 23:14:49,088 - httpx - INFO - HTTP Request: POST https://api.telegram.org/bot8007572675:AAEpXtwxgLBvJp6jkjqAYrs2SvDiYpUwT5M/getUpdates "HTTP/1.1 200 OK"
2026-05-08 23:14:58,393 - apscheduler.scheduler - INFO - Removed job 789379716a84425a961e26b32d5b446a
2026-05-08 23:14:58,394 - apscheduler.executors.default - INFO - Running job "delayed_5298159692 (trigger: date[2026-05-08 18:14:58 UTC], next run at: 2026-05-08 18:14:58 UTC)" (scheduled at 2026-05-08 18:14:58.383475+00:00)
2026-05-08 23:14:58,395 - __main__ - INFO - 10 daqiqa o'tdi, video yuborilmoqda: 5298159692
2026-05-08 23:14:59,376 - httpx - INFO - HTTP Request: POST https://api.telegram.org/bot8007572675:AAEpXtwxgLBvJp6jkjqAYrs2SvDiYpUwT5M/getUpdates "HTTP/1.1 200 OK"
2026-05-08 23:15:09,576 - httpx - INFO - HTTP Request: POST https://api.telegram.org/bot8007572675:AAEpXtwxgLBvJp6jkjqAYrs2SvDiYpUwT5M/getUpdates "HTTP/1.1 200 OK"
2026-05-08 23:15:19,520 - __main__ - ERROR - Kechiktirilgan video yuborishda xato: httpx.ConnectError: All connection attempts failed
2026-05-08 23:15:19,523 - apscheduler.executors.default - INFO - Job "delayed_5298159692 (trigger: date[2026-05-08 18:14:58 UTC], next run at: 2026-05-08 18:14:58 UTC)" executed successfully
2026-05-08 23:15:19,849 - httpx - INFO - HTTP Request: POST https://api.telegram.org/bot8007572675:AAEpXtwxgLBvJp6jkjqAYrs2SvDiYpUwT5M/getUpdates "HTTP/1.1 200 OK"
2026-05-08 23:15:30,092 - httpx - INFO - HTTP Request: POST https://api.telegram.org/bot8007572675:AAEpXtwxgLBvJp6jkjqAYrs2SvDiYpUwT5M/getUpdates "HTTP/1.1 200 OK"
2026-05-08 23:15:40,343 - httpx - INFO - HTTP Request: POST https://api.telegram.org/bot8007572675:AAEpXtwxgLBvJp6jkjqAYrs2SvDiYpUwT5M/getUpdates "HTTP/1.1 200 OK"
2026-05-08 23:15:50,589 - httpx - INFO - HTTP Request: POST https://api.telegram.org/bot8007572675:AAEpXtwxgLBvJp6jkjqAYrs2SvDiYpUwT5M/getUpdates "HTTP/1.1 200 OK"
2026-05-08 23:16:00,783 - httpx - INFO - HTTP Request: POST https://api.telegram.org/bot8007572675:AAEpXtwxgLBvJp6jkjqAYrs2SvDiYpUwT5M/getUpdates "HTTP/1.1 200 OK"
2026-05-08 23:16:11,043 - httpx - INFO - HTTP Request: POST https://api.telegram.org/bot8007572675:AAEpXtwxgLBvJp6jkjqAYrs2SvDiYpUwT5M/getUpdates "HTTP/1.1 200 OK"
2026-05-08 23:16:21,291 - httpx - INFO - HTTP Request: POST https://api.telegram.org/bot8007572675:AAEpXtwxgLBvJp6jkjqAYrs2SvDiYpUwT5M/getUpdates "HTTP/1.1 200 OK"
2026-05-08 23:16:31,551 - httpx - INFO - HTTP Request: POST https://api.telegram.org/bot8007572675:AAEpXtwxgLBvJp6jkjqAYrs2SvDiYpUwT5M/getUpdates "HTTP/1.1 200 OK"
2026-05-08 23:16:41,757 - httpx - INFO - HTTP Request: POST https://api.telegram.org/bot8007572675:AAEpXtwxgLBvJp6jkjqAYrs2SvDiYpUwT5M/getUpdates "HTTP/1.1 200 OK"
2026-05-08 23:16:52,010 - httpx - INFO - HTTP Request: POST https://api.telegram.org/bot8007572675:AAEpXtwxgLBvJp6jkjqAYrs2SvDiYpUwT5M/getUpdates "HTTP/1.1 200 OK"
2026-05-08 23:22:25,348 - apscheduler.scheduler - INFO - Adding job tentatively -- it will be properly scheduled when the scheduler starts
2026-05-08 23:22:25,348 - __main__ - INFO - Bot pollling rejimida ishga tushdi...
2026-05-08 23:22:26,227 - httpx - INFO - HTTP Request: POST https://api.telegram.org/bot8007572675:AAEpXtwxgLBvJp6jkjqAYrs2SvDiYpUwT5M/getMe "HTTP/1.1 200 OK"
2026-05-08 23:22:26,398 - httpx - INFO - HTTP Request: POST https://api.telegram.org/bot8007572675:AAEpXtwxgLBvJp6jkjqAYrs2SvDiYpUwT5M/deleteWebhook "HTTP/1.1 200 OK"
2026-05-08 23:22:26,401 - apscheduler.scheduler - INFO - Added job "send_scheduled_voice" to job store "default"
2026-05-08 23:22:26,401 - apscheduler.scheduler - INFO - Scheduler started
2026-05-08 23:22:26,402 - telegram.ext.Application - INFO - Application started
2026-05-08 23:22:36,409 - httpx - INFO - HTTP Request: POST https://api.telegram.org/bot8007572675:AAEpXtwxgLBvJp6jkjqAYrs2SvDiYpUwT5M/getUpdates "HTTP/1.1 200 OK"
2026-05-08 23:22:36,411 - __main__ - INFO - Start bosildi: 5298159692
2026-05-08 23:22:36,914 - httpx - INFO - HTTP Request: POST https://api.telegram.org/bot8007572675:AAEpXtwxgLBvJp6jkjqAYrs2SvDiYpUwT5M/sendMessage "HTTP/1.1 200 OK"
2026-05-08 23:22:37,119 - httpx - INFO - HTTP Request: POST https://api.telegram.org/bot8007572675:AAEpXtwxgLBvJp6jkjqAYrs2SvDiYpUwT5M/sendMessage "HTTP/1.1 200 OK"
2026-05-08 23:22:37,123 - apscheduler.scheduler - INFO - Added job "delayed_5298159692" to job store "default"
2026-05-08 23:22:37,324 - httpx - INFO - HTTP Request: POST https://api.telegram.org/bot8007572675:AAEpXtwxgLBvJp6jkjqAYrs2SvDiYpUwT5M/sendMessage "HTTP/1.1 200 OK"
2026-05-08 23:22:46,585 - httpx - INFO - HTTP Request: POST https://api.telegram.org/bot8007572675:AAEpXtwxgLBvJp6jkjqAYrs2SvDiYpUwT5M/getUpdates "HTTP/1.1 200 OK"
2026-05-08 23:22:47,131 - apscheduler.scheduler - INFO - Removed job 3d6eee9b1b384125b702304b6a62de91
2026-05-08 23:22:47,133 - apscheduler.executors.default - INFO - Running job "delayed_5298159692 (trigger: date[2026-05-08 18:22:47 UTC], next run at: 2026-05-08 18:22:47 UTC)" (scheduled at 2026-05-08 18:22:47.122065+00:00)
2026-05-08 23:22:47,134 - __main__ - INFO - Vaqt keldi! Chat: 5298159692 ga jo'natilmoqda...
2026-05-08 23:22:56,752 - httpx - INFO - HTTP Request: POST https://api.telegram.org/bot8007572675:AAEpXtwxgLBvJp6jkjqAYrs2SvDiYpUwT5M/getUpdates "HTTP/1.1 200 OK"
2026-05-08 23:23:07,006 - httpx - INFO - HTTP Request: POST https://api.telegram.org/bot8007572675:AAEpXtwxgLBvJp6jkjqAYrs2SvDiYpUwT5M/getUpdates "HTTP/1.1 200 OK"
2026-05-08 23:23:07,141 - __main__ - ERROR - Kutilmagan xato: Timed out
2026-05-08 23:23:17,235 - httpx - INFO - HTTP Request: POST https://api.telegram.org/bot8007572675:AAEpXtwxgLBvJp6jkjqAYrs2SvDiYpUwT5M/getUpdates "HTTP/1.1 200 OK"
2026-05-08 23:23:27,204 - apscheduler.executors.default - INFO - Job "delayed_5298159692 (trigger: date[2026-05-08 18:22:47 UTC], next run at: 2026-05-08 18:22:47 UTC)" executed successfully
2026-05-08 23:23:27,579 - httpx - INFO - HTTP Request: POST https://api.telegram.org/bot8007572675:AAEpXtwxgLBvJp6jkjqAYrs2SvDiYpUwT5M/getUpdates "HTTP/1.1 200 OK"
2026-05-08 23:23:37,882 - httpx - INFO - HTTP Request: POST https://api.telegram.org/bot8007572675:AAEpXtwxgLBvJp6jkjqAYrs2SvDiYpUwT5M/getUpdates "HTTP/1.1 200 OK"
2026-05-08 23:23:48,163 - httpx - INFO - HTTP Request: POST https://api.telegram.org/bot8007572675:AAEpXtwxgLBvJp6jkjqAYrs2SvDiYpUwT5M/getUpdates "HTTP/1.1 200 OK"
2026-05-08 23:23:58,391 - httpx - INFO - HTTP Request: POST https://api.telegram.org/bot8007572675:AAEpXtwxgLBvJp6jkjqAYrs2SvDiYpUwT5M/getUpdates "HTTP/1.1 200 OK"
2026-05-08 23:24:08,591 - httpx - INFO - HTTP Request: POST https://api.telegram.org/bot8007572675:AAEpXtwxgLBvJp6jkjqAYrs2SvDiYpUwT5M/getUpdates "HTTP/1.1 200 OK"
2026-05-08 23:24:18,890 - httpx - INFO - HTTP Request: POST https://api.telegram.org/bot8007572675:AAEpXtwxgLBvJp6jkjqAYrs2SvDiYpUwT5M/getUpdates "HTTP/1.1 200 OK"
2026-05-08 23:24:29,115 - httpx - INFO - HTTP Request: POST https://api.telegram.org/bot8007572675:AAEpXtwxgLBvJp6jkjqAYrs2SvDiYpUwT5M/getUpdates "HTTP/1.1 200 OK"
2026-05-08 23:24:39,365 - httpx - INFO - HTTP Request: POST https://api.telegram.org/bot8007572675:AAEpXtwxgLBvJp6jkjqAYrs2SvDiYpUwT5M/getUpdates "HTTP/1.1 200 OK"
2026-05-08 23:24:49,811 - httpx - INFO - HTTP Request: POST https://api.telegram.org/bot8007572675:AAEpXtwxgLBvJp6jkjqAYrs2SvDiYpUwT5M/getUpdates "HTTP/1.1 200 OK"
2026-05-08 23:25:00,049 - httpx - INFO - HTTP Request: POST https://api.telegram.org/bot8007572675:AAEpXtwxgLBvJp6jkjqAYrs2SvDiYpUwT5M/getUpdates "HTTP/1.1 200 OK"
2026-05-08 23:25:10,231 - httpx - INFO - HTTP Request: POST https://api.telegram.org/bot8007572675:AAEpXtwxgLBvJp6jkjqAYrs2SvDiYpUwT5M/getUpdates "HTTP/1.1 200 OK"
2026-05-08 23:25:20,431 - httpx - INFO - HTTP Request: POST https://api.telegram.org/bot8007572675:AAEpXtwxgLBvJp6jkjqAYrs2SvDiYpUwT5M/getUpdates "HTTP/1.1 200 OK"
2026-05-08 23:25:31,173 - httpx - INFO - HTTP Request: POST https://api.telegram.org/bot8007572675:AAEpXtwxgLBvJp6jkjqAYrs2SvDiYpUwT5M/getUpdates "HTTP/1.1 200 OK"
2026-05-08 23:25:51,931 - apscheduler.scheduler - INFO - Adding job tentatively -- it will be properly scheduled when the scheduler starts
2026-05-08 23:25:51,932 - __main__ - INFO - Bot pollling rejimida ishga tushdi...
2026-05-08 23:25:52,710 - httpx - INFO - HTTP Request: POST https://api.telegram.org/bot8007572675:AAEpXtwxgLBvJp6jkjqAYrs2SvDiYpUwT5M/getMe "HTTP/1.1 200 OK"
2026-05-08 23:25:52,875 - httpx - INFO - HTTP Request: POST https://api.telegram.org/bot8007572675:AAEpXtwxgLBvJp6jkjqAYrs2SvDiYpUwT5M/deleteWebhook "HTTP/1.1 200 OK"
2026-05-08 23:25:52,879 - apscheduler.scheduler - INFO - Added job "send_scheduled_voice" to job store "default"
2026-05-08 23:25:52,880 - apscheduler.scheduler - INFO - Scheduler started
2026-05-08 23:25:52,881 - telegram.ext.Application - INFO - Application started
2026-05-08 23:25:55,173 - httpx - INFO - HTTP Request: POST https://api.telegram.org/bot8007572675:AAEpXtwxgLBvJp6jkjqAYrs2SvDiYpUwT5M/getUpdates "HTTP/1.1 200 OK"
2026-05-08 23:25:55,176 - __main__ - INFO - Start bosildi: 5298159692
2026-05-08 23:25:55,364 - httpx - INFO - HTTP Request: POST https://api.telegram.org/bot8007572675:AAEpXtwxgLBvJp6jkjqAYrs2SvDiYpUwT5M/sendMessage "HTTP/1.1 200 OK"
2026-05-08 23:25:55,561 - httpx - INFO - HTTP Request: POST https://api.telegram.org/bot8007572675:AAEpXtwxgLBvJp6jkjqAYrs2SvDiYpUwT5M/sendMessage "HTTP/1.1 200 OK"
2026-05-08 23:25:55,564 - apscheduler.scheduler - INFO - Added job "delayed_5298159692" to job store "default"
2026-05-08 23:25:55,765 - httpx - INFO - HTTP Request: POST https://api.telegram.org/bot8007572675:AAEpXtwxgLBvJp6jkjqAYrs2SvDiYpUwT5M/sendMessage "HTTP/1.1 200 OK"
2026-05-08 23:26:05,370 - httpx - INFO - HTTP Request: POST https://api.telegram.org/bot8007572675:AAEpXtwxgLBvJp6jkjqAYrs2SvDiYpUwT5M/getUpdates "HTTP/1.1 200 OK"
2026-05-08 23:26:05,568 - apscheduler.scheduler - INFO - Removed job 7b6e15e1590748d3b071dfe554c35e73
2026-05-08 23:26:05,569 - apscheduler.executors.default - INFO - Running job "delayed_5298159692 (trigger: date[2026-05-08 18:26:05 UTC], next run at: 2026-05-08 18:26:05 UTC)" (scheduled at 2026-05-08 18:26:05.562852+00:00)
2026-05-08 23:26:05,570 - __main__ - INFO - Vaqt keldi! Chat: 5298159692 ga jo'natilmoqda...
2026-05-08 23:26:15,561 - httpx - INFO - HTTP Request: POST https://api.telegram.org/bot8007572675:AAEpXtwxgLBvJp6jkjqAYrs2SvDiYpUwT5M/getUpdates "HTTP/1.1 200 OK"
2026-05-08 23:26:25,578 - __main__ - ERROR - Kutilmagan xato: Timed out
2026-05-08 23:26:25,740 - httpx - INFO - HTTP Request: POST https://api.telegram.org/bot8007572675:AAEpXtwxgLBvJp6jkjqAYrs2SvDiYpUwT5M/getUpdates "HTTP/1.1 200 OK"
2026-05-08 23:26:26,279 - httpx - INFO - HTTP Request: POST https://api.telegram.org/bot8007572675:AAEpXtwxgLBvJp6jkjqAYrs2SvDiYpUwT5M/sendMessage "HTTP/1.1 200 OK"
2026-05-08 23:26:26,282 - apscheduler.executors.default - INFO - Job "delayed_5298159692 (trigger: date[2026-05-08 18:26:05 UTC], next run at: 2026-05-08 18:26:05 UTC)" executed successfully
2026-05-08 23:26:35,994 - httpx - INFO - HTTP Request: POST https://api.telegram.org/bot8007572675:AAEpXtwxgLBvJp6jkjqAYrs2SvDiYpUwT5M/getUpdates "HTTP/1.1 200 OK"
2026-05-08 23:26:46,233 - httpx - INFO - HTTP Request: POST https://api.telegram.org/bot8007572675:AAEpXtwxgLBvJp6jkjqAYrs2SvDiYpUwT5M/getUpdates "HTTP/1.1 200 OK"
2026-05-08 23:26:56,414 - httpx - INFO - HTTP Request: POST https://api.telegram.org/bot8007572675:AAEpXtwxgLBvJp6jkjqAYrs2SvDiYpUwT5M/getUpdates "HTTP/1.1 200 OK"
2026-05-08 23:27:06,720 - httpx - INFO - HTTP Request: POST https://api.telegram.org/bot8007572675:AAEpXtwxgLBvJp6jkjqAYrs2SvDiYpUwT5M/getUpdates "HTTP/1.1 200 OK"
2026-05-08 23:27:16,961 - httpx - INFO - HTTP Request: POST https://api.telegram.org/bot8007572675:AAEpXtwxgLBvJp6jkjqAYrs2SvDiYpUwT5M/getUpdates "HTTP/1.1 200 OK"
2026-05-08 23:27:27,142 - httpx - INFO - HTTP Request: POST https://api.telegram.org/bot8007572675:AAEpXtwxgLBvJp6jkjqAYrs2SvDiYpUwT5M/getUpdates "HTTP/1.1 200 OK"
2026-05-08 23:27:37,340 - httpx - INFO - HTTP Request: POST https://api.telegram.org/bot8007572675:AAEpXtwxgLBvJp6jkjqAYrs2SvDiYpUwT5M/getUpdates "HTTP/1.1 200 OK"
2026-05-08 23:27:47,520 - httpx - INFO - HTTP Request: POST https://api.telegram.org/bot8007572675:AAEpXtwxgLBvJp6jkjqAYrs2SvDiYpUwT5M/getUpdates "HTTP/1.1 200 OK"
2026-05-08 23:28:05,952 - apscheduler.scheduler - INFO - Adding job tentatively -- it will be properly scheduled when the scheduler starts
2026-05-08 23:28:05,952 - __main__ - INFO - Bot pollling rejimida ishga tushdi...
2026-05-08 23:28:21,995 - httpx - INFO - HTTP Request: POST https://api.telegram.org/bot8007572675:AAEpXtwxgLBvJp6jkjqAYrs2SvDiYpUwT5M/getMe "HTTP/1.1 200 OK"
2026-05-08 23:28:22,157 - httpx - INFO - HTTP Request: POST https://api.telegram.org/bot8007572675:AAEpXtwxgLBvJp6jkjqAYrs2SvDiYpUwT5M/deleteWebhook "HTTP/1.1 200 OK"
2026-05-08 23:28:22,161 - apscheduler.scheduler - INFO - Added job "send_scheduled_voice" to job store "default"
2026-05-08 23:28:22,161 - apscheduler.scheduler - INFO - Scheduler started
2026-05-08 23:28:22,162 - telegram.ext.Application - INFO - Application started
2026-05-08 23:28:32,317 - httpx - INFO - HTTP Request: POST https://api.telegram.org/bot8007572675:AAEpXtwxgLBvJp6jkjqAYrs2SvDiYpUwT5M/getUpdates "HTTP/1.1 200 OK"
2026-05-08 23:28:32,319 - __main__ - INFO - Start bosildi: 5298159692
2026-05-08 23:28:32,860 - httpx - INFO - HTTP Request: POST https://api.telegram.org/bot8007572675:AAEpXtwxgLBvJp6jkjqAYrs2SvDiYpUwT5M/sendMessage "HTTP/1.1 200 OK"
2026-05-08 23:28:33,069 - httpx - INFO - HTTP Request: POST https://api.telegram.org/bot8007572675:AAEpXtwxgLBvJp6jkjqAYrs2SvDiYpUwT5M/sendMessage "HTTP/1.1 200 OK"
2026-05-08 23:28:33,072 - apscheduler.scheduler - INFO - Added job "delayed_5298159692" to job store "default"
2026-05-08 23:28:33,249 - httpx - INFO - HTTP Request: POST https://api.telegram.org/bot8007572675:AAEpXtwxgLBvJp6jkjqAYrs2SvDiYpUwT5M/sendMessage "HTTP/1.1 200 OK"
2026-05-08 23:28:42,660 - httpx - INFO - HTTP Request: POST https://api.telegram.org/bot8007572675:AAEpXtwxgLBvJp6jkjqAYrs2SvDiYpUwT5M/getUpdates "HTTP/1.1 200 OK"
2026-05-08 23:28:43,078 - apscheduler.scheduler - INFO - Removed job c683ffd25bdc40188231c9b825b256d7
2026-05-08 23:28:43,080 - apscheduler.executors.default - INFO - Running job "delayed_5298159692 (trigger: date[2026-05-08 18:28:43 UTC], next run at: 2026-05-08 18:28:43 UTC)" (scheduled at 2026-05-08 18:28:43.071248+00:00)
2026-05-08 23:28:43,081 - __main__ - INFO - Vaqt keldi! Chat: 5298159692 ga jo'natilmoqda...
2026-05-08 23:28:43,588 - httpx - INFO - HTTP Request: POST https://api.telegram.org/bot8007572675:AAEpXtwxgLBvJp6jkjqAYrs2SvDiYpUwT5M/sendMessage "HTTP/1.1 200 OK"
2026-05-08 23:28:52,838 - httpx - INFO - HTTP Request: POST https://api.telegram.org/bot8007572675:AAEpXtwxgLBvJp6jkjqAYrs2SvDiYpUwT5M/getUpdates "HTTP/1.1 200 OK"
2026-05-08 23:29:03,026 - httpx - INFO - HTTP Request: POST https://api.telegram.org/bot8007572675:AAEpXtwxgLBvJp6jkjqAYrs2SvDiYpUwT5M/getUpdates "HTTP/1.1 200 OK"
2026-05-08 23:29:04,069 - __main__ - ERROR - Kutilmagan xato: Timed out
2026-05-08 23:29:04,637 - httpx - INFO - HTTP Request: POST https://api.telegram.org/bot8007572675:AAEpXtwxgLBvJp6jkjqAYrs2SvDiYpUwT5M/sendMessage "HTTP/1.1 200 OK"
2026-05-08 23:29:04,649 - apscheduler.executors.default - INFO - Job "delayed_5298159692 (trigger: date[2026-05-08 18:28:43 UTC], next run at: 2026-05-08 18:28:43 UTC)" executed successfully
2026-05-08 23:29:13,205 - httpx - INFO - HTTP Request: POST https://api.telegram.org/bot8007572675:AAEpXtwxgLBvJp6jkjqAYrs2SvDiYpUwT5M/getUpdates "HTTP/1.1 200 OK"
2026-05-08 23:29:23,391 - httpx - INFO - HTTP Request: POST https://api.telegram.org/bot8007572675:AAEpXtwxgLBvJp6jkjqAYrs2SvDiYpUwT5M/getUpdates "HTTP/1.1 200 OK"
2026-05-08 23:29:33,655 - httpx - INFO - HTTP Request: POST https://api.telegram.org/bot8007572675:AAEpXtwxgLBvJp6jkjqAYrs2SvDiYpUwT5M/getUpdates "HTTP/1.1 200 OK"
2026-05-08 23:29:43,903 - httpx - INFO - HTTP Request: POST https://api.telegram.org/bot8007572675:AAEpXtwxgLBvJp6jkjqAYrs2SvDiYpUwT5M/getUpdates "HTTP/1.1 200 OK"
2026-05-08 23:29:54,144 - httpx - INFO - HTTP Request: POST https://api.telegram.org/bot8007572675:AAEpXtwxgLBvJp6jkjqAYrs2SvDiYpUwT5M/getUpdates "HTTP/1.1 200 OK"
2026-05-08 23:30:04,324 - httpx - INFO - HTTP Request: POST https://api.telegram.org/bot8007572675:AAEpXtwxgLBvJp6jkjqAYrs2SvDiYpUwT5M/getUpdates "HTTP/1.1 200 OK"
2026-05-08 23:30:14,516 - httpx - INFO - HTTP Request: POST https://api.telegram.org/bot8007572675:AAEpXtwxgLBvJp6jkjqAYrs2SvDiYpUwT5M/getUpdates "HTTP/1.1 200 OK"
2026-05-08 23:30:24,761 - httpx - INFO - HTTP Request: POST https://api.telegram.org/bot8007572675:AAEpXtwxgLBvJp6jkjqAYrs2SvDiYpUwT5M/getUpdates "HTTP/1.1 200 OK"
2026-05-08 23:30:34,994 - httpx - INFO - HTTP Request: POST https://api.telegram.org/bot8007572675:AAEpXtwxgLBvJp6jkjqAYrs2SvDiYpUwT5M/getUpdates "HTTP/1.1 200 OK"
2026-05-08 23:30:45,165 - httpx - INFO - HTTP Request: POST https://api.telegram.org/bot8007572675:AAEpXtwxgLBvJp6jkjqAYrs2SvDiYpUwT5M/getUpdates "HTTP/1.1 200 OK"
2026-05-08 23:30:55,335 - httpx - INFO - HTTP Request: POST https://api.telegram.org/bot8007572675:AAEpXtwxgLBvJp6jkjqAYrs2SvDiYpUwT5M/getUpdates "HTTP/1.1 200 OK"
2026-05-08 23:31:05,585 - httpx - INFO - HTTP Request: POST https://api.telegram.org/bot8007572675:AAEpXtwxgLBvJp6jkjqAYrs2SvDiYpUwT5M/getUpdates "HTTP/1.1 200 OK"
2026-05-08 23:31:15,803 - httpx - INFO - HTTP Request: POST https://api.telegram.org/bot8007572675:AAEpXtwxgLBvJp6jkjqAYrs2SvDiYpUwT5M/getUpdates "HTTP/1.1 200 OK"
2026-05-08 23:31:26,087 - httpx - INFO - HTTP Request: POST https://api.telegram.org/bot8007572675:AAEpXtwxgLBvJp6jkjqAYrs2SvDiYpUwT5M/getUpdates "HTTP/1.1 200 OK"
2026-05-08 23:31:36,287 - httpx - INFO - HTTP Request: POST https://api.telegram.org/bot8007572675:AAEpXtwxgLBvJp6jkjqAYrs2SvDiYpUwT5M/getUpdates "HTTP/1.1 200 OK"
2026-05-08 23:31:46,567 - httpx - INFO - HTTP Request: POST https://api.telegram.org/bot8007572675:AAEpXtwxgLBvJp6jkjqAYrs2SvDiYpUwT5M/getUpdates "HTTP/1.1 200 OK"
2026-05-08 23:31:58,265 - apscheduler.scheduler - INFO - Adding job tentatively -- it will be properly scheduled when the scheduler starts
2026-05-08 23:31:58,266 - __main__ - INFO - Bot pollling rejimida ishga tushdi...
2026-05-08 23:31:58,934 - httpx - INFO - HTTP Request: POST https://api.telegram.org/bot8007572675:AAEpXtwxgLBvJp6jkjqAYrs2SvDiYpUwT5M/getMe "HTTP/1.1 200 OK"
2026-05-08 23:31:59,585 - httpx - INFO - HTTP Request: POST https://api.telegram.org/bot8007572675:AAEpXtwxgLBvJp6jkjqAYrs2SvDiYpUwT5M/deleteWebhook "HTTP/1.1 200 OK"
2026-05-08 23:31:59,588 - apscheduler.scheduler - INFO - Added job "send_scheduled_voice" to job store "default"
2026-05-08 23:31:59,589 - apscheduler.scheduler - INFO - Scheduler started
2026-05-08 23:31:59,589 - telegram.ext.Application - INFO - Application started
2026-05-08 23:32:05,397 - httpx - INFO - HTTP Request: POST https://api.telegram.org/bot8007572675:AAEpXtwxgLBvJp6jkjqAYrs2SvDiYpUwT5M/getUpdates "HTTP/1.1 200 OK"
2026-05-08 23:32:05,399 - __main__ - INFO - Start bosildi: 5298159692
2026-05-08 23:32:05,991 - httpx - INFO - HTTP Request: POST https://api.telegram.org/bot8007572675:AAEpXtwxgLBvJp6jkjqAYrs2SvDiYpUwT5M/sendMessage "HTTP/1.1 200 OK"
2026-05-08 23:32:06,185 - httpx - INFO - HTTP Request: POST https://api.telegram.org/bot8007572675:AAEpXtwxgLBvJp6jkjqAYrs2SvDiYpUwT5M/sendMessage "HTTP/1.1 200 OK"
2026-05-08 23:32:06,189 - apscheduler.scheduler - INFO - Added job "delayed_5298159692" to job store "default"
2026-05-08 23:32:06,458 - httpx - INFO - HTTP Request: POST https://api.telegram.org/bot8007572675:AAEpXtwxgLBvJp6jkjqAYrs2SvDiYpUwT5M/sendMessage "HTTP/1.1 200 OK"
2026-05-08 23:32:15,659 - httpx - INFO - HTTP Request: POST https://api.telegram.org/bot8007572675:AAEpXtwxgLBvJp6jkjqAYrs2SvDiYpUwT5M/getUpdates "HTTP/1.1 200 OK"
2026-05-08 23:32:16,200 - apscheduler.scheduler - INFO - Removed job e221390059a2439aa65d5593e7cd5d6a
2026-05-08 23:32:16,202 - apscheduler.executors.default - INFO - Running job "delayed_5298159692 (trigger: date[2026-05-08 18:32:16 UTC], next run at: 2026-05-08 18:32:16 UTC)" (scheduled at 2026-05-08 18:32:16.187162+00:00)
2026-05-08 23:32:16,204 - __main__ - INFO - Vaqt keldi! Chat: 5298159692 ga jo'natilmoqda...
2026-05-08 23:32:16,721 - httpx - INFO - HTTP Request: POST https://api.telegram.org/bot8007572675:AAEpXtwxgLBvJp6jkjqAYrs2SvDiYpUwT5M/sendMessage "HTTP/1.1 200 OK"
2026-05-08 23:32:24,970 - httpx - INFO - HTTP Request: POST https://api.telegram.org/bot8007572675:AAEpXtwxgLBvJp6jkjqAYrs2SvDiYpUwT5M/sendVideo "HTTP/1.1 200 OK"
2026-05-08 23:32:24,974 - __main__ - INFO - Video muvaffaqiyatli yuborildi: 5298159692
2026-05-08 23:32:24,974 - apscheduler.executors.default - INFO - Job "delayed_5298159692 (trigger: date[2026-05-08 18:32:16 UTC], next run at: 2026-05-08 18:32:16 UTC)" executed successfully
2026-05-08 23:32:25,886 - httpx - INFO - HTTP Request: POST https://api.telegram.org/bot8007572675:AAEpXtwxgLBvJp6jkjqAYrs2SvDiYpUwT5M/getUpdates "HTTP/1.1 200 OK"
2026-05-08 23:32:36,088 - httpx - INFO - HTTP Request: POST https://api.telegram.org/bot8007572675:AAEpXtwxgLBvJp6jkjqAYrs2SvDiYpUwT5M/getUpdates "HTTP/1.1 200 OK"
2026-05-08 23:32:46,368 - httpx - INFO - HTTP Request: POST https://api.telegram.org/bot8007572675:AAEpXtwxgLBvJp6jkjqAYrs2SvDiYpUwT5M/getUpdates "HTTP/1.1 200 OK"
2026-05-08 23:32:56,615 - httpx - INFO - HTTP Request: POST https://api.telegram.org/bot8007572675:AAEpXtwxgLBvJp6jkjqAYrs2SvDiYpUwT5M/getUpdates "HTTP/1.1 200 OK"
2026-05-08 23:33:06,840 - httpx - INFO - HTTP Request: POST https://api.telegram.org/bot8007572675:AAEpXtwxgLBvJp6jkjqAYrs2SvDiYpUwT5M/getUpdates "HTTP/1.1 200 OK"
2026-05-08 23:33:17,086 - httpx - INFO - HTTP Request: POST https://api.telegram.org/bot8007572675:AAEpXtwxgLBvJp6jkjqAYrs2SvDiYpUwT5M/getUpdates "HTTP/1.1 200 OK"
2026-05-08 23:33:27,326 - httpx - INFO - HTTP Request: POST https://api.telegram.org/bot8007572675:AAEpXtwxgLBvJp6jkjqAYrs2SvDiYpUwT5M/getUpdates "HTTP/1.1 200 OK"
2026-05-08 23:33:35,111 - httpx - INFO - HTTP Request: POST https://api.telegram.org/bot8007572675:AAEpXtwxgLBvJp6jkjqAYrs2SvDiYpUwT5M/getUpdates "HTTP/1.1 200 OK"
2026-05-08 23:33:35,115 - __main__ - INFO - Start bosildi: 6373916207
2026-05-08 23:33:45,323 - httpx - INFO - HTTP Request: POST https://api.telegram.org/bot8007572675:AAEpXtwxgLBvJp6jkjqAYrs2SvDiYpUwT5M/getUpdates "HTTP/1.1 200 OK"
2026-05-08 23:33:48,728 - httpx - INFO - HTTP Request: POST https://api.telegram.org/bot8007572675:AAEpXtwxgLBvJp6jkjqAYrs2SvDiYpUwT5M/getUpdates "HTTP/1.1 200 OK"
2026-05-08 23:33:50,716 - httpx - INFO - HTTP Request: POST https://api.telegram.org/bot8007572675:AAEpXtwxgLBvJp6jkjqAYrs2SvDiYpUwT5M/sendMessage "HTTP/1.1 200 OK"
2026-05-08 23:33:51,615 - httpx - INFO - HTTP Request: POST https://api.telegram.org/bot8007572675:AAEpXtwxgLBvJp6jkjqAYrs2SvDiYpUwT5M/sendMessage "HTTP/1.1 200 OK"
2026-05-08 23:33:51,617 - apscheduler.scheduler - INFO - Added job "delayed_6373916207" to job store "default"
2026-05-08 23:33:51,890 - httpx - INFO - HTTP Request: POST https://api.telegram.org/bot8007572675:AAEpXtwxgLBvJp6jkjqAYrs2SvDiYpUwT5M/sendMessage "HTTP/1.1 200 OK"
2026-05-08 23:33:51,893 - __main__ - INFO - Start bosildi: 6373916207
2026-05-08 23:33:52,096 - httpx - INFO - HTTP Request: POST https://api.telegram.org/bot8007572675:AAEpXtwxgLBvJp6jkjqAYrs2SvDiYpUwT5M/sendMessage "HTTP/1.1 200 OK"
2026-05-08 23:33:52,367 - httpx - INFO - HTTP Request: POST https://api.telegram.org/bot8007572675:AAEpXtwxgLBvJp6jkjqAYrs2SvDiYpUwT5M/sendMessage "HTTP/1.1 200 OK"
2026-05-08 23:33:52,371 - apscheduler.scheduler - INFO - Added job "delayed_6373916207" to job store "default"
2026-05-08 23:33:52,826 - httpx - INFO - HTTP Request: POST https://api.telegram.org/bot8007572675:AAEpXtwxgLBvJp6jkjqAYrs2SvDiYpUwT5M/sendMessage "HTTP/1.1 200 OK"
2026-05-08 23:33:58,902 - httpx - INFO - HTTP Request: POST https://api.telegram.org/bot8007572675:AAEpXtwxgLBvJp6jkjqAYrs2SvDiYpUwT5M/getUpdates "HTTP/1.1 200 OK"
2026-05-08 23:34:01,628 - apscheduler.scheduler - INFO - Removed job 3f83c007a6cc47d7a73f4e69083e1259
2026-05-08 23:34:01,630 - apscheduler.executors.default - INFO - Running job "delayed_6373916207 (trigger: date[2026-05-08 18:34:01 UTC], next run at: 2026-05-08 18:34:01 UTC)" (scheduled at 2026-05-08 18:34:01.617061+00:00)
2026-05-08 23:34:01,631 - __main__ - INFO - Vaqt keldi! Chat: 6373916207 ga jo'natilmoqda...
2026-05-08 23:34:02,378 - apscheduler.scheduler - INFO - Removed job 1d640c946f5e4d699b174437cf2fd47b
2026-05-08 23:34:02,380 - apscheduler.executors.default - INFO - Running job "delayed_6373916207 (trigger: date[2026-05-08 18:34:02 UTC], next run at: 2026-05-08 18:34:02 UTC)" (scheduled at 2026-05-08 18:34:02.371479+00:00)
2026-05-08 23:34:02,381 - __main__ - INFO - Vaqt keldi! Chat: 6373916207 ga jo'natilmoqda...
2026-05-08 23:34:02,943 - httpx - INFO - HTTP Request: POST https://api.telegram.org/bot8007572675:AAEpXtwxgLBvJp6jkjqAYrs2SvDiYpUwT5M/sendMessage "HTTP/1.1 200 OK"
2026-05-08 23:34:09,070 - httpx - INFO - HTTP Request: POST https://api.telegram.org/bot8007572675:AAEpXtwxgLBvJp6jkjqAYrs2SvDiYpUwT5M/getUpdates "HTTP/1.1 200 OK"
2026-05-08 23:34:09,540 - httpx - INFO - HTTP Request: POST https://api.telegram.org/bot8007572675:AAEpXtwxgLBvJp6jkjqAYrs2SvDiYpUwT5M/sendVideo "HTTP/1.1 200 OK"
2026-05-08 23:34:09,542 - __main__ - INFO - Video muvaffaqiyatli yuborildi: 6373916207
2026-05-08 23:34:09,543 - apscheduler.executors.default - INFO - Job "delayed_6373916207 (trigger: date[2026-05-08 18:34:02 UTC], next run at: 2026-05-08 18:34:02 UTC)" executed successfully
2026-05-08 23:34:19,356 - httpx - INFO - HTTP Request: POST https://api.telegram.org/bot8007572675:AAEpXtwxgLBvJp6jkjqAYrs2SvDiYpUwT5M/getUpdates "HTTP/1.1 200 OK"
2026-05-08 23:34:21,648 - __main__ - ERROR - Kutilmagan xato: Timed out
2026-05-08 23:34:29,588 - httpx - INFO - HTTP Request: POST https://api.telegram.org/bot8007572675:AAEpXtwxgLBvJp6jkjqAYrs2SvDiYpUwT5M/getUpdates "HTTP/1.1 200 OK"
2026-05-08 23:34:39,758 - httpx - INFO - HTTP Request: POST https://api.telegram.org/bot8007572675:AAEpXtwxgLBvJp6jkjqAYrs2SvDiYpUwT5M/getUpdates "HTTP/1.1 200 OK"
2026-05-08 23:34:41,685 - apscheduler.executors.default - INFO - Job "delayed_6373916207 (trigger: date[2026-05-08 18:34:01 UTC], next run at: 2026-05-08 18:34:01 UTC)" executed successfully
2026-05-08 23:34:49,973 - httpx - INFO - HTTP Request: POST https://api.telegram.org/bot8007572675:AAEpXtwxgLBvJp6jkjqAYrs2SvDiYpUwT5M/getUpdates "HTTP/1.1 200 OK"
2026-05-08 23:35:00,205 - httpx - INFO - HTTP Request: POST https://api.telegram.org/bot8007572675:AAEpXtwxgLBvJp6jkjqAYrs2SvDiYpUwT5M/getUpdates "HTTP/1.1 200 OK"
2026-05-08 23:35:20,227 - telegram.ext.Application - ERROR - No error handlers are registered, logging exception.
Traceback (most recent call last):
  File "C:\Users\abbos\AppData\Local\Python\pythoncore-3.14-64\Lib\site-packages\httpx\_transports\default.py", line 101, in map_httpcore_exceptions
    yield
  File "C:\Users\abbos\AppData\Local\Python\pythoncore-3.14-64\Lib\site-packages\httpx\_transports\default.py", line 394, in handle_async_request
    resp = await self._pool.handle_async_request(req)
           ^^^^^^^^^^^^^^^^^^^^^^^^^^^^^^^^^^^^^^^^^^
  File "C:\Users\abbos\AppData\Local\Python\pythoncore-3.14-64\Lib\site-packages\httpcore\_async\connection_pool.py", line 256, in handle_async_request
    raise exc from None
  File "C:\Users\abbos\AppData\Local\Python\pythoncore-3.14-64\Lib\site-packages\httpcore\_async\connection_pool.py", line 236, in handle_async_request
    response = await connection.handle_async_request(
               ^^^^^^^^^^^^^^^^^^^^^^^^^^^^^^^^^^^^^^
        pool_request.request
        ^^^^^^^^^^^^^^^^^^^^
    )
    ^
  File "C:\Users\abbos\AppData\Local\Python\pythoncore-3.14-64\Lib\site-packages\httpcore\_async\connection.py", line 101, in handle_async_request
    raise exc
  File "C:\Users\abbos\AppData\Local\Python\pythoncore-3.14-64\Lib\site-packages\httpcore\_async\connection.py", line 78, in handle_async_request
    stream = await self._connect(request)
             ^^^^^^^^^^^^^^^^^^^^^^^^^^^^
  File "C:\Users\abbos\AppData\Local\Python\pythoncore-3.14-64\Lib\site-packages\httpcore\_async\connection.py", line 124, in _connect
    stream = await self._network_backend.connect_tcp(**kwargs)
             ^^^^^^^^^^^^^^^^^^^^^^^^^^^^^^^^^^^^^^^^^^^^^^^^^
  File "C:\Users\abbos\AppData\Local\Python\pythoncore-3.14-64\Lib\site-packages\httpcore\_backends\auto.py", line 31, in connect_tcp
    return await self._backend.connect_tcp(
           ^^^^^^^^^^^^^^^^^^^^^^^^^^^^^^^^
    ...<5 lines>...
    )
    ^
  File "C:\Users\abbos\AppData\Local\Python\pythoncore-3.14-64\Lib\site-packages\httpcore\_backends\anyio.py", line 113, in connect_tcp
    with map_exceptions(exc_map):
         ~~~~~~~~~~~~~~^^^^^^^^^
  File "C:\Users\abbos\AppData\Local\Python\pythoncore-3.14-64\Lib\contextlib.py", line 162, in __exit__
    self.gen.throw(value)
    ~~~~~~~~~~~~~~^^^^^^^
  File "C:\Users\abbos\AppData\Local\Python\pythoncore-3.14-64\Lib\site-packages\httpcore\_exceptions.py", line 14, in map_exceptions
    raise to_exc(exc) from exc
httpcore.ConnectError: [Errno 11001] getaddrinfo failed

The above exception was the direct cause of the following exception:

Traceback (most recent call last):
  File "C:\Users\abbos\AppData\Local\Python\pythoncore-3.14-64\Lib\site-packages\telegram\request\_httpxrequest.py", line 279, in do_request
    res = await self._client.request(
          ^^^^^^^^^^^^^^^^^^^^^^^^^^^
    ...<6 lines>...
    )
    ^
  File "C:\Users\abbos\AppData\Local\Python\pythoncore-3.14-64\Lib\site-packages\httpx\_client.py", line 1540, in request
    return await self.send(request, auth=auth, follow_redirects=follow_redirects)
           ^^^^^^^^^^^^^^^^^^^^^^^^^^^^^^^^^^^^^^^^^^^^^^^^^^^^^^^^^^^^^^^^^^^^^^
  File "C:\Users\abbos\AppData\Local\Python\pythoncore-3.14-64\Lib\site-packages\httpx\_client.py", line 1629, in send
    response = await self._send_handling_auth(
               ^^^^^^^^^^^^^^^^^^^^^^^^^^^^^^^
    ...<4 lines>...
    )
    ^
  File "C:\Users\abbos\AppData\Local\Python\pythoncore-3.14-64\Lib\site-packages\httpx\_client.py", line 1657, in _send_handling_auth
    response = await self._send_handling_redirects(
               ^^^^^^^^^^^^^^^^^^^^^^^^^^^^^^^^^^^^
    ...<3 lines>...
    )
    ^
  File "C:\Users\abbos\AppData\Local\Python\pythoncore-3.14-64\Lib\site-packages\httpx\_client.py", line 1694, in _send_handling_redirects
    response = await self._send_single_request(request)
               ^^^^^^^^^^^^^^^^^^^^^^^^^^^^^^^^^^^^^^^^
  File "C:\Users\abbos\AppData\Local\Python\pythoncore-3.14-64\Lib\site-packages\httpx\_client.py", line 1730, in _send_single_request
    response = await transport.handle_async_request(request)
               ^^^^^^^^^^^^^^^^^^^^^^^^^^^^^^^^^^^^^^^^^^^^^
  File "C:\Users\abbos\AppData\Local\Python\pythoncore-3.14-64\Lib\site-packages\httpx\_transports\default.py", line 393, in handle_async_request
    with map_httpcore_exceptions():
         ~~~~~~~~~~~~~~~~~~~~~~~^^
  File "C:\Users\abbos\AppData\Local\Python\pythoncore-3.14-64\Lib\contextlib.py", line 162, in __exit__
    self.gen.throw(value)
    ~~~~~~~~~~~~~~^^^^^^^
  File "C:\Users\abbos\AppData\Local\Python\pythoncore-3.14-64\Lib\site-packages\httpx\_transports\default.py", line 118, in map_httpcore_exceptions
    raise mapped_exc(message) from exc
httpx.ConnectError: [Errno 11001] getaddrinfo failed

The above exception was the direct cause of the following exception:

Traceback (most recent call last):
  File "C:\Users\abbos\AppData\Local\Python\pythoncore-3.14-64\Lib\site-packages\telegram\ext\_utils\networkloop.py", line 161, in network_retry_loop
    await do_action()
  File "C:\Users\abbos\AppData\Local\Python\pythoncore-3.14-64\Lib\site-packages\telegram\ext\_utils\networkloop.py", line 154, in do_action
    action_cb_task.result()
    ~~~~~~~~~~~~~~~~~~~~~^^
  File "C:\Users\abbos\AppData\Local\Python\pythoncore-3.14-64\Lib\site-packages\telegram\ext\_updater.py", line 340, in polling_action_cb
    updates = await self.bot.get_updates(
              ^^^^^^^^^^^^^^^^^^^^^^^^^^^
    ...<3 lines>...
    )
    ^
  File "C:\Users\abbos\AppData\Local\Python\pythoncore-3.14-64\Lib\site-packages\telegram\ext\_extbot.py", line 672, in get_updates
    updates = await super().get_updates(
              ^^^^^^^^^^^^^^^^^^^^^^^^^^
    ...<9 lines>...
    )
    ^
  File "C:\Users\abbos\AppData\Local\Python\pythoncore-3.14-64\Lib\site-packages\telegram\_bot.py", line 4865, in get_updates
    await self._post(
    ^^^^^^^^^^^^^^^^^
    ...<7 lines>...
    ),
    ^
  File "C:\Users\abbos\AppData\Local\Python\pythoncore-3.14-64\Lib\site-packages\telegram\_bot.py", line 704, in _post
    return await self._do_post(
           ^^^^^^^^^^^^^^^^^^^^
    ...<6 lines>...
    )
    ^
  File "C:\Users\abbos\AppData\Local\Python\pythoncore-3.14-64\Lib\site-packages\telegram\ext\_extbot.py", line 370, in _do_post
    return await super()._do_post(
           ^^^^^^^^^^^^^^^^^^^^^^^
    ...<6 lines>...
    )
    ^
  File "C:\Users\abbos\AppData\Local\Python\pythoncore-3.14-64\Lib\site-packages\telegram\_bot.py", line 733, in _do_post
    result = await request.post(
             ^^^^^^^^^^^^^^^^^^^
    ...<6 lines>...
    )
    ^
  File "C:\Users\abbos\AppData\Local\Python\pythoncore-3.14-64\Lib\site-packages\telegram\request\_baserequest.py", line 198, in post
    result = await self._request_wrapper(
             ^^^^^^^^^^^^^^^^^^^^^^^^^^^^
    ...<7 lines>...
    )
    ^
  File "C:\Users\abbos\AppData\Local\Python\pythoncore-3.14-64\Lib\site-packages\telegram\request\_baserequest.py", line 305, in _request_wrapper
    code, payload = await self.do_request(
                    ^^^^^^^^^^^^^^^^^^^^^^
    ...<7 lines>...
    )
    ^
  File "C:\Users\abbos\AppData\Local\Python\pythoncore-3.14-64\Lib\site-packages\telegram\request\_httpxrequest.py", line 303, in do_request
    raise NetworkError(f"httpx.{err.__class__.__name__}: {err}") from err
telegram.error.NetworkError: httpx.ConnectError: [Errno 11001] getaddrinfo failed
2026-05-08 23:35:21,241 - telegram.ext.Application - ERROR - No error handlers are registered, logging exception.
Traceback (most recent call last):
  File "C:\Users\abbos\AppData\Local\Python\pythoncore-3.14-64\Lib\site-packages\httpx\_transports\default.py", line 101, in map_httpcore_exceptions
    yield
  File "C:\Users\abbos\AppData\Local\Python\pythoncore-3.14-64\Lib\site-packages\httpx\_transports\default.py", line 394, in handle_async_request
    resp = await self._pool.handle_async_request(req)
           ^^^^^^^^^^^^^^^^^^^^^^^^^^^^^^^^^^^^^^^^^^
  File "C:\Users\abbos\AppData\Local\Python\pythoncore-3.14-64\Lib\site-packages\httpcore\_async\connection_pool.py", line 256, in handle_async_request
    raise exc from None
  File "C:\Users\abbos\AppData\Local\Python\pythoncore-3.14-64\Lib\site-packages\httpcore\_async\connection_pool.py", line 236, in handle_async_request
    response = await connection.handle_async_request(
               ^^^^^^^^^^^^^^^^^^^^^^^^^^^^^^^^^^^^^^
        pool_request.request
        ^^^^^^^^^^^^^^^^^^^^
    )
    ^
  File "C:\Users\abbos\AppData\Local\Python\pythoncore-3.14-64\Lib\site-packages\httpcore\_async\connection.py", line 101, in handle_async_request
    raise exc
  File "C:\Users\abbos\AppData\Local\Python\pythoncore-3.14-64\Lib\site-packages\httpcore\_async\connection.py", line 78, in handle_async_request
    stream = await self._connect(request)
             ^^^^^^^^^^^^^^^^^^^^^^^^^^^^
  File "C:\Users\abbos\AppData\Local\Python\pythoncore-3.14-64\Lib\site-packages\httpcore\_async\connection.py", line 124, in _connect
    stream = await self._network_backend.connect_tcp(**kwargs)
             ^^^^^^^^^^^^^^^^^^^^^^^^^^^^^^^^^^^^^^^^^^^^^^^^^
  File "C:\Users\abbos\AppData\Local\Python\pythoncore-3.14-64\Lib\site-packages\httpcore\_backends\auto.py", line 31, in connect_tcp
    return await self._backend.connect_tcp(
           ^^^^^^^^^^^^^^^^^^^^^^^^^^^^^^^^
    ...<5 lines>...
    )
    ^
  File "C:\Users\abbos\AppData\Local\Python\pythoncore-3.14-64\Lib\site-packages\httpcore\_backends\anyio.py", line 113, in connect_tcp
    with map_exceptions(exc_map):
         ~~~~~~~~~~~~~~^^^^^^^^^
  File "C:\Users\abbos\AppData\Local\Python\pythoncore-3.14-64\Lib\contextlib.py", line 162, in __exit__
    self.gen.throw(value)
    ~~~~~~~~~~~~~~^^^^^^^
  File "C:\Users\abbos\AppData\Local\Python\pythoncore-3.14-64\Lib\site-packages\httpcore\_exceptions.py", line 14, in map_exceptions
    raise to_exc(exc) from exc
httpcore.ConnectError: [Errno 11001] getaddrinfo failed

The above exception was the direct cause of the following exception:

Traceback (most recent call last):
  File "C:\Users\abbos\AppData\Local\Python\pythoncore-3.14-64\Lib\site-packages\telegram\request\_httpxrequest.py", line 279, in do_request
    res = await self._client.request(
          ^^^^^^^^^^^^^^^^^^^^^^^^^^^
    ...<6 lines>...
    )
    ^
  File "C:\Users\abbos\AppData\Local\Python\pythoncore-3.14-64\Lib\site-packages\httpx\_client.py", line 1540, in request
    return await self.send(request, auth=auth, follow_redirects=follow_redirects)
           ^^^^^^^^^^^^^^^^^^^^^^^^^^^^^^^^^^^^^^^^^^^^^^^^^^^^^^^^^^^^^^^^^^^^^^
  File "C:\Users\abbos\AppData\Local\Python\pythoncore-3.14-64\Lib\site-packages\httpx\_client.py", line 1629, in send
    response = await self._send_handling_auth(
               ^^^^^^^^^^^^^^^^^^^^^^^^^^^^^^^
    ...<4 lines>...
    )
    ^
  File "C:\Users\abbos\AppData\Local\Python\pythoncore-3.14-64\Lib\site-packages\httpx\_client.py", line 1657, in _send_handling_auth
    response = await self._send_handling_redirects(
               ^^^^^^^^^^^^^^^^^^^^^^^^^^^^^^^^^^^^
    ...<3 lines>...
    )
    ^
  File "C:\Users\abbos\AppData\Local\Python\pythoncore-3.14-64\Lib\site-packages\httpx\_client.py", line 1694, in _send_handling_redirects
    response = await self._send_single_request(request)
               ^^^^^^^^^^^^^^^^^^^^^^^^^^^^^^^^^^^^^^^^
  File "C:\Users\abbos\AppData\Local\Python\pythoncore-3.14-64\Lib\site-packages\httpx\_client.py", line 1730, in _send_single_request
    response = await transport.handle_async_request(request)
               ^^^^^^^^^^^^^^^^^^^^^^^^^^^^^^^^^^^^^^^^^^^^^
  File "C:\Users\abbos\AppData\Local\Python\pythoncore-3.14-64\Lib\site-packages\httpx\_transports\default.py", line 393, in handle_async_request
    with map_httpcore_exceptions():
         ~~~~~~~~~~~~~~~~~~~~~~~^^
  File "C:\Users\abbos\AppData\Local\Python\pythoncore-3.14-64\Lib\contextlib.py", line 162, in __exit__
    self.gen.throw(value)
    ~~~~~~~~~~~~~~^^^^^^^
  File "C:\Users\abbos\AppData\Local\Python\pythoncore-3.14-64\Lib\site-packages\httpx\_transports\default.py", line 118, in map_httpcore_exceptions
    raise mapped_exc(message) from exc
httpx.ConnectError: [Errno 11001] getaddrinfo failed

The above exception was the direct cause of the following exception:

Traceback (most recent call last):
  File "C:\Users\abbos\AppData\Local\Python\pythoncore-3.14-64\Lib\site-packages\telegram\ext\_utils\networkloop.py", line 161, in network_retry_loop
    await do_action()
  File "C:\Users\abbos\AppData\Local\Python\pythoncore-3.14-64\Lib\site-packages\telegram\ext\_utils\networkloop.py", line 154, in do_action
    action_cb_task.result()
    ~~~~~~~~~~~~~~~~~~~~~^^
  File "C:\Users\abbos\AppData\Local\Python\pythoncore-3.14-64\Lib\site-packages\telegram\ext\_updater.py", line 340, in polling_action_cb
    updates = await self.bot.get_updates(
              ^^^^^^^^^^^^^^^^^^^^^^^^^^^
    ...<3 lines>...
    )
    ^
  File "C:\Users\abbos\AppData\Local\Python\pythoncore-3.14-64\Lib\site-packages\telegram\ext\_extbot.py", line 672, in get_updates
    updates = await super().get_updates(
              ^^^^^^^^^^^^^^^^^^^^^^^^^^
    ...<9 lines>...
    )
    ^
  File "C:\Users\abbos\AppData\Local\Python\pythoncore-3.14-64\Lib\site-packages\telegram\_bot.py", line 4865, in get_updates
    await self._post(
    ^^^^^^^^^^^^^^^^^
    ...<7 lines>...
    ),
    ^
  File "C:\Users\abbos\AppData\Local\Python\pythoncore-3.14-64\Lib\site-packages\telegram\_bot.py", line 704, in _post
    return await self._do_post(
           ^^^^^^^^^^^^^^^^^^^^
    ...<6 lines>...
    )
    ^
  File "C:\Users\abbos\AppData\Local\Python\pythoncore-3.14-64\Lib\site-packages\telegram\ext\_extbot.py", line 370, in _do_post
    return await super()._do_post(
           ^^^^^^^^^^^^^^^^^^^^^^^
    ...<6 lines>...
    )
    ^
  File "C:\Users\abbos\AppData\Local\Python\pythoncore-3.14-64\Lib\site-packages\telegram\_bot.py", line 733, in _do_post
    result = await request.post(
             ^^^^^^^^^^^^^^^^^^^
    ...<6 lines>...
    )
    ^
  File "C:\Users\abbos\AppData\Local\Python\pythoncore-3.14-64\Lib\site-packages\telegram\request\_baserequest.py", line 198, in post
    result = await self._request_wrapper(
             ^^^^^^^^^^^^^^^^^^^^^^^^^^^^
    ...<7 lines>...
    )
    ^
  File "C:\Users\abbos\AppData\Local\Python\pythoncore-3.14-64\Lib\site-packages\telegram\request\_baserequest.py", line 305, in _request_wrapper
    code, payload = await self.do_request(
                    ^^^^^^^^^^^^^^^^^^^^^^
    ...<7 lines>...
    )
    ^
  File "C:\Users\abbos\AppData\Local\Python\pythoncore-3.14-64\Lib\site-packages\telegram\request\_httpxrequest.py", line 303, in do_request
    raise NetworkError(f"httpx.{err.__class__.__name__}: {err}") from err
telegram.error.NetworkError: httpx.ConnectError: [Errno 11001] getaddrinfo failed
2026-05-08 23:35:27,769 - telegram.ext.Application - ERROR - No error handlers are registered, logging exception.
Traceback (most recent call last):
  File "C:\Users\abbos\AppData\Local\Python\pythoncore-3.14-64\Lib\site-packages\httpx\_transports\default.py", line 101, in map_httpcore_exceptions
    yield
  File "C:\Users\abbos\AppData\Local\Python\pythoncore-3.14-64\Lib\site-packages\httpx\_transports\default.py", line 394, in handle_async_request
    resp = await self._pool.handle_async_request(req)
           ^^^^^^^^^^^^^^^^^^^^^^^^^^^^^^^^^^^^^^^^^^
  File "C:\Users\abbos\AppData\Local\Python\pythoncore-3.14-64\Lib\site-packages\httpcore\_async\connection_pool.py", line 256, in handle_async_request
    raise exc from None
  File "C:\Users\abbos\AppData\Local\Python\pythoncore-3.14-64\Lib\site-packages\httpcore\_async\connection_pool.py", line 236, in handle_async_request
    response = await connection.handle_async_request(
               ^^^^^^^^^^^^^^^^^^^^^^^^^^^^^^^^^^^^^^
        pool_request.request
        ^^^^^^^^^^^^^^^^^^^^
    )
    ^
  File "C:\Users\abbos\AppData\Local\Python\pythoncore-3.14-64\Lib\site-packages\httpcore\_async\connection.py", line 101, in handle_async_request
    raise exc
  File "C:\Users\abbos\AppData\Local\Python\pythoncore-3.14-64\Lib\site-packages\httpcore\_async\connection.py", line 78, in handle_async_request
    stream = await self._connect(request)
             ^^^^^^^^^^^^^^^^^^^^^^^^^^^^
  File "C:\Users\abbos\AppData\Local\Python\pythoncore-3.14-64\Lib\site-packages\httpcore\_async\connection.py", line 124, in _connect
    stream = await self._network_backend.connect_tcp(**kwargs)
             ^^^^^^^^^^^^^^^^^^^^^^^^^^^^^^^^^^^^^^^^^^^^^^^^^
  File "C:\Users\abbos\AppData\Local\Python\pythoncore-3.14-64\Lib\site-packages\httpcore\_backends\auto.py", line 31, in connect_tcp
    return await self._backend.connect_tcp(
           ^^^^^^^^^^^^^^^^^^^^^^^^^^^^^^^^
    ...<5 lines>...
    )
    ^
  File "C:\Users\abbos\AppData\Local\Python\pythoncore-3.14-64\Lib\site-packages\httpcore\_backends\anyio.py", line 113, in connect_tcp
    with map_exceptions(exc_map):
         ~~~~~~~~~~~~~~^^^^^^^^^
  File "C:\Users\abbos\AppData\Local\Python\pythoncore-3.14-64\Lib\contextlib.py", line 162, in __exit__
    self.gen.throw(value)
    ~~~~~~~~~~~~~~^^^^^^^
  File "C:\Users\abbos\AppData\Local\Python\pythoncore-3.14-64\Lib\site-packages\httpcore\_exceptions.py", line 14, in map_exceptions
    raise to_exc(exc) from exc
httpcore.ConnectError: [Errno 11001] getaddrinfo failed

The above exception was the direct cause of the following exception:

Traceback (most recent call last):
  File "C:\Users\abbos\AppData\Local\Python\pythoncore-3.14-64\Lib\site-packages\telegram\request\_httpxrequest.py", line 279, in do_request
    res = await self._client.request(
          ^^^^^^^^^^^^^^^^^^^^^^^^^^^
    ...<6 lines>...
    )
    ^
  File "C:\Users\abbos\AppData\Local\Python\pythoncore-3.14-64\Lib\site-packages\httpx\_client.py", line 1540, in request
    return await self.send(request, auth=auth, follow_redirects=follow_redirects)
           ^^^^^^^^^^^^^^^^^^^^^^^^^^^^^^^^^^^^^^^^^^^^^^^^^^^^^^^^^^^^^^^^^^^^^^
  File "C:\Users\abbos\AppData\Local\Python\pythoncore-3.14-64\Lib\site-packages\httpx\_client.py", line 1629, in send
    response = await self._send_handling_auth(
               ^^^^^^^^^^^^^^^^^^^^^^^^^^^^^^^
    ...<4 lines>...
    )
    ^
  File "C:\Users\abbos\AppData\Local\Python\pythoncore-3.14-64\Lib\site-packages\httpx\_client.py", line 1657, in _send_handling_auth
    response = await self._send_handling_redirects(
               ^^^^^^^^^^^^^^^^^^^^^^^^^^^^^^^^^^^^
    ...<3 lines>...
    )
    ^
  File "C:\Users\abbos\AppData\Local\Python\pythoncore-3.14-64\Lib\site-packages\httpx\_client.py", line 1694, in _send_handling_redirects
    response = await self._send_single_request(request)
               ^^^^^^^^^^^^^^^^^^^^^^^^^^^^^^^^^^^^^^^^
  File "C:\Users\abbos\AppData\Local\Python\pythoncore-3.14-64\Lib\site-packages\httpx\_client.py", line 1730, in _send_single_request
    response = await transport.handle_async_request(request)
               ^^^^^^^^^^^^^^^^^^^^^^^^^^^^^^^^^^^^^^^^^^^^^
  File "C:\Users\abbos\AppData\Local\Python\pythoncore-3.14-64\Lib\site-packages\httpx\_transports\default.py", line 393, in handle_async_request
    with map_httpcore_exceptions():
         ~~~~~~~~~~~~~~~~~~~~~~~^^
  File "C:\Users\abbos\AppData\Local\Python\pythoncore-3.14-64\Lib\contextlib.py", line 162, in __exit__
    self.gen.throw(value)
    ~~~~~~~~~~~~~~^^^^^^^
  File "C:\Users\abbos\AppData\Local\Python\pythoncore-3.14-64\Lib\site-packages\httpx\_transports\default.py", line 118, in map_httpcore_exceptions
    raise mapped_exc(message) from exc
httpx.ConnectError: [Errno 11001] getaddrinfo failed

The above exception was the direct cause of the following exception:

Traceback (most recent call last):
  File "C:\Users\abbos\AppData\Local\Python\pythoncore-3.14-64\Lib\site-packages\telegram\ext\_utils\networkloop.py", line 161, in network_retry_loop
    await do_action()
  File "C:\Users\abbos\AppData\Local\Python\pythoncore-3.14-64\Lib\site-packages\telegram\ext\_utils\networkloop.py", line 154, in do_action
    action_cb_task.result()
    ~~~~~~~~~~~~~~~~~~~~~^^
  File "C:\Users\abbos\AppData\Local\Python\pythoncore-3.14-64\Lib\site-packages\telegram\ext\_updater.py", line 340, in polling_action_cb
    updates = await self.bot.get_updates(
              ^^^^^^^^^^^^^^^^^^^^^^^^^^^
    ...<3 lines>...
    )
    ^
  File "C:\Users\abbos\AppData\Local\Python\pythoncore-3.14-64\Lib\site-packages\telegram\ext\_extbot.py", line 672, in get_updates
    updates = await super().get_updates(
              ^^^^^^^^^^^^^^^^^^^^^^^^^^
    ...<9 lines>...
    )
    ^
  File "C:\Users\abbos\AppData\Local\Python\pythoncore-3.14-64\Lib\site-packages\telegram\_bot.py", line 4865, in get_updates
    await self._post(
    ^^^^^^^^^^^^^^^^^
    ...<7 lines>...
    ),
    ^
  File "C:\Users\abbos\AppData\Local\Python\pythoncore-3.14-64\Lib\site-packages\telegram\_bot.py", line 704, in _post
    return await self._do_post(
           ^^^^^^^^^^^^^^^^^^^^
    ...<6 lines>...
    )
    ^
  File "C:\Users\abbos\AppData\Local\Python\pythoncore-3.14-64\Lib\site-packages\telegram\ext\_extbot.py", line 370, in _do_post
    return await super()._do_post(
           ^^^^^^^^^^^^^^^^^^^^^^^
    ...<6 lines>...
    )
    ^
  File "C:\Users\abbos\AppData\Local\Python\pythoncore-3.14-64\Lib\site-packages\telegram\_bot.py", line 733, in _do_post
    result = await request.post(
             ^^^^^^^^^^^^^^^^^^^
    ...<6 lines>...
    )
    ^
  File "C:\Users\abbos\AppData\Local\Python\pythoncore-3.14-64\Lib\site-packages\telegram\request\_baserequest.py", line 198, in post
    result = await self._request_wrapper(
             ^^^^^^^^^^^^^^^^^^^^^^^^^^^^
    ...<7 lines>...
    )
    ^
  File "C:\Users\abbos\AppData\Local\Python\pythoncore-3.14-64\Lib\site-packages\telegram\request\_baserequest.py", line 305, in _request_wrapper
    code, payload = await self.do_request(
                    ^^^^^^^^^^^^^^^^^^^^^^
    ...<7 lines>...
    )
    ^
  File "C:\Users\abbos\AppData\Local\Python\pythoncore-3.14-64\Lib\site-packages\telegram\request\_httpxrequest.py", line 303, in do_request
    raise NetworkError(f"httpx.{err.__class__.__name__}: {err}") from err
telegram.error.NetworkError: httpx.ConnectError: [Errno 11001] getaddrinfo failed
2026-05-08 23:35:28,777 - telegram.ext.Application - ERROR - No error handlers are registered, logging exception.
Traceback (most recent call last):
  File "C:\Users\abbos\AppData\Local\Python\pythoncore-3.14-64\Lib\site-packages\httpx\_transports\default.py", line 101, in map_httpcore_exceptions
    yield
  File "C:\Users\abbos\AppData\Local\Python\pythoncore-3.14-64\Lib\site-packages\httpx\_transports\default.py", line 394, in handle_async_request
    resp = await self._pool.handle_async_request(req)
           ^^^^^^^^^^^^^^^^^^^^^^^^^^^^^^^^^^^^^^^^^^
  File "C:\Users\abbos\AppData\Local\Python\pythoncore-3.14-64\Lib\site-packages\httpcore\_async\connection_pool.py", line 256, in handle_async_request
    raise exc from None
  File "C:\Users\abbos\AppData\Local\Python\pythoncore-3.14-64\Lib\site-packages\httpcore\_async\connection_pool.py", line 236, in handle_async_request
    response = await connection.handle_async_request(
               ^^^^^^^^^^^^^^^^^^^^^^^^^^^^^^^^^^^^^^
        pool_request.request
        ^^^^^^^^^^^^^^^^^^^^
    )
    ^
  File "C:\Users\abbos\AppData\Local\Python\pythoncore-3.14-64\Lib\site-packages\httpcore\_async\connection.py", line 101, in handle_async_request
    raise exc
  File "C:\Users\abbos\AppData\Local\Python\pythoncore-3.14-64\Lib\site-packages\httpcore\_async\connection.py", line 78, in handle_async_request
    stream = await self._connect(request)
             ^^^^^^^^^^^^^^^^^^^^^^^^^^^^
  File "C:\Users\abbos\AppData\Local\Python\pythoncore-3.14-64\Lib\site-packages\httpcore\_async\connection.py", line 124, in _connect
    stream = await self._network_backend.connect_tcp(**kwargs)
             ^^^^^^^^^^^^^^^^^^^^^^^^^^^^^^^^^^^^^^^^^^^^^^^^^
  File "C:\Users\abbos\AppData\Local\Python\pythoncore-3.14-64\Lib\site-packages\httpcore\_backends\auto.py", line 31, in connect_tcp
    return await self._backend.connect_tcp(
           ^^^^^^^^^^^^^^^^^^^^^^^^^^^^^^^^
    ...<5 lines>...
    )
    ^
  File "C:\Users\abbos\AppData\Local\Python\pythoncore-3.14-64\Lib\site-packages\httpcore\_backends\anyio.py", line 113, in connect_tcp
    with map_exceptions(exc_map):
         ~~~~~~~~~~~~~~^^^^^^^^^
  File "C:\Users\abbos\AppData\Local\Python\pythoncore-3.14-64\Lib\contextlib.py", line 162, in __exit__
    self.gen.throw(value)
    ~~~~~~~~~~~~~~^^^^^^^
  File "C:\Users\abbos\AppData\Local\Python\pythoncore-3.14-64\Lib\site-packages\httpcore\_exceptions.py", line 14, in map_exceptions
    raise to_exc(exc) from exc
httpcore.ConnectError: [Errno 11001] getaddrinfo failed

The above exception was the direct cause of the following exception:

Traceback (most recent call last):
  File "C:\Users\abbos\AppData\Local\Python\pythoncore-3.14-64\Lib\site-packages\telegram\request\_httpxrequest.py", line 279, in do_request
    res = await self._client.request(
          ^^^^^^^^^^^^^^^^^^^^^^^^^^^
    ...<6 lines>...
    )
    ^
  File "C:\Users\abbos\AppData\Local\Python\pythoncore-3.14-64\Lib\site-packages\httpx\_client.py", line 1540, in request
    return await self.send(request, auth=auth, follow_redirects=follow_redirects)
           ^^^^^^^^^^^^^^^^^^^^^^^^^^^^^^^^^^^^^^^^^^^^^^^^^^^^^^^^^^^^^^^^^^^^^^
  File "C:\Users\abbos\AppData\Local\Python\pythoncore-3.14-64\Lib\site-packages\httpx\_client.py", line 1629, in send
    response = await self._send_handling_auth(
               ^^^^^^^^^^^^^^^^^^^^^^^^^^^^^^^
    ...<4 lines>...
    )
    ^
  File "C:\Users\abbos\AppData\Local\Python\pythoncore-3.14-64\Lib\site-packages\httpx\_client.py", line 1657, in _send_handling_auth
    response = await self._send_handling_redirects(
               ^^^^^^^^^^^^^^^^^^^^^^^^^^^^^^^^^^^^
    ...<3 lines>...
    )
    ^
  File "C:\Users\abbos\AppData\Local\Python\pythoncore-3.14-64\Lib\site-packages\httpx\_client.py", line 1694, in _send_handling_redirects
    response = await self._send_single_request(request)
               ^^^^^^^^^^^^^^^^^^^^^^^^^^^^^^^^^^^^^^^^
  File "C:\Users\abbos\AppData\Local\Python\pythoncore-3.14-64\Lib\site-packages\httpx\_client.py", line 1730, in _send_single_request
    response = await transport.handle_async_request(request)
               ^^^^^^^^^^^^^^^^^^^^^^^^^^^^^^^^^^^^^^^^^^^^^
  File "C:\Users\abbos\AppData\Local\Python\pythoncore-3.14-64\Lib\site-packages\httpx\_transports\default.py", line 393, in handle_async_request
    with map_httpcore_exceptions():
         ~~~~~~~~~~~~~~~~~~~~~~~^^
  File "C:\Users\abbos\AppData\Local\Python\pythoncore-3.14-64\Lib\contextlib.py", line 162, in __exit__
    self.gen.throw(value)
    ~~~~~~~~~~~~~~^^^^^^^
  File "C:\Users\abbos\AppData\Local\Python\pythoncore-3.14-64\Lib\site-packages\httpx\_transports\default.py", line 118, in map_httpcore_exceptions
    raise mapped_exc(message) from exc
httpx.ConnectError: [Errno 11001] getaddrinfo failed

The above exception was the direct cause of the following exception:

Traceback (most recent call last):
  File "C:\Users\abbos\AppData\Local\Python\pythoncore-3.14-64\Lib\site-packages\telegram\ext\_utils\networkloop.py", line 161, in network_retry_loop
    await do_action()
  File "C:\Users\abbos\AppData\Local\Python\pythoncore-3.14-64\Lib\site-packages\telegram\ext\_utils\networkloop.py", line 154, in do_action
    action_cb_task.result()
    ~~~~~~~~~~~~~~~~~~~~~^^
  File "C:\Users\abbos\AppData\Local\Python\pythoncore-3.14-64\Lib\site-packages\telegram\ext\_updater.py", line 340, in polling_action_cb
    updates = await self.bot.get_updates(
              ^^^^^^^^^^^^^^^^^^^^^^^^^^^
    ...<3 lines>...
    )
    ^
  File "C:\Users\abbos\AppData\Local\Python\pythoncore-3.14-64\Lib\site-packages\telegram\ext\_extbot.py", line 672, in get_updates
    updates = await super().get_updates(
              ^^^^^^^^^^^^^^^^^^^^^^^^^^
    ...<9 lines>...
    )
    ^
  File "C:\Users\abbos\AppData\Local\Python\pythoncore-3.14-64\Lib\site-packages\telegram\_bot.py", line 4865, in get_updates
    await self._post(
    ^^^^^^^^^^^^^^^^^
    ...<7 lines>...
    ),
    ^
  File "C:\Users\abbos\AppData\Local\Python\pythoncore-3.14-64\Lib\site-packages\telegram\_bot.py", line 704, in _post
    return await self._do_post(
           ^^^^^^^^^^^^^^^^^^^^
    ...<6 lines>...
    )
    ^
  File "C:\Users\abbos\AppData\Local\Python\pythoncore-3.14-64\Lib\site-packages\telegram\ext\_extbot.py", line 370, in _do_post
    return await super()._do_post(
           ^^^^^^^^^^^^^^^^^^^^^^^
    ...<6 lines>...
    )
    ^
  File "C:\Users\abbos\AppData\Local\Python\pythoncore-3.14-64\Lib\site-packages\telegram\_bot.py", line 733, in _do_post
    result = await request.post(
             ^^^^^^^^^^^^^^^^^^^
    ...<6 lines>...
    )
    ^
  File "C:\Users\abbos\AppData\Local\Python\pythoncore-3.14-64\Lib\site-packages\telegram\request\_baserequest.py", line 198, in post
    result = await self._request_wrapper(
             ^^^^^^^^^^^^^^^^^^^^^^^^^^^^
    ...<7 lines>...
    )
    ^
  File "C:\Users\abbos\AppData\Local\Python\pythoncore-3.14-64\Lib\site-packages\telegram\request\_baserequest.py", line 305, in _request_wrapper
    code, payload = await self.do_request(
                    ^^^^^^^^^^^^^^^^^^^^^^
    ...<7 lines>...
    )
    ^
  File "C:\Users\abbos\AppData\Local\Python\pythoncore-3.14-64\Lib\site-packages\telegram\request\_httpxrequest.py", line 303, in do_request
    raise NetworkError(f"httpx.{err.__class__.__name__}: {err}") from err
telegram.error.NetworkError: httpx.ConnectError: [Errno 11001] getaddrinfo failed
2026-05-08 23:35:30,285 - telegram.ext.Application - ERROR - No error handlers are registered, logging exception.
Traceback (most recent call last):
  File "C:\Users\abbos\AppData\Local\Python\pythoncore-3.14-64\Lib\site-packages\httpx\_transports\default.py", line 101, in map_httpcore_exceptions
    yield
  File "C:\Users\abbos\AppData\Local\Python\pythoncore-3.14-64\Lib\site-packages\httpx\_transports\default.py", line 394, in handle_async_request
    resp = await self._pool.handle_async_request(req)
           ^^^^^^^^^^^^^^^^^^^^^^^^^^^^^^^^^^^^^^^^^^
  File "C:\Users\abbos\AppData\Local\Python\pythoncore-3.14-64\Lib\site-packages\httpcore\_async\connection_pool.py", line 256, in handle_async_request
    raise exc from None
  File "C:\Users\abbos\AppData\Local\Python\pythoncore-3.14-64\Lib\site-packages\httpcore\_async\connection_pool.py", line 236, in handle_async_request
    response = await connection.handle_async_request(
               ^^^^^^^^^^^^^^^^^^^^^^^^^^^^^^^^^^^^^^
        pool_request.request
        ^^^^^^^^^^^^^^^^^^^^
    )
    ^
  File "C:\Users\abbos\AppData\Local\Python\pythoncore-3.14-64\Lib\site-packages\httpcore\_async\connection.py", line 101, in handle_async_request
    raise exc
  File "C:\Users\abbos\AppData\Local\Python\pythoncore-3.14-64\Lib\site-packages\httpcore\_async\connection.py", line 78, in handle_async_request
    stream = await self._connect(request)
             ^^^^^^^^^^^^^^^^^^^^^^^^^^^^
  File "C:\Users\abbos\AppData\Local\Python\pythoncore-3.14-64\Lib\site-packages\httpcore\_async\connection.py", line 124, in _connect
    stream = await self._network_backend.connect_tcp(**kwargs)
             ^^^^^^^^^^^^^^^^^^^^^^^^^^^^^^^^^^^^^^^^^^^^^^^^^
  File "C:\Users\abbos\AppData\Local\Python\pythoncore-3.14-64\Lib\site-packages\httpcore\_backends\auto.py", line 31, in connect_tcp
    return await self._backend.connect_tcp(
           ^^^^^^^^^^^^^^^^^^^^^^^^^^^^^^^^
    ...<5 lines>...
    )
    ^
  File "C:\Users\abbos\AppData\Local\Python\pythoncore-3.14-64\Lib\site-packages\httpcore\_backends\anyio.py", line 113, in connect_tcp
    with map_exceptions(exc_map):
         ~~~~~~~~~~~~~~^^^^^^^^^
  File "C:\Users\abbos\AppData\Local\Python\pythoncore-3.14-64\Lib\contextlib.py", line 162, in __exit__
    self.gen.throw(value)
    ~~~~~~~~~~~~~~^^^^^^^
  File "C:\Users\abbos\AppData\Local\Python\pythoncore-3.14-64\Lib\site-packages\httpcore\_exceptions.py", line 14, in map_exceptions
    raise to_exc(exc) from exc
httpcore.ConnectError: [Errno 11001] getaddrinfo failed

The above exception was the direct cause of the following exception:

Traceback (most recent call last):
  File "C:\Users\abbos\AppData\Local\Python\pythoncore-3.14-64\Lib\site-packages\telegram\request\_httpxrequest.py", line 279, in do_request
    res = await self._client.request(
          ^^^^^^^^^^^^^^^^^^^^^^^^^^^
    ...<6 lines>...
    )
    ^
  File "C:\Users\abbos\AppData\Local\Python\pythoncore-3.14-64\Lib\site-packages\httpx\_client.py", line 1540, in request
    return await self.send(request, auth=auth, follow_redirects=follow_redirects)
           ^^^^^^^^^^^^^^^^^^^^^^^^^^^^^^^^^^^^^^^^^^^^^^^^^^^^^^^^^^^^^^^^^^^^^^
  File "C:\Users\abbos\AppData\Local\Python\pythoncore-3.14-64\Lib\site-packages\httpx\_client.py", line 1629, in send
    response = await self._send_handling_auth(
               ^^^^^^^^^^^^^^^^^^^^^^^^^^^^^^^
    ...<4 lines>...
    )
    ^
  File "C:\Users\abbos\AppData\Local\Python\pythoncore-3.14-64\Lib\site-packages\httpx\_client.py", line 1657, in _send_handling_auth
    response = await self._send_handling_redirects(
               ^^^^^^^^^^^^^^^^^^^^^^^^^^^^^^^^^^^^
    ...<3 lines>...
    )
    ^
  File "C:\Users\abbos\AppData\Local\Python\pythoncore-3.14-64\Lib\site-packages\httpx\_client.py", line 1694, in _send_handling_redirects
    response = await self._send_single_request(request)
               ^^^^^^^^^^^^^^^^^^^^^^^^^^^^^^^^^^^^^^^^
  File "C:\Users\abbos\AppData\Local\Python\pythoncore-3.14-64\Lib\site-packages\httpx\_client.py", line 1730, in _send_single_request
    response = await transport.handle_async_request(request)
               ^^^^^^^^^^^^^^^^^^^^^^^^^^^^^^^^^^^^^^^^^^^^^
  File "C:\Users\abbos\AppData\Local\Python\pythoncore-3.14-64\Lib\site-packages\httpx\_transports\default.py", line 393, in handle_async_request
    with map_httpcore_exceptions():
         ~~~~~~~~~~~~~~~~~~~~~~~^^
  File "C:\Users\abbos\AppData\Local\Python\pythoncore-3.14-64\Lib\contextlib.py", line 162, in __exit__
    self.gen.throw(value)
    ~~~~~~~~~~~~~~^^^^^^^
  File "C:\Users\abbos\AppData\Local\Python\pythoncore-3.14-64\Lib\site-packages\httpx\_transports\default.py", line 118, in map_httpcore_exceptions
    raise mapped_exc(message) from exc
httpx.ConnectError: [Errno 11001] getaddrinfo failed

The above exception was the direct cause of the following exception:

Traceback (most recent call last):
  File "C:\Users\abbos\AppData\Local\Python\pythoncore-3.14-64\Lib\site-packages\telegram\ext\_utils\networkloop.py", line 161, in network_retry_loop
    await do_action()
  File "C:\Users\abbos\AppData\Local\Python\pythoncore-3.14-64\Lib\site-packages\telegram\ext\_utils\networkloop.py", line 154, in do_action
    action_cb_task.result()
    ~~~~~~~~~~~~~~~~~~~~~^^
  File "C:\Users\abbos\AppData\Local\Python\pythoncore-3.14-64\Lib\site-packages\telegram\ext\_updater.py", line 340, in polling_action_cb
    updates = await self.bot.get_updates(
              ^^^^^^^^^^^^^^^^^^^^^^^^^^^
    ...<3 lines>...
    )
    ^
  File "C:\Users\abbos\AppData\Local\Python\pythoncore-3.14-64\Lib\site-packages\telegram\ext\_extbot.py", line 672, in get_updates
    updates = await super().get_updates(
              ^^^^^^^^^^^^^^^^^^^^^^^^^^
    ...<9 lines>...
    )
    ^
  File "C:\Users\abbos\AppData\Local\Python\pythoncore-3.14-64\Lib\site-packages\telegram\_bot.py", line 4865, in get_updates
    await self._post(
    ^^^^^^^^^^^^^^^^^
    ...<7 lines>...
    ),
    ^
  File "C:\Users\abbos\AppData\Local\Python\pythoncore-3.14-64\Lib\site-packages\telegram\_bot.py", line 704, in _post
    return await self._do_post(
           ^^^^^^^^^^^^^^^^^^^^
    ...<6 lines>...
    )
    ^
  File "C:\Users\abbos\AppData\Local\Python\pythoncore-3.14-64\Lib\site-packages\telegram\ext\_extbot.py", line 370, in _do_post
    return await super()._do_post(
           ^^^^^^^^^^^^^^^^^^^^^^^
    ...<6 lines>...
    )
    ^
  File "C:\Users\abbos\AppData\Local\Python\pythoncore-3.14-64\Lib\site-packages\telegram\_bot.py", line 733, in _do_post
    result = await request.post(
             ^^^^^^^^^^^^^^^^^^^
    ...<6 lines>...
    )
    ^
  File "C:\Users\abbos\AppData\Local\Python\pythoncore-3.14-64\Lib\site-packages\telegram\request\_baserequest.py", line 198, in post
    result = await self._request_wrapper(
             ^^^^^^^^^^^^^^^^^^^^^^^^^^^^
    ...<7 lines>...
    )
    ^
  File "C:\Users\abbos\AppData\Local\Python\pythoncore-3.14-64\Lib\site-packages\telegram\request\_baserequest.py", line 305, in _request_wrapper
    code, payload = await self.do_request(
                    ^^^^^^^^^^^^^^^^^^^^^^
    ...<7 lines>...
    )
    ^
  File "C:\Users\abbos\AppData\Local\Python\pythoncore-3.14-64\Lib\site-packages\telegram\request\_httpxrequest.py", line 303, in do_request
    raise NetworkError(f"httpx.{err.__class__.__name__}: {err}") from err
telegram.error.NetworkError: httpx.ConnectError: [Errno 11001] getaddrinfo failed
2026-05-08 23:35:32,549 - telegram.ext.Application - ERROR - No error handlers are registered, logging exception.
Traceback (most recent call last):
  File "C:\Users\abbos\AppData\Local\Python\pythoncore-3.14-64\Lib\site-packages\httpx\_transports\default.py", line 101, in map_httpcore_exceptions
    yield
  File "C:\Users\abbos\AppData\Local\Python\pythoncore-3.14-64\Lib\site-packages\httpx\_transports\default.py", line 394, in handle_async_request
    resp = await self._pool.handle_async_request(req)
           ^^^^^^^^^^^^^^^^^^^^^^^^^^^^^^^^^^^^^^^^^^
  File "C:\Users\abbos\AppData\Local\Python\pythoncore-3.14-64\Lib\site-packages\httpcore\_async\connection_pool.py", line 256, in handle_async_request
    raise exc from None
  File "C:\Users\abbos\AppData\Local\Python\pythoncore-3.14-64\Lib\site-packages\httpcore\_async\connection_pool.py", line 236, in handle_async_request
    response = await connection.handle_async_request(
               ^^^^^^^^^^^^^^^^^^^^^^^^^^^^^^^^^^^^^^
        pool_request.request
        ^^^^^^^^^^^^^^^^^^^^
    )
    ^
  File "C:\Users\abbos\AppData\Local\Python\pythoncore-3.14-64\Lib\site-packages\httpcore\_async\connection.py", line 101, in handle_async_request
    raise exc
  File "C:\Users\abbos\AppData\Local\Python\pythoncore-3.14-64\Lib\site-packages\httpcore\_async\connection.py", line 78, in handle_async_request
    stream = await self._connect(request)
             ^^^^^^^^^^^^^^^^^^^^^^^^^^^^
  File "C:\Users\abbos\AppData\Local\Python\pythoncore-3.14-64\Lib\site-packages\httpcore\_async\connection.py", line 124, in _connect
    stream = await self._network_backend.connect_tcp(**kwargs)
             ^^^^^^^^^^^^^^^^^^^^^^^^^^^^^^^^^^^^^^^^^^^^^^^^^
  File "C:\Users\abbos\AppData\Local\Python\pythoncore-3.14-64\Lib\site-packages\httpcore\_backends\auto.py", line 31, in connect_tcp
    return await self._backend.connect_tcp(
           ^^^^^^^^^^^^^^^^^^^^^^^^^^^^^^^^
    ...<5 lines>...
    )
    ^
  File "C:\Users\abbos\AppData\Local\Python\pythoncore-3.14-64\Lib\site-packages\httpcore\_backends\anyio.py", line 113, in connect_tcp
    with map_exceptions(exc_map):
         ~~~~~~~~~~~~~~^^^^^^^^^
  File "C:\Users\abbos\AppData\Local\Python\pythoncore-3.14-64\Lib\contextlib.py", line 162, in __exit__
    self.gen.throw(value)
    ~~~~~~~~~~~~~~^^^^^^^
  File "C:\Users\abbos\AppData\Local\Python\pythoncore-3.14-64\Lib\site-packages\httpcore\_exceptions.py", line 14, in map_exceptions
    raise to_exc(exc) from exc
httpcore.ConnectError: [Errno 11001] getaddrinfo failed

The above exception was the direct cause of the following exception:

Traceback (most recent call last):
  File "C:\Users\abbos\AppData\Local\Python\pythoncore-3.14-64\Lib\site-packages\telegram\request\_httpxrequest.py", line 279, in do_request
    res = await self._client.request(
          ^^^^^^^^^^^^^^^^^^^^^^^^^^^
    ...<6 lines>...
    )
    ^
  File "C:\Users\abbos\AppData\Local\Python\pythoncore-3.14-64\Lib\site-packages\httpx\_client.py", line 1540, in request
    return await self.send(request, auth=auth, follow_redirects=follow_redirects)
           ^^^^^^^^^^^^^^^^^^^^^^^^^^^^^^^^^^^^^^^^^^^^^^^^^^^^^^^^^^^^^^^^^^^^^^
  File "C:\Users\abbos\AppData\Local\Python\pythoncore-3.14-64\Lib\site-packages\httpx\_client.py", line 1629, in send
    response = await self._send_handling_auth(
               ^^^^^^^^^^^^^^^^^^^^^^^^^^^^^^^
    ...<4 lines>...
    )
    ^
  File "C:\Users\abbos\AppData\Local\Python\pythoncore-3.14-64\Lib\site-packages\httpx\_client.py", line 1657, in _send_handling_auth
    response = await self._send_handling_redirects(
               ^^^^^^^^^^^^^^^^^^^^^^^^^^^^^^^^^^^^
    ...<3 lines>...
    )
    ^
  File "C:\Users\abbos\AppData\Local\Python\pythoncore-3.14-64\Lib\site-packages\httpx\_client.py", line 1694, in _send_handling_redirects
    response = await self._send_single_request(request)
               ^^^^^^^^^^^^^^^^^^^^^^^^^^^^^^^^^^^^^^^^
  File "C:\Users\abbos\AppData\Local\Python\pythoncore-3.14-64\Lib\site-packages\httpx\_client.py", line 1730, in _send_single_request
    response = await transport.handle_async_request(request)
               ^^^^^^^^^^^^^^^^^^^^^^^^^^^^^^^^^^^^^^^^^^^^^
  File "C:\Users\abbos\AppData\Local\Python\pythoncore-3.14-64\Lib\site-packages\httpx\_transports\default.py", line 393, in handle_async_request
    with map_httpcore_exceptions():
         ~~~~~~~~~~~~~~~~~~~~~~~^^
  File "C:\Users\abbos\AppData\Local\Python\pythoncore-3.14-64\Lib\contextlib.py", line 162, in __exit__
    self.gen.throw(value)
    ~~~~~~~~~~~~~~^^^^^^^
  File "C:\Users\abbos\AppData\Local\Python\pythoncore-3.14-64\Lib\site-packages\httpx\_transports\default.py", line 118, in map_httpcore_exceptions
    raise mapped_exc(message) from exc
httpx.ConnectError: [Errno 11001] getaddrinfo failed

The above exception was the direct cause of the following exception:

Traceback (most recent call last):
  File "C:\Users\abbos\AppData\Local\Python\pythoncore-3.14-64\Lib\site-packages\telegram\ext\_utils\networkloop.py", line 161, in network_retry_loop
    await do_action()
  File "C:\Users\abbos\AppData\Local\Python\pythoncore-3.14-64\Lib\site-packages\telegram\ext\_utils\networkloop.py", line 154, in do_action
    action_cb_task.result()
    ~~~~~~~~~~~~~~~~~~~~~^^
  File "C:\Users\abbos\AppData\Local\Python\pythoncore-3.14-64\Lib\site-packages\telegram\ext\_updater.py", line 340, in polling_action_cb
    updates = await self.bot.get_updates(
              ^^^^^^^^^^^^^^^^^^^^^^^^^^^
    ...<3 lines>...
    )
    ^
  File "C:\Users\abbos\AppData\Local\Python\pythoncore-3.14-64\Lib\site-packages\telegram\ext\_extbot.py", line 672, in get_updates
    updates = await super().get_updates(
              ^^^^^^^^^^^^^^^^^^^^^^^^^^
    ...<9 lines>...
    )
    ^
  File "C:\Users\abbos\AppData\Local\Python\pythoncore-3.14-64\Lib\site-packages\telegram\_bot.py", line 4865, in get_updates
    await self._post(
    ^^^^^^^^^^^^^^^^^
    ...<7 lines>...
    ),
    ^
  File "C:\Users\abbos\AppData\Local\Python\pythoncore-3.14-64\Lib\site-packages\telegram\_bot.py", line 704, in _post
    return await self._do_post(
           ^^^^^^^^^^^^^^^^^^^^
    ...<6 lines>...
    )
    ^
  File "C:\Users\abbos\AppData\Local\Python\pythoncore-3.14-64\Lib\site-packages\telegram\ext\_extbot.py", line 370, in _do_post
    return await super()._do_post(
           ^^^^^^^^^^^^^^^^^^^^^^^
    ...<6 lines>...
    )
    ^
  File "C:\Users\abbos\AppData\Local\Python\pythoncore-3.14-64\Lib\site-packages\telegram\_bot.py", line 733, in _do_post
    result = await request.post(
             ^^^^^^^^^^^^^^^^^^^
    ...<6 lines>...
    )
    ^
  File "C:\Users\abbos\AppData\Local\Python\pythoncore-3.14-64\Lib\site-packages\telegram\request\_baserequest.py", line 198, in post
    result = await self._request_wrapper(
             ^^^^^^^^^^^^^^^^^^^^^^^^^^^^
    ...<7 lines>...
    )
    ^
  File "C:\Users\abbos\AppData\Local\Python\pythoncore-3.14-64\Lib\site-packages\telegram\request\_baserequest.py", line 305, in _request_wrapper
    code, payload = await self.do_request(
                    ^^^^^^^^^^^^^^^^^^^^^^
    ...<7 lines>...
    )
    ^
  File "C:\Users\abbos\AppData\Local\Python\pythoncore-3.14-64\Lib\site-packages\telegram\request\_httpxrequest.py", line 303, in do_request
    raise NetworkError(f"httpx.{err.__class__.__name__}: {err}") from err
telegram.error.NetworkError: httpx.ConnectError: [Errno 11001] getaddrinfo failed
2026-05-08 23:35:35,934 - telegram.ext.Application - ERROR - No error handlers are registered, logging exception.
Traceback (most recent call last):
  File "C:\Users\abbos\AppData\Local\Python\pythoncore-3.14-64\Lib\site-packages\httpx\_transports\default.py", line 101, in map_httpcore_exceptions
    yield
  File "C:\Users\abbos\AppData\Local\Python\pythoncore-3.14-64\Lib\site-packages\httpx\_transports\default.py", line 394, in handle_async_request
    resp = await self._pool.handle_async_request(req)
           ^^^^^^^^^^^^^^^^^^^^^^^^^^^^^^^^^^^^^^^^^^
  File "C:\Users\abbos\AppData\Local\Python\pythoncore-3.14-64\Lib\site-packages\httpcore\_async\connection_pool.py", line 256, in handle_async_request
    raise exc from None
  File "C:\Users\abbos\AppData\Local\Python\pythoncore-3.14-64\Lib\site-packages\httpcore\_async\connection_pool.py", line 236, in handle_async_request
    response = await connection.handle_async_request(
               ^^^^^^^^^^^^^^^^^^^^^^^^^^^^^^^^^^^^^^
        pool_request.request
        ^^^^^^^^^^^^^^^^^^^^
    )
    ^
  File "C:\Users\abbos\AppData\Local\Python\pythoncore-3.14-64\Lib\site-packages\httpcore\_async\connection.py", line 101, in handle_async_request
    raise exc
  File "C:\Users\abbos\AppData\Local\Python\pythoncore-3.14-64\Lib\site-packages\httpcore\_async\connection.py", line 78, in handle_async_request
    stream = await self._connect(request)
             ^^^^^^^^^^^^^^^^^^^^^^^^^^^^
  File "C:\Users\abbos\AppData\Local\Python\pythoncore-3.14-64\Lib\site-packages\httpcore\_async\connection.py", line 124, in _connect
    stream = await self._network_backend.connect_tcp(**kwargs)
             ^^^^^^^^^^^^^^^^^^^^^^^^^^^^^^^^^^^^^^^^^^^^^^^^^
  File "C:\Users\abbos\AppData\Local\Python\pythoncore-3.14-64\Lib\site-packages\httpcore\_backends\auto.py", line 31, in connect_tcp
    return await self._backend.connect_tcp(
           ^^^^^^^^^^^^^^^^^^^^^^^^^^^^^^^^
    ...<5 lines>...
    )
    ^
  File "C:\Users\abbos\AppData\Local\Python\pythoncore-3.14-64\Lib\site-packages\httpcore\_backends\anyio.py", line 113, in connect_tcp
    with map_exceptions(exc_map):
         ~~~~~~~~~~~~~~^^^^^^^^^
  File "C:\Users\abbos\AppData\Local\Python\pythoncore-3.14-64\Lib\contextlib.py", line 162, in __exit__
    self.gen.throw(value)
    ~~~~~~~~~~~~~~^^^^^^^
  File "C:\Users\abbos\AppData\Local\Python\pythoncore-3.14-64\Lib\site-packages\httpcore\_exceptions.py", line 14, in map_exceptions
    raise to_exc(exc) from exc
httpcore.ConnectError: [Errno 11001] getaddrinfo failed

The above exception was the direct cause of the following exception:

Traceback (most recent call last):
  File "C:\Users\abbos\AppData\Local\Python\pythoncore-3.14-64\Lib\site-packages\telegram\request\_httpxrequest.py", line 279, in do_request
    res = await self._client.request(
          ^^^^^^^^^^^^^^^^^^^^^^^^^^^
    ...<6 lines>...
    )
    ^
  File "C:\Users\abbos\AppData\Local\Python\pythoncore-3.14-64\Lib\site-packages\httpx\_client.py", line 1540, in request
    return await self.send(request, auth=auth, follow_redirects=follow_redirects)
           ^^^^^^^^^^^^^^^^^^^^^^^^^^^^^^^^^^^^^^^^^^^^^^^^^^^^^^^^^^^^^^^^^^^^^^
  File "C:\Users\abbos\AppData\Local\Python\pythoncore-3.14-64\Lib\site-packages\httpx\_client.py", line 1629, in send
    response = await self._send_handling_auth(
               ^^^^^^^^^^^^^^^^^^^^^^^^^^^^^^^
    ...<4 lines>...
    )
    ^
  File "C:\Users\abbos\AppData\Local\Python\pythoncore-3.14-64\Lib\site-packages\httpx\_client.py", line 1657, in _send_handling_auth
    response = await self._send_handling_redirects(
               ^^^^^^^^^^^^^^^^^^^^^^^^^^^^^^^^^^^^
    ...<3 lines>...
    )
    ^
  File "C:\Users\abbos\AppData\Local\Python\pythoncore-3.14-64\Lib\site-packages\httpx\_client.py", line 1694, in _send_handling_redirects
    response = await self._send_single_request(request)
               ^^^^^^^^^^^^^^^^^^^^^^^^^^^^^^^^^^^^^^^^
  File "C:\Users\abbos\AppData\Local\Python\pythoncore-3.14-64\Lib\site-packages\httpx\_client.py", line 1730, in _send_single_request
    response = await transport.handle_async_request(request)
               ^^^^^^^^^^^^^^^^^^^^^^^^^^^^^^^^^^^^^^^^^^^^^
  File "C:\Users\abbos\AppData\Local\Python\pythoncore-3.14-64\Lib\site-packages\httpx\_transports\default.py", line 393, in handle_async_request
    with map_httpcore_exceptions():
         ~~~~~~~~~~~~~~~~~~~~~~~^^
  File "C:\Users\abbos\AppData\Local\Python\pythoncore-3.14-64\Lib\contextlib.py", line 162, in __exit__
    self.gen.throw(value)
    ~~~~~~~~~~~~~~^^^^^^^
  File "C:\Users\abbos\AppData\Local\Python\pythoncore-3.14-64\Lib\site-packages\httpx\_transports\default.py", line 118, in map_httpcore_exceptions
    raise mapped_exc(message) from exc
httpx.ConnectError: [Errno 11001] getaddrinfo failed

The above exception was the direct cause of the following exception:

Traceback (most recent call last):
  File "C:\Users\abbos\AppData\Local\Python\pythoncore-3.14-64\Lib\site-packages\telegram\ext\_utils\networkloop.py", line 161, in network_retry_loop
    await do_action()
  File "C:\Users\abbos\AppData\Local\Python\pythoncore-3.14-64\Lib\site-packages\telegram\ext\_utils\networkloop.py", line 154, in do_action
    action_cb_task.result()
    ~~~~~~~~~~~~~~~~~~~~~^^
  File "C:\Users\abbos\AppData\Local\Python\pythoncore-3.14-64\Lib\site-packages\telegram\ext\_updater.py", line 340, in polling_action_cb
    updates = await self.bot.get_updates(
              ^^^^^^^^^^^^^^^^^^^^^^^^^^^
    ...<3 lines>...
    )
    ^
  File "C:\Users\abbos\AppData\Local\Python\pythoncore-3.14-64\Lib\site-packages\telegram\ext\_extbot.py", line 672, in get_updates
    updates = await super().get_updates(
              ^^^^^^^^^^^^^^^^^^^^^^^^^^
    ...<9 lines>...
    )
    ^
  File "C:\Users\abbos\AppData\Local\Python\pythoncore-3.14-64\Lib\site-packages\telegram\_bot.py", line 4865, in get_updates
    await self._post(
    ^^^^^^^^^^^^^^^^^
    ...<7 lines>...
    ),
    ^
  File "C:\Users\abbos\AppData\Local\Python\pythoncore-3.14-64\Lib\site-packages\telegram\_bot.py", line 704, in _post
    return await self._do_post(
           ^^^^^^^^^^^^^^^^^^^^
    ...<6 lines>...
    )
    ^
  File "C:\Users\abbos\AppData\Local\Python\pythoncore-3.14-64\Lib\site-packages\telegram\ext\_extbot.py", line 370, in _do_post
    return await super()._do_post(
           ^^^^^^^^^^^^^^^^^^^^^^^
    ...<6 lines>...
    )
    ^
  File "C:\Users\abbos\AppData\Local\Python\pythoncore-3.14-64\Lib\site-packages\telegram\_bot.py", line 733, in _do_post
    result = await request.post(
             ^^^^^^^^^^^^^^^^^^^
    ...<6 lines>...
    )
    ^
  File "C:\Users\abbos\AppData\Local\Python\pythoncore-3.14-64\Lib\site-packages\telegram\request\_baserequest.py", line 198, in post
    result = await self._request_wrapper(
             ^^^^^^^^^^^^^^^^^^^^^^^^^^^^
    ...<7 lines>...
    )
    ^
  File "C:\Users\abbos\AppData\Local\Python\pythoncore-3.14-64\Lib\site-packages\telegram\request\_baserequest.py", line 305, in _request_wrapper
    code, payload = await self.do_request(
                    ^^^^^^^^^^^^^^^^^^^^^^
    ...<7 lines>...
    )
    ^
  File "C:\Users\abbos\AppData\Local\Python\pythoncore-3.14-64\Lib\site-packages\telegram\request\_httpxrequest.py", line 303, in do_request
    raise NetworkError(f"httpx.{err.__class__.__name__}: {err}") from err
telegram.error.NetworkError: httpx.ConnectError: [Errno 11001] getaddrinfo failed
2026-05-08 23:35:41,005 - telegram.ext.Application - ERROR - No error handlers are registered, logging exception.
Traceback (most recent call last):
  File "C:\Users\abbos\AppData\Local\Python\pythoncore-3.14-64\Lib\site-packages\httpx\_transports\default.py", line 101, in map_httpcore_exceptions
    yield
  File "C:\Users\abbos\AppData\Local\Python\pythoncore-3.14-64\Lib\site-packages\httpx\_transports\default.py", line 394, in handle_async_request
    resp = await self._pool.handle_async_request(req)
           ^^^^^^^^^^^^^^^^^^^^^^^^^^^^^^^^^^^^^^^^^^
  File "C:\Users\abbos\AppData\Local\Python\pythoncore-3.14-64\Lib\site-packages\httpcore\_async\connection_pool.py", line 256, in handle_async_request
    raise exc from None
  File "C:\Users\abbos\AppData\Local\Python\pythoncore-3.14-64\Lib\site-packages\httpcore\_async\connection_pool.py", line 236, in handle_async_request
    response = await connection.handle_async_request(
               ^^^^^^^^^^^^^^^^^^^^^^^^^^^^^^^^^^^^^^
        pool_request.request
        ^^^^^^^^^^^^^^^^^^^^
    )
    ^
  File "C:\Users\abbos\AppData\Local\Python\pythoncore-3.14-64\Lib\site-packages\httpcore\_async\connection.py", line 101, in handle_async_request
    raise exc
  File "C:\Users\abbos\AppData\Local\Python\pythoncore-3.14-64\Lib\site-packages\httpcore\_async\connection.py", line 78, in handle_async_request
    stream = await self._connect(request)
             ^^^^^^^^^^^^^^^^^^^^^^^^^^^^
  File "C:\Users\abbos\AppData\Local\Python\pythoncore-3.14-64\Lib\site-packages\httpcore\_async\connection.py", line 124, in _connect
    stream = await self._network_backend.connect_tcp(**kwargs)
             ^^^^^^^^^^^^^^^^^^^^^^^^^^^^^^^^^^^^^^^^^^^^^^^^^
  File "C:\Users\abbos\AppData\Local\Python\pythoncore-3.14-64\Lib\site-packages\httpcore\_backends\auto.py", line 31, in connect_tcp
    return await self._backend.connect_tcp(
           ^^^^^^^^^^^^^^^^^^^^^^^^^^^^^^^^
    ...<5 lines>...
    )
    ^
  File "C:\Users\abbos\AppData\Local\Python\pythoncore-3.14-64\Lib\site-packages\httpcore\_backends\anyio.py", line 113, in connect_tcp
    with map_exceptions(exc_map):
         ~~~~~~~~~~~~~~^^^^^^^^^
  File "C:\Users\abbos\AppData\Local\Python\pythoncore-3.14-64\Lib\contextlib.py", line 162, in __exit__
    self.gen.throw(value)
    ~~~~~~~~~~~~~~^^^^^^^
  File "C:\Users\abbos\AppData\Local\Python\pythoncore-3.14-64\Lib\site-packages\httpcore\_exceptions.py", line 14, in map_exceptions
    raise to_exc(exc) from exc
httpcore.ConnectError: [Errno 11001] getaddrinfo failed

The above exception was the direct cause of the following exception:

Traceback (most recent call last):
  File "C:\Users\abbos\AppData\Local\Python\pythoncore-3.14-64\Lib\site-packages\telegram\request\_httpxrequest.py", line 279, in do_request
    res = await self._client.request(
          ^^^^^^^^^^^^^^^^^^^^^^^^^^^
    ...<6 lines>...
    )
    ^
  File "C:\Users\abbos\AppData\Local\Python\pythoncore-3.14-64\Lib\site-packages\httpx\_client.py", line 1540, in request
    return await self.send(request, auth=auth, follow_redirects=follow_redirects)
           ^^^^^^^^^^^^^^^^^^^^^^^^^^^^^^^^^^^^^^^^^^^^^^^^^^^^^^^^^^^^^^^^^^^^^^
  File "C:\Users\abbos\AppData\Local\Python\pythoncore-3.14-64\Lib\site-packages\httpx\_client.py", line 1629, in send
    response = await self._send_handling_auth(
               ^^^^^^^^^^^^^^^^^^^^^^^^^^^^^^^
    ...<4 lines>...
    )
    ^
  File "C:\Users\abbos\AppData\Local\Python\pythoncore-3.14-64\Lib\site-packages\httpx\_client.py", line 1657, in _send_handling_auth
    response = await self._send_handling_redirects(
               ^^^^^^^^^^^^^^^^^^^^^^^^^^^^^^^^^^^^
    ...<3 lines>...
    )
    ^
  File "C:\Users\abbos\AppData\Local\Python\pythoncore-3.14-64\Lib\site-packages\httpx\_client.py", line 1694, in _send_handling_redirects
    response = await self._send_single_request(request)
               ^^^^^^^^^^^^^^^^^^^^^^^^^^^^^^^^^^^^^^^^
  File "C:\Users\abbos\AppData\Local\Python\pythoncore-3.14-64\Lib\site-packages\httpx\_client.py", line 1730, in _send_single_request
    response = await transport.handle_async_request(request)
               ^^^^^^^^^^^^^^^^^^^^^^^^^^^^^^^^^^^^^^^^^^^^^
  File "C:\Users\abbos\AppData\Local\Python\pythoncore-3.14-64\Lib\site-packages\httpx\_transports\default.py", line 393, in handle_async_request
    with map_httpcore_exceptions():
         ~~~~~~~~~~~~~~~~~~~~~~~^^
  File "C:\Users\abbos\AppData\Local\Python\pythoncore-3.14-64\Lib\contextlib.py", line 162, in __exit__
    self.gen.throw(value)
    ~~~~~~~~~~~~~~^^^^^^^
  File "C:\Users\abbos\AppData\Local\Python\pythoncore-3.14-64\Lib\site-packages\httpx\_transports\default.py", line 118, in map_httpcore_exceptions
    raise mapped_exc(message) from exc
httpx.ConnectError: [Errno 11001] getaddrinfo failed

The above exception was the direct cause of the following exception:

Traceback (most recent call last):
  File "C:\Users\abbos\AppData\Local\Python\pythoncore-3.14-64\Lib\site-packages\telegram\ext\_utils\networkloop.py", line 161, in network_retry_loop
    await do_action()
  File "C:\Users\abbos\AppData\Local\Python\pythoncore-3.14-64\Lib\site-packages\telegram\ext\_utils\networkloop.py", line 154, in do_action
    action_cb_task.result()
    ~~~~~~~~~~~~~~~~~~~~~^^
  File "C:\Users\abbos\AppData\Local\Python\pythoncore-3.14-64\Lib\site-packages\telegram\ext\_updater.py", line 340, in polling_action_cb
    updates = await self.bot.get_updates(
              ^^^^^^^^^^^^^^^^^^^^^^^^^^^
    ...<3 lines>...
    )
    ^
  File "C:\Users\abbos\AppData\Local\Python\pythoncore-3.14-64\Lib\site-packages\telegram\ext\_extbot.py", line 672, in get_updates
    updates = await super().get_updates(
              ^^^^^^^^^^^^^^^^^^^^^^^^^^
    ...<9 lines>...
    )
    ^
  File "C:\Users\abbos\AppData\Local\Python\pythoncore-3.14-64\Lib\site-packages\telegram\_bot.py", line 4865, in get_updates
    await self._post(
    ^^^^^^^^^^^^^^^^^
    ...<7 lines>...
    ),
    ^
  File "C:\Users\abbos\AppData\Local\Python\pythoncore-3.14-64\Lib\site-packages\telegram\_bot.py", line 704, in _post
    return await self._do_post(
           ^^^^^^^^^^^^^^^^^^^^
    ...<6 lines>...
    )
    ^
  File "C:\Users\abbos\AppData\Local\Python\pythoncore-3.14-64\Lib\site-packages\telegram\ext\_extbot.py", line 370, in _do_post
    return await super()._do_post(
           ^^^^^^^^^^^^^^^^^^^^^^^
    ...<6 lines>...
    )
    ^
  File "C:\Users\abbos\AppData\Local\Python\pythoncore-3.14-64\Lib\site-packages\telegram\_bot.py", line 733, in _do_post
    result = await request.post(
             ^^^^^^^^^^^^^^^^^^^
    ...<6 lines>...
    )
    ^
  File "C:\Users\abbos\AppData\Local\Python\pythoncore-3.14-64\Lib\site-packages\telegram\request\_baserequest.py", line 198, in post
    result = await self._request_wrapper(
             ^^^^^^^^^^^^^^^^^^^^^^^^^^^^
    ...<7 lines>...
    )
    ^
  File "C:\Users\abbos\AppData\Local\Python\pythoncore-3.14-64\Lib\site-packages\telegram\request\_baserequest.py", line 305, in _request_wrapper
    code, payload = await self.do_request(
                    ^^^^^^^^^^^^^^^^^^^^^^
    ...<7 lines>...
    )
    ^
  File "C:\Users\abbos\AppData\Local\Python\pythoncore-3.14-64\Lib\site-packages\telegram\request\_httpxrequest.py", line 303, in do_request
    raise NetworkError(f"httpx.{err.__class__.__name__}: {err}") from err
telegram.error.NetworkError: httpx.ConnectError: [Errno 11001] getaddrinfo failed
2026-05-08 23:35:48,610 - telegram.ext.Application - ERROR - No error handlers are registered, logging exception.
Traceback (most recent call last):
  File "C:\Users\abbos\AppData\Local\Python\pythoncore-3.14-64\Lib\site-packages\httpx\_transports\default.py", line 101, in map_httpcore_exceptions
    yield
  File "C:\Users\abbos\AppData\Local\Python\pythoncore-3.14-64\Lib\site-packages\httpx\_transports\default.py", line 394, in handle_async_request
    resp = await self._pool.handle_async_request(req)
           ^^^^^^^^^^^^^^^^^^^^^^^^^^^^^^^^^^^^^^^^^^
  File "C:\Users\abbos\AppData\Local\Python\pythoncore-3.14-64\Lib\site-packages\httpcore\_async\connection_pool.py", line 256, in handle_async_request
    raise exc from None
  File "C:\Users\abbos\AppData\Local\Python\pythoncore-3.14-64\Lib\site-packages\httpcore\_async\connection_pool.py", line 236, in handle_async_request
    response = await connection.handle_async_request(
               ^^^^^^^^^^^^^^^^^^^^^^^^^^^^^^^^^^^^^^
        pool_request.request
        ^^^^^^^^^^^^^^^^^^^^
    )
    ^
  File "C:\Users\abbos\AppData\Local\Python\pythoncore-3.14-64\Lib\site-packages\httpcore\_async\connection.py", line 101, in handle_async_request
    raise exc
  File "C:\Users\abbos\AppData\Local\Python\pythoncore-3.14-64\Lib\site-packages\httpcore\_async\connection.py", line 78, in handle_async_request
    stream = await self._connect(request)
             ^^^^^^^^^^^^^^^^^^^^^^^^^^^^
  File "C:\Users\abbos\AppData\Local\Python\pythoncore-3.14-64\Lib\site-packages\httpcore\_async\connection.py", line 124, in _connect
    stream = await self._network_backend.connect_tcp(**kwargs)
             ^^^^^^^^^^^^^^^^^^^^^^^^^^^^^^^^^^^^^^^^^^^^^^^^^
  File "C:\Users\abbos\AppData\Local\Python\pythoncore-3.14-64\Lib\site-packages\httpcore\_backends\auto.py", line 31, in connect_tcp
    return await self._backend.connect_tcp(
           ^^^^^^^^^^^^^^^^^^^^^^^^^^^^^^^^
    ...<5 lines>...
    )
    ^
  File "C:\Users\abbos\AppData\Local\Python\pythoncore-3.14-64\Lib\site-packages\httpcore\_backends\anyio.py", line 113, in connect_tcp
    with map_exceptions(exc_map):
         ~~~~~~~~~~~~~~^^^^^^^^^
  File "C:\Users\abbos\AppData\Local\Python\pythoncore-3.14-64\Lib\contextlib.py", line 162, in __exit__
    self.gen.throw(value)
    ~~~~~~~~~~~~~~^^^^^^^
  File "C:\Users\abbos\AppData\Local\Python\pythoncore-3.14-64\Lib\site-packages\httpcore\_exceptions.py", line 14, in map_exceptions
    raise to_exc(exc) from exc
httpcore.ConnectError: [Errno 11001] getaddrinfo failed

The above exception was the direct cause of the following exception:

Traceback (most recent call last):
  File "C:\Users\abbos\AppData\Local\Python\pythoncore-3.14-64\Lib\site-packages\telegram\request\_httpxrequest.py", line 279, in do_request
    res = await self._client.request(
          ^^^^^^^^^^^^^^^^^^^^^^^^^^^
    ...<6 lines>...
    )
    ^
  File "C:\Users\abbos\AppData\Local\Python\pythoncore-3.14-64\Lib\site-packages\httpx\_client.py", line 1540, in request
    return await self.send(request, auth=auth, follow_redirects=follow_redirects)
           ^^^^^^^^^^^^^^^^^^^^^^^^^^^^^^^^^^^^^^^^^^^^^^^^^^^^^^^^^^^^^^^^^^^^^^
  File "C:\Users\abbos\AppData\Local\Python\pythoncore-3.14-64\Lib\site-packages\httpx\_client.py", line 1629, in send
    response = await self._send_handling_auth(
               ^^^^^^^^^^^^^^^^^^^^^^^^^^^^^^^
    ...<4 lines>...
    )
    ^
  File "C:\Users\abbos\AppData\Local\Python\pythoncore-3.14-64\Lib\site-packages\httpx\_client.py", line 1657, in _send_handling_auth
    response = await self._send_handling_redirects(
               ^^^^^^^^^^^^^^^^^^^^^^^^^^^^^^^^^^^^
    ...<3 lines>...
    )
    ^
  File "C:\Users\abbos\AppData\Local\Python\pythoncore-3.14-64\Lib\site-packages\httpx\_client.py", line 1694, in _send_handling_redirects
    response = await self._send_single_request(request)
               ^^^^^^^^^^^^^^^^^^^^^^^^^^^^^^^^^^^^^^^^
  File "C:\Users\abbos\AppData\Local\Python\pythoncore-3.14-64\Lib\site-packages\httpx\_client.py", line 1730, in _send_single_request
    response = await transport.handle_async_request(request)
               ^^^^^^^^^^^^^^^^^^^^^^^^^^^^^^^^^^^^^^^^^^^^^
  File "C:\Users\abbos\AppData\Local\Python\pythoncore-3.14-64\Lib\site-packages\httpx\_transports\default.py", line 393, in handle_async_request
    with map_httpcore_exceptions():
         ~~~~~~~~~~~~~~~~~~~~~~~^^
  File "C:\Users\abbos\AppData\Local\Python\pythoncore-3.14-64\Lib\contextlib.py", line 162, in __exit__
    self.gen.throw(value)
    ~~~~~~~~~~~~~~^^^^^^^
  File "C:\Users\abbos\AppData\Local\Python\pythoncore-3.14-64\Lib\site-packages\httpx\_transports\default.py", line 118, in map_httpcore_exceptions
    raise mapped_exc(message) from exc
httpx.ConnectError: [Errno 11001] getaddrinfo failed

The above exception was the direct cause of the following exception:

Traceback (most recent call last):
  File "C:\Users\abbos\AppData\Local\Python\pythoncore-3.14-64\Lib\site-packages\telegram\ext\_utils\networkloop.py", line 161, in network_retry_loop
    await do_action()
  File "C:\Users\abbos\AppData\Local\Python\pythoncore-3.14-64\Lib\site-packages\telegram\ext\_utils\networkloop.py", line 154, in do_action
    action_cb_task.result()
    ~~~~~~~~~~~~~~~~~~~~~^^
  File "C:\Users\abbos\AppData\Local\Python\pythoncore-3.14-64\Lib\site-packages\telegram\ext\_updater.py", line 340, in polling_action_cb
    updates = await self.bot.get_updates(
              ^^^^^^^^^^^^^^^^^^^^^^^^^^^
    ...<3 lines>...
    )
    ^
  File "C:\Users\abbos\AppData\Local\Python\pythoncore-3.14-64\Lib\site-packages\telegram\ext\_extbot.py", line 672, in get_updates
    updates = await super().get_updates(
              ^^^^^^^^^^^^^^^^^^^^^^^^^^
    ...<9 lines>...
    )
    ^
  File "C:\Users\abbos\AppData\Local\Python\pythoncore-3.14-64\Lib\site-packages\telegram\_bot.py", line 4865, in get_updates
    await self._post(
    ^^^^^^^^^^^^^^^^^
    ...<7 lines>...
    ),
    ^
  File "C:\Users\abbos\AppData\Local\Python\pythoncore-3.14-64\Lib\site-packages\telegram\_bot.py", line 704, in _post
    return await self._do_post(
           ^^^^^^^^^^^^^^^^^^^^
    ...<6 lines>...
    )
    ^
  File "C:\Users\abbos\AppData\Local\Python\pythoncore-3.14-64\Lib\site-packages\telegram\ext\_extbot.py", line 370, in _do_post
    return await super()._do_post(
           ^^^^^^^^^^^^^^^^^^^^^^^
    ...<6 lines>...
    )
    ^
  File "C:\Users\abbos\AppData\Local\Python\pythoncore-3.14-64\Lib\site-packages\telegram\_bot.py", line 733, in _do_post
    result = await request.post(
             ^^^^^^^^^^^^^^^^^^^
    ...<6 lines>...
    )
    ^
  File "C:\Users\abbos\AppData\Local\Python\pythoncore-3.14-64\Lib\site-packages\telegram\request\_baserequest.py", line 198, in post
    result = await self._request_wrapper(
             ^^^^^^^^^^^^^^^^^^^^^^^^^^^^
    ...<7 lines>...
    )
    ^
  File "C:\Users\abbos\AppData\Local\Python\pythoncore-3.14-64\Lib\site-packages\telegram\request\_baserequest.py", line 305, in _request_wrapper
    code, payload = await self.do_request(
                    ^^^^^^^^^^^^^^^^^^^^^^
    ...<7 lines>...
    )
    ^
  File "C:\Users\abbos\AppData\Local\Python\pythoncore-3.14-64\Lib\site-packages\telegram\request\_httpxrequest.py", line 303, in do_request
    raise NetworkError(f"httpx.{err.__class__.__name__}: {err}") from err
telegram.error.NetworkError: httpx.ConnectError: [Errno 11001] getaddrinfo failed
2026-05-08 23:36:00,011 - telegram.ext.Application - ERROR - No error handlers are registered, logging exception.
Traceback (most recent call last):
  File "C:\Users\abbos\AppData\Local\Python\pythoncore-3.14-64\Lib\site-packages\httpx\_transports\default.py", line 101, in map_httpcore_exceptions
    yield
  File "C:\Users\abbos\AppData\Local\Python\pythoncore-3.14-64\Lib\site-packages\httpx\_transports\default.py", line 394, in handle_async_request
    resp = await self._pool.handle_async_request(req)
           ^^^^^^^^^^^^^^^^^^^^^^^^^^^^^^^^^^^^^^^^^^
  File "C:\Users\abbos\AppData\Local\Python\pythoncore-3.14-64\Lib\site-packages\httpcore\_async\connection_pool.py", line 256, in handle_async_request
    raise exc from None
  File "C:\Users\abbos\AppData\Local\Python\pythoncore-3.14-64\Lib\site-packages\httpcore\_async\connection_pool.py", line 236, in handle_async_request
    response = await connection.handle_async_request(
               ^^^^^^^^^^^^^^^^^^^^^^^^^^^^^^^^^^^^^^
        pool_request.request
        ^^^^^^^^^^^^^^^^^^^^
    )
    ^
  File "C:\Users\abbos\AppData\Local\Python\pythoncore-3.14-64\Lib\site-packages\httpcore\_async\connection.py", line 101, in handle_async_request
    raise exc
  File "C:\Users\abbos\AppData\Local\Python\pythoncore-3.14-64\Lib\site-packages\httpcore\_async\connection.py", line 78, in handle_async_request
    stream = await self._connect(request)
             ^^^^^^^^^^^^^^^^^^^^^^^^^^^^
  File "C:\Users\abbos\AppData\Local\Python\pythoncore-3.14-64\Lib\site-packages\httpcore\_async\connection.py", line 124, in _connect
    stream = await self._network_backend.connect_tcp(**kwargs)
             ^^^^^^^^^^^^^^^^^^^^^^^^^^^^^^^^^^^^^^^^^^^^^^^^^
  File "C:\Users\abbos\AppData\Local\Python\pythoncore-3.14-64\Lib\site-packages\httpcore\_backends\auto.py", line 31, in connect_tcp
    return await self._backend.connect_tcp(
           ^^^^^^^^^^^^^^^^^^^^^^^^^^^^^^^^
    ...<5 lines>...
    )
    ^
  File "C:\Users\abbos\AppData\Local\Python\pythoncore-3.14-64\Lib\site-packages\httpcore\_backends\anyio.py", line 113, in connect_tcp
    with map_exceptions(exc_map):
         ~~~~~~~~~~~~~~^^^^^^^^^
  File "C:\Users\abbos\AppData\Local\Python\pythoncore-3.14-64\Lib\contextlib.py", line 162, in __exit__
    self.gen.throw(value)
    ~~~~~~~~~~~~~~^^^^^^^
  File "C:\Users\abbos\AppData\Local\Python\pythoncore-3.14-64\Lib\site-packages\httpcore\_exceptions.py", line 14, in map_exceptions
    raise to_exc(exc) from exc
httpcore.ConnectError: [Errno 11001] getaddrinfo failed

The above exception was the direct cause of the following exception:

Traceback (most recent call last):
  File "C:\Users\abbos\AppData\Local\Python\pythoncore-3.14-64\Lib\site-packages\telegram\request\_httpxrequest.py", line 279, in do_request
    res = await self._client.request(
          ^^^^^^^^^^^^^^^^^^^^^^^^^^^
    ...<6 lines>...
    )
    ^
  File "C:\Users\abbos\AppData\Local\Python\pythoncore-3.14-64\Lib\site-packages\httpx\_client.py", line 1540, in request
    return await self.send(request, auth=auth, follow_redirects=follow_redirects)
           ^^^^^^^^^^^^^^^^^^^^^^^^^^^^^^^^^^^^^^^^^^^^^^^^^^^^^^^^^^^^^^^^^^^^^^
  File "C:\Users\abbos\AppData\Local\Python\pythoncore-3.14-64\Lib\site-packages\httpx\_client.py", line 1629, in send
    response = await self._send_handling_auth(
               ^^^^^^^^^^^^^^^^^^^^^^^^^^^^^^^
    ...<4 lines>...
    )
    ^
  File "C:\Users\abbos\AppData\Local\Python\pythoncore-3.14-64\Lib\site-packages\httpx\_client.py", line 1657, in _send_handling_auth
    response = await self._send_handling_redirects(
               ^^^^^^^^^^^^^^^^^^^^^^^^^^^^^^^^^^^^
    ...<3 lines>...
    )
    ^
  File "C:\Users\abbos\AppData\Local\Python\pythoncore-3.14-64\Lib\site-packages\httpx\_client.py", line 1694, in _send_handling_redirects
    response = await self._send_single_request(request)
               ^^^^^^^^^^^^^^^^^^^^^^^^^^^^^^^^^^^^^^^^
  File "C:\Users\abbos\AppData\Local\Python\pythoncore-3.14-64\Lib\site-packages\httpx\_client.py", line 1730, in _send_single_request
    response = await transport.handle_async_request(request)
               ^^^^^^^^^^^^^^^^^^^^^^^^^^^^^^^^^^^^^^^^^^^^^
  File "C:\Users\abbos\AppData\Local\Python\pythoncore-3.14-64\Lib\site-packages\httpx\_transports\default.py", line 393, in handle_async_request
    with map_httpcore_exceptions():
         ~~~~~~~~~~~~~~~~~~~~~~~^^
  File "C:\Users\abbos\AppData\Local\Python\pythoncore-3.14-64\Lib\contextlib.py", line 162, in __exit__
    self.gen.throw(value)
    ~~~~~~~~~~~~~~^^^^^^^
  File "C:\Users\abbos\AppData\Local\Python\pythoncore-3.14-64\Lib\site-packages\httpx\_transports\default.py", line 118, in map_httpcore_exceptions
    raise mapped_exc(message) from exc
httpx.ConnectError: [Errno 11001] getaddrinfo failed

The above exception was the direct cause of the following exception:

Traceback (most recent call last):
  File "C:\Users\abbos\AppData\Local\Python\pythoncore-3.14-64\Lib\site-packages\telegram\ext\_utils\networkloop.py", line 161, in network_retry_loop
    await do_action()
  File "C:\Users\abbos\AppData\Local\Python\pythoncore-3.14-64\Lib\site-packages\telegram\ext\_utils\networkloop.py", line 154, in do_action
    action_cb_task.result()
    ~~~~~~~~~~~~~~~~~~~~~^^
  File "C:\Users\abbos\AppData\Local\Python\pythoncore-3.14-64\Lib\site-packages\telegram\ext\_updater.py", line 340, in polling_action_cb
    updates = await self.bot.get_updates(
              ^^^^^^^^^^^^^^^^^^^^^^^^^^^
    ...<3 lines>...
    )
    ^
  File "C:\Users\abbos\AppData\Local\Python\pythoncore-3.14-64\Lib\site-packages\telegram\ext\_extbot.py", line 672, in get_updates
    updates = await super().get_updates(
              ^^^^^^^^^^^^^^^^^^^^^^^^^^
    ...<9 lines>...
    )
    ^
  File "C:\Users\abbos\AppData\Local\Python\pythoncore-3.14-64\Lib\site-packages\telegram\_bot.py", line 4865, in get_updates
    await self._post(
    ^^^^^^^^^^^^^^^^^
    ...<7 lines>...
    ),
    ^
  File "C:\Users\abbos\AppData\Local\Python\pythoncore-3.14-64\Lib\site-packages\telegram\_bot.py", line 704, in _post
    return await self._do_post(
           ^^^^^^^^^^^^^^^^^^^^
    ...<6 lines>...
    )
    ^
  File "C:\Users\abbos\AppData\Local\Python\pythoncore-3.14-64\Lib\site-packages\telegram\ext\_extbot.py", line 370, in _do_post
    return await super()._do_post(
           ^^^^^^^^^^^^^^^^^^^^^^^
    ...<6 lines>...
    )
    ^
  File "C:\Users\abbos\AppData\Local\Python\pythoncore-3.14-64\Lib\site-packages\telegram\_bot.py", line 733, in _do_post
    result = await request.post(
             ^^^^^^^^^^^^^^^^^^^
    ...<6 lines>...
    )
    ^
  File "C:\Users\abbos\AppData\Local\Python\pythoncore-3.14-64\Lib\site-packages\telegram\request\_baserequest.py", line 198, in post
    result = await self._request_wrapper(
             ^^^^^^^^^^^^^^^^^^^^^^^^^^^^
    ...<7 lines>...
    )
    ^
  File "C:\Users\abbos\AppData\Local\Python\pythoncore-3.14-64\Lib\site-packages\telegram\request\_baserequest.py", line 305, in _request_wrapper
    code, payload = await self.do_request(
                    ^^^^^^^^^^^^^^^^^^^^^^
    ...<7 lines>...
    )
    ^
  File "C:\Users\abbos\AppData\Local\Python\pythoncore-3.14-64\Lib\site-packages\telegram\request\_httpxrequest.py", line 303, in do_request
    raise NetworkError(f"httpx.{err.__class__.__name__}: {err}") from err
telegram.error.NetworkError: httpx.ConnectError: [Errno 11001] getaddrinfo failed
2026-05-08 23:36:17,121 - telegram.ext.Application - ERROR - No error handlers are registered, logging exception.
Traceback (most recent call last):
  File "C:\Users\abbos\AppData\Local\Python\pythoncore-3.14-64\Lib\site-packages\httpx\_transports\default.py", line 101, in map_httpcore_exceptions
    yield
  File "C:\Users\abbos\AppData\Local\Python\pythoncore-3.14-64\Lib\site-packages\httpx\_transports\default.py", line 394, in handle_async_request
    resp = await self._pool.handle_async_request(req)
           ^^^^^^^^^^^^^^^^^^^^^^^^^^^^^^^^^^^^^^^^^^
  File "C:\Users\abbos\AppData\Local\Python\pythoncore-3.14-64\Lib\site-packages\httpcore\_async\connection_pool.py", line 256, in handle_async_request
    raise exc from None
  File "C:\Users\abbos\AppData\Local\Python\pythoncore-3.14-64\Lib\site-packages\httpcore\_async\connection_pool.py", line 236, in handle_async_request
    response = await connection.handle_async_request(
               ^^^^^^^^^^^^^^^^^^^^^^^^^^^^^^^^^^^^^^
        pool_request.request
        ^^^^^^^^^^^^^^^^^^^^
    )
    ^
  File "C:\Users\abbos\AppData\Local\Python\pythoncore-3.14-64\Lib\site-packages\httpcore\_async\connection.py", line 101, in handle_async_request
    raise exc
  File "C:\Users\abbos\AppData\Local\Python\pythoncore-3.14-64\Lib\site-packages\httpcore\_async\connection.py", line 78, in handle_async_request
    stream = await self._connect(request)
             ^^^^^^^^^^^^^^^^^^^^^^^^^^^^
  File "C:\Users\abbos\AppData\Local\Python\pythoncore-3.14-64\Lib\site-packages\httpcore\_async\connection.py", line 124, in _connect
    stream = await self._network_backend.connect_tcp(**kwargs)
             ^^^^^^^^^^^^^^^^^^^^^^^^^^^^^^^^^^^^^^^^^^^^^^^^^
  File "C:\Users\abbos\AppData\Local\Python\pythoncore-3.14-64\Lib\site-packages\httpcore\_backends\auto.py", line 31, in connect_tcp
    return await self._backend.connect_tcp(
           ^^^^^^^^^^^^^^^^^^^^^^^^^^^^^^^^
    ...<5 lines>...
    )
    ^
  File "C:\Users\abbos\AppData\Local\Python\pythoncore-3.14-64\Lib\site-packages\httpcore\_backends\anyio.py", line 113, in connect_tcp
    with map_exceptions(exc_map):
         ~~~~~~~~~~~~~~^^^^^^^^^
  File "C:\Users\abbos\AppData\Local\Python\pythoncore-3.14-64\Lib\contextlib.py", line 162, in __exit__
    self.gen.throw(value)
    ~~~~~~~~~~~~~~^^^^^^^
  File "C:\Users\abbos\AppData\Local\Python\pythoncore-3.14-64\Lib\site-packages\httpcore\_exceptions.py", line 14, in map_exceptions
    raise to_exc(exc) from exc
httpcore.ConnectError: [Errno 11001] getaddrinfo failed

The above exception was the direct cause of the following exception:

Traceback (most recent call last):
  File "C:\Users\abbos\AppData\Local\Python\pythoncore-3.14-64\Lib\site-packages\telegram\request\_httpxrequest.py", line 279, in do_request
    res = await self._client.request(
          ^^^^^^^^^^^^^^^^^^^^^^^^^^^
    ...<6 lines>...
    )
    ^
  File "C:\Users\abbos\AppData\Local\Python\pythoncore-3.14-64\Lib\site-packages\httpx\_client.py", line 1540, in request
    return await self.send(request, auth=auth, follow_redirects=follow_redirects)
           ^^^^^^^^^^^^^^^^^^^^^^^^^^^^^^^^^^^^^^^^^^^^^^^^^^^^^^^^^^^^^^^^^^^^^^
  File "C:\Users\abbos\AppData\Local\Python\pythoncore-3.14-64\Lib\site-packages\httpx\_client.py", line 1629, in send
    response = await self._send_handling_auth(
               ^^^^^^^^^^^^^^^^^^^^^^^^^^^^^^^
    ...<4 lines>...
    )
    ^
  File "C:\Users\abbos\AppData\Local\Python\pythoncore-3.14-64\Lib\site-packages\httpx\_client.py", line 1657, in _send_handling_auth
    response = await self._send_handling_redirects(
               ^^^^^^^^^^^^^^^^^^^^^^^^^^^^^^^^^^^^
    ...<3 lines>...
    )
    ^
  File "C:\Users\abbos\AppData\Local\Python\pythoncore-3.14-64\Lib\site-packages\httpx\_client.py", line 1694, in _send_handling_redirects
    response = await self._send_single_request(request)
               ^^^^^^^^^^^^^^^^^^^^^^^^^^^^^^^^^^^^^^^^
  File "C:\Users\abbos\AppData\Local\Python\pythoncore-3.14-64\Lib\site-packages\httpx\_client.py", line 1730, in _send_single_request
    response = await transport.handle_async_request(request)
               ^^^^^^^^^^^^^^^^^^^^^^^^^^^^^^^^^^^^^^^^^^^^^
  File "C:\Users\abbos\AppData\Local\Python\pythoncore-3.14-64\Lib\site-packages\httpx\_transports\default.py", line 393, in handle_async_request
    with map_httpcore_exceptions():
         ~~~~~~~~~~~~~~~~~~~~~~~^^
  File "C:\Users\abbos\AppData\Local\Python\pythoncore-3.14-64\Lib\contextlib.py", line 162, in __exit__
    self.gen.throw(value)
    ~~~~~~~~~~~~~~^^^^^^^
  File "C:\Users\abbos\AppData\Local\Python\pythoncore-3.14-64\Lib\site-packages\httpx\_transports\default.py", line 118, in map_httpcore_exceptions
    raise mapped_exc(message) from exc
httpx.ConnectError: [Errno 11001] getaddrinfo failed

The above exception was the direct cause of the following exception:

Traceback (most recent call last):
  File "C:\Users\abbos\AppData\Local\Python\pythoncore-3.14-64\Lib\site-packages\telegram\ext\_utils\networkloop.py", line 161, in network_retry_loop
    await do_action()
  File "C:\Users\abbos\AppData\Local\Python\pythoncore-3.14-64\Lib\site-packages\telegram\ext\_utils\networkloop.py", line 154, in do_action
    action_cb_task.result()
    ~~~~~~~~~~~~~~~~~~~~~^^
  File "C:\Users\abbos\AppData\Local\Python\pythoncore-3.14-64\Lib\site-packages\telegram\ext\_updater.py", line 340, in polling_action_cb
    updates = await self.bot.get_updates(
              ^^^^^^^^^^^^^^^^^^^^^^^^^^^
    ...<3 lines>...
    )
    ^
  File "C:\Users\abbos\AppData\Local\Python\pythoncore-3.14-64\Lib\site-packages\telegram\ext\_extbot.py", line 672, in get_updates
    updates = await super().get_updates(
              ^^^^^^^^^^^^^^^^^^^^^^^^^^
    ...<9 lines>...
    )
    ^
  File "C:\Users\abbos\AppData\Local\Python\pythoncore-3.14-64\Lib\site-packages\telegram\_bot.py", line 4865, in get_updates
    await self._post(
    ^^^^^^^^^^^^^^^^^
    ...<7 lines>...
    ),
    ^
  File "C:\Users\abbos\AppData\Local\Python\pythoncore-3.14-64\Lib\site-packages\telegram\_bot.py", line 704, in _post
    return await self._do_post(
           ^^^^^^^^^^^^^^^^^^^^
    ...<6 lines>...
    )
    ^
  File "C:\Users\abbos\AppData\Local\Python\pythoncore-3.14-64\Lib\site-packages\telegram\ext\_extbot.py", line 370, in _do_post
    return await super()._do_post(
           ^^^^^^^^^^^^^^^^^^^^^^^
    ...<6 lines>...
    )
    ^
  File "C:\Users\abbos\AppData\Local\Python\pythoncore-3.14-64\Lib\site-packages\telegram\_bot.py", line 733, in _do_post
    result = await request.post(
             ^^^^^^^^^^^^^^^^^^^
    ...<6 lines>...
    )
    ^
  File "C:\Users\abbos\AppData\Local\Python\pythoncore-3.14-64\Lib\site-packages\telegram\request\_baserequest.py", line 198, in post
    result = await self._request_wrapper(
             ^^^^^^^^^^^^^^^^^^^^^^^^^^^^
    ...<7 lines>...
    )
    ^
  File "C:\Users\abbos\AppData\Local\Python\pythoncore-3.14-64\Lib\site-packages\telegram\request\_baserequest.py", line 305, in _request_wrapper
    code, payload = await self.do_request(
                    ^^^^^^^^^^^^^^^^^^^^^^
    ...<7 lines>...
    )
    ^
  File "C:\Users\abbos\AppData\Local\Python\pythoncore-3.14-64\Lib\site-packages\telegram\request\_httpxrequest.py", line 303, in do_request
    raise NetworkError(f"httpx.{err.__class__.__name__}: {err}") from err
telegram.error.NetworkError: httpx.ConnectError: [Errno 11001] getaddrinfo failed
2026-05-08 23:36:42,784 - telegram.ext.Application - ERROR - No error handlers are registered, logging exception.
Traceback (most recent call last):
  File "C:\Users\abbos\AppData\Local\Python\pythoncore-3.14-64\Lib\site-packages\httpx\_transports\default.py", line 101, in map_httpcore_exceptions
    yield
  File "C:\Users\abbos\AppData\Local\Python\pythoncore-3.14-64\Lib\site-packages\httpx\_transports\default.py", line 394, in handle_async_request
    resp = await self._pool.handle_async_request(req)
           ^^^^^^^^^^^^^^^^^^^^^^^^^^^^^^^^^^^^^^^^^^
  File "C:\Users\abbos\AppData\Local\Python\pythoncore-3.14-64\Lib\site-packages\httpcore\_async\connection_pool.py", line 256, in handle_async_request
    raise exc from None
  File "C:\Users\abbos\AppData\Local\Python\pythoncore-3.14-64\Lib\site-packages\httpcore\_async\connection_pool.py", line 236, in handle_async_request
    response = await connection.handle_async_request(
               ^^^^^^^^^^^^^^^^^^^^^^^^^^^^^^^^^^^^^^
        pool_request.request
        ^^^^^^^^^^^^^^^^^^^^
    )
    ^
  File "C:\Users\abbos\AppData\Local\Python\pythoncore-3.14-64\Lib\site-packages\httpcore\_async\connection.py", line 101, in handle_async_request
    raise exc
  File "C:\Users\abbos\AppData\Local\Python\pythoncore-3.14-64\Lib\site-packages\httpcore\_async\connection.py", line 78, in handle_async_request
    stream = await self._connect(request)
             ^^^^^^^^^^^^^^^^^^^^^^^^^^^^
  File "C:\Users\abbos\AppData\Local\Python\pythoncore-3.14-64\Lib\site-packages\httpcore\_async\connection.py", line 124, in _connect
    stream = await self._network_backend.connect_tcp(**kwargs)
             ^^^^^^^^^^^^^^^^^^^^^^^^^^^^^^^^^^^^^^^^^^^^^^^^^
  File "C:\Users\abbos\AppData\Local\Python\pythoncore-3.14-64\Lib\site-packages\httpcore\_backends\auto.py", line 31, in connect_tcp
    return await self._backend.connect_tcp(
           ^^^^^^^^^^^^^^^^^^^^^^^^^^^^^^^^
    ...<5 lines>...
    )
    ^
  File "C:\Users\abbos\AppData\Local\Python\pythoncore-3.14-64\Lib\site-packages\httpcore\_backends\anyio.py", line 113, in connect_tcp
    with map_exceptions(exc_map):
         ~~~~~~~~~~~~~~^^^^^^^^^
  File "C:\Users\abbos\AppData\Local\Python\pythoncore-3.14-64\Lib\contextlib.py", line 162, in __exit__
    self.gen.throw(value)
    ~~~~~~~~~~~~~~^^^^^^^
  File "C:\Users\abbos\AppData\Local\Python\pythoncore-3.14-64\Lib\site-packages\httpcore\_exceptions.py", line 14, in map_exceptions
    raise to_exc(exc) from exc
httpcore.ConnectError: [Errno 11001] getaddrinfo failed

The above exception was the direct cause of the following exception:

Traceback (most recent call last):
  File "C:\Users\abbos\AppData\Local\Python\pythoncore-3.14-64\Lib\site-packages\telegram\request\_httpxrequest.py", line 279, in do_request
    res = await self._client.request(
          ^^^^^^^^^^^^^^^^^^^^^^^^^^^
    ...<6 lines>...
    )
    ^
  File "C:\Users\abbos\AppData\Local\Python\pythoncore-3.14-64\Lib\site-packages\httpx\_client.py", line 1540, in request
    return await self.send(request, auth=auth, follow_redirects=follow_redirects)
           ^^^^^^^^^^^^^^^^^^^^^^^^^^^^^^^^^^^^^^^^^^^^^^^^^^^^^^^^^^^^^^^^^^^^^^
  File "C:\Users\abbos\AppData\Local\Python\pythoncore-3.14-64\Lib\site-packages\httpx\_client.py", line 1629, in send
    response = await self._send_handling_auth(
               ^^^^^^^^^^^^^^^^^^^^^^^^^^^^^^^
    ...<4 lines>...
    )
    ^
  File "C:\Users\abbos\AppData\Local\Python\pythoncore-3.14-64\Lib\site-packages\httpx\_client.py", line 1657, in _send_handling_auth
    response = await self._send_handling_redirects(
               ^^^^^^^^^^^^^^^^^^^^^^^^^^^^^^^^^^^^
    ...<3 lines>...
    )
    ^
  File "C:\Users\abbos\AppData\Local\Python\pythoncore-3.14-64\Lib\site-packages\httpx\_client.py", line 1694, in _send_handling_redirects
    response = await self._send_single_request(request)
               ^^^^^^^^^^^^^^^^^^^^^^^^^^^^^^^^^^^^^^^^
  File "C:\Users\abbos\AppData\Local\Python\pythoncore-3.14-64\Lib\site-packages\httpx\_client.py", line 1730, in _send_single_request
    response = await transport.handle_async_request(request)
               ^^^^^^^^^^^^^^^^^^^^^^^^^^^^^^^^^^^^^^^^^^^^^
  File "C:\Users\abbos\AppData\Local\Python\pythoncore-3.14-64\Lib\site-packages\httpx\_transports\default.py", line 393, in handle_async_request
    with map_httpcore_exceptions():
         ~~~~~~~~~~~~~~~~~~~~~~~^^
  File "C:\Users\abbos\AppData\Local\Python\pythoncore-3.14-64\Lib\contextlib.py", line 162, in __exit__
    self.gen.throw(value)
    ~~~~~~~~~~~~~~^^^^^^^
  File "C:\Users\abbos\AppData\Local\Python\pythoncore-3.14-64\Lib\site-packages\httpx\_transports\default.py", line 118, in map_httpcore_exceptions
    raise mapped_exc(message) from exc
httpx.ConnectError: [Errno 11001] getaddrinfo failed

The above exception was the direct cause of the following exception:

Traceback (most recent call last):
  File "C:\Users\abbos\AppData\Local\Python\pythoncore-3.14-64\Lib\site-packages\telegram\ext\_utils\networkloop.py", line 161, in network_retry_loop
    await do_action()
  File "C:\Users\abbos\AppData\Local\Python\pythoncore-3.14-64\Lib\site-packages\telegram\ext\_utils\networkloop.py", line 154, in do_action
    action_cb_task.result()
    ~~~~~~~~~~~~~~~~~~~~~^^
  File "C:\Users\abbos\AppData\Local\Python\pythoncore-3.14-64\Lib\site-packages\telegram\ext\_updater.py", line 340, in polling_action_cb
    updates = await self.bot.get_updates(
              ^^^^^^^^^^^^^^^^^^^^^^^^^^^
    ...<3 lines>...
    )
    ^
  File "C:\Users\abbos\AppData\Local\Python\pythoncore-3.14-64\Lib\site-packages\telegram\ext\_extbot.py", line 672, in get_updates
    updates = await super().get_updates(
              ^^^^^^^^^^^^^^^^^^^^^^^^^^
    ...<9 lines>...
    )
    ^
  File "C:\Users\abbos\AppData\Local\Python\pythoncore-3.14-64\Lib\site-packages\telegram\_bot.py", line 4865, in get_updates
    await self._post(
    ^^^^^^^^^^^^^^^^^
    ...<7 lines>...
    ),
    ^
  File "C:\Users\abbos\AppData\Local\Python\pythoncore-3.14-64\Lib\site-packages\telegram\_bot.py", line 704, in _post
    return await self._do_post(
           ^^^^^^^^^^^^^^^^^^^^
    ...<6 lines>...
    )
    ^
  File "C:\Users\abbos\AppData\Local\Python\pythoncore-3.14-64\Lib\site-packages\telegram\ext\_extbot.py", line 370, in _do_post
    return await super()._do_post(
           ^^^^^^^^^^^^^^^^^^^^^^^
    ...<6 lines>...
    )
    ^
  File "C:\Users\abbos\AppData\Local\Python\pythoncore-3.14-64\Lib\site-packages\telegram\_bot.py", line 733, in _do_post
    result = await request.post(
             ^^^^^^^^^^^^^^^^^^^
    ...<6 lines>...
    )
    ^
  File "C:\Users\abbos\AppData\Local\Python\pythoncore-3.14-64\Lib\site-packages\telegram\request\_baserequest.py", line 198, in post
    result = await self._request_wrapper(
             ^^^^^^^^^^^^^^^^^^^^^^^^^^^^
    ...<7 lines>...
    )
    ^
  File "C:\Users\abbos\AppData\Local\Python\pythoncore-3.14-64\Lib\site-packages\telegram\request\_baserequest.py", line 305, in _request_wrapper
    code, payload = await self.do_request(
                    ^^^^^^^^^^^^^^^^^^^^^^
    ...<7 lines>...
    )
    ^
  File "C:\Users\abbos\AppData\Local\Python\pythoncore-3.14-64\Lib\site-packages\telegram\request\_httpxrequest.py", line 303, in do_request
    raise NetworkError(f"httpx.{err.__class__.__name__}: {err}") from err
telegram.error.NetworkError: httpx.ConnectError: [Errno 11001] getaddrinfo failed
2026-05-08 23:41:33,357 - telegram.ext.Application - ERROR - No error handlers are registered, logging exception.
Traceback (most recent call last):
  File "C:\Users\abbos\AppData\Local\Python\pythoncore-3.14-64\Lib\site-packages\httpx\_transports\default.py", line 101, in map_httpcore_exceptions
    yield
  File "C:\Users\abbos\AppData\Local\Python\pythoncore-3.14-64\Lib\site-packages\httpx\_transports\default.py", line 394, in handle_async_request
    resp = await self._pool.handle_async_request(req)
           ^^^^^^^^^^^^^^^^^^^^^^^^^^^^^^^^^^^^^^^^^^
  File "C:\Users\abbos\AppData\Local\Python\pythoncore-3.14-64\Lib\site-packages\httpcore\_async\connection_pool.py", line 256, in handle_async_request
    raise exc from None
  File "C:\Users\abbos\AppData\Local\Python\pythoncore-3.14-64\Lib\site-packages\httpcore\_async\connection_pool.py", line 236, in handle_async_request
    response = await connection.handle_async_request(
               ^^^^^^^^^^^^^^^^^^^^^^^^^^^^^^^^^^^^^^
        pool_request.request
        ^^^^^^^^^^^^^^^^^^^^
    )
    ^
  File "C:\Users\abbos\AppData\Local\Python\pythoncore-3.14-64\Lib\site-packages\httpcore\_async\connection.py", line 101, in handle_async_request
    raise exc
  File "C:\Users\abbos\AppData\Local\Python\pythoncore-3.14-64\Lib\site-packages\httpcore\_async\connection.py", line 78, in handle_async_request
    stream = await self._connect(request)
             ^^^^^^^^^^^^^^^^^^^^^^^^^^^^
  File "C:\Users\abbos\AppData\Local\Python\pythoncore-3.14-64\Lib\site-packages\httpcore\_async\connection.py", line 124, in _connect
    stream = await self._network_backend.connect_tcp(**kwargs)
             ^^^^^^^^^^^^^^^^^^^^^^^^^^^^^^^^^^^^^^^^^^^^^^^^^
  File "C:\Users\abbos\AppData\Local\Python\pythoncore-3.14-64\Lib\site-packages\httpcore\_backends\auto.py", line 31, in connect_tcp
    return await self._backend.connect_tcp(
           ^^^^^^^^^^^^^^^^^^^^^^^^^^^^^^^^
    ...<5 lines>...
    )
    ^
  File "C:\Users\abbos\AppData\Local\Python\pythoncore-3.14-64\Lib\site-packages\httpcore\_backends\anyio.py", line 113, in connect_tcp
    with map_exceptions(exc_map):
         ~~~~~~~~~~~~~~^^^^^^^^^
  File "C:\Users\abbos\AppData\Local\Python\pythoncore-3.14-64\Lib\contextlib.py", line 162, in __exit__
    self.gen.throw(value)
    ~~~~~~~~~~~~~~^^^^^^^
  File "C:\Users\abbos\AppData\Local\Python\pythoncore-3.14-64\Lib\site-packages\httpcore\_exceptions.py", line 14, in map_exceptions
    raise to_exc(exc) from exc
httpcore.ConnectError: [Errno 11001] getaddrinfo failed

The above exception was the direct cause of the following exception:

Traceback (most recent call last):
  File "C:\Users\abbos\AppData\Local\Python\pythoncore-3.14-64\Lib\site-packages\telegram\request\_httpxrequest.py", line 279, in do_request
    res = await self._client.request(
          ^^^^^^^^^^^^^^^^^^^^^^^^^^^
    ...<6 lines>...
    )
    ^
  File "C:\Users\abbos\AppData\Local\Python\pythoncore-3.14-64\Lib\site-packages\httpx\_client.py", line 1540, in request
    return await self.send(request, auth=auth, follow_redirects=follow_redirects)
           ^^^^^^^^^^^^^^^^^^^^^^^^^^^^^^^^^^^^^^^^^^^^^^^^^^^^^^^^^^^^^^^^^^^^^^
  File "C:\Users\abbos\AppData\Local\Python\pythoncore-3.14-64\Lib\site-packages\httpx\_client.py", line 1629, in send
    response = await self._send_handling_auth(
               ^^^^^^^^^^^^^^^^^^^^^^^^^^^^^^^
    ...<4 lines>...
    )
    ^
  File "C:\Users\abbos\AppData\Local\Python\pythoncore-3.14-64\Lib\site-packages\httpx\_client.py", line 1657, in _send_handling_auth
    response = await self._send_handling_redirects(
               ^^^^^^^^^^^^^^^^^^^^^^^^^^^^^^^^^^^^
    ...<3 lines>...
    )
    ^
  File "C:\Users\abbos\AppData\Local\Python\pythoncore-3.14-64\Lib\site-packages\httpx\_client.py", line 1694, in _send_handling_redirects
    response = await self._send_single_request(request)
               ^^^^^^^^^^^^^^^^^^^^^^^^^^^^^^^^^^^^^^^^
  File "C:\Users\abbos\AppData\Local\Python\pythoncore-3.14-64\Lib\site-packages\httpx\_client.py", line 1730, in _send_single_request
    response = await transport.handle_async_request(request)
               ^^^^^^^^^^^^^^^^^^^^^^^^^^^^^^^^^^^^^^^^^^^^^
  File "C:\Users\abbos\AppData\Local\Python\pythoncore-3.14-64\Lib\site-packages\httpx\_transports\default.py", line 393, in handle_async_request
    with map_httpcore_exceptions():
         ~~~~~~~~~~~~~~~~~~~~~~~^^
  File "C:\Users\abbos\AppData\Local\Python\pythoncore-3.14-64\Lib\contextlib.py", line 162, in __exit__
    self.gen.throw(value)
    ~~~~~~~~~~~~~~^^^^^^^
  File "C:\Users\abbos\AppData\Local\Python\pythoncore-3.14-64\Lib\site-packages\httpx\_transports\default.py", line 118, in map_httpcore_exceptions
    raise mapped_exc(message) from exc
httpx.ConnectError: [Errno 11001] getaddrinfo failed

The above exception was the direct cause of the following exception:

Traceback (most recent call last):
  File "C:\Users\abbos\AppData\Local\Python\pythoncore-3.14-64\Lib\site-packages\telegram\ext\_utils\networkloop.py", line 161, in network_retry_loop
    await do_action()
  File "C:\Users\abbos\AppData\Local\Python\pythoncore-3.14-64\Lib\site-packages\telegram\ext\_utils\networkloop.py", line 154, in do_action
    action_cb_task.result()
    ~~~~~~~~~~~~~~~~~~~~~^^
  File "C:\Users\abbos\AppData\Local\Python\pythoncore-3.14-64\Lib\site-packages\telegram\ext\_updater.py", line 340, in polling_action_cb
    updates = await self.bot.get_updates(
              ^^^^^^^^^^^^^^^^^^^^^^^^^^^
    ...<3 lines>...
    )
    ^
  File "C:\Users\abbos\AppData\Local\Python\pythoncore-3.14-64\Lib\site-packages\telegram\ext\_extbot.py", line 672, in get_updates
    updates = await super().get_updates(
              ^^^^^^^^^^^^^^^^^^^^^^^^^^
    ...<9 lines>...
    )
    ^
  File "C:\Users\abbos\AppData\Local\Python\pythoncore-3.14-64\Lib\site-packages\telegram\_bot.py", line 4865, in get_updates
    await self._post(
    ^^^^^^^^^^^^^^^^^
    ...<7 lines>...
    ),
    ^
  File "C:\Users\abbos\AppData\Local\Python\pythoncore-3.14-64\Lib\site-packages\telegram\_bot.py", line 704, in _post
    return await self._do_post(
           ^^^^^^^^^^^^^^^^^^^^
    ...<6 lines>...
    )
    ^
  File "C:\Users\abbos\AppData\Local\Python\pythoncore-3.14-64\Lib\site-packages\telegram\ext\_extbot.py", line 370, in _do_post
    return await super()._do_post(
           ^^^^^^^^^^^^^^^^^^^^^^^
    ...<6 lines>...
    )
    ^
  File "C:\Users\abbos\AppData\Local\Python\pythoncore-3.14-64\Lib\site-packages\telegram\_bot.py", line 733, in _do_post
    result = await request.post(
             ^^^^^^^^^^^^^^^^^^^
    ...<6 lines>...
    )
    ^
  File "C:\Users\abbos\AppData\Local\Python\pythoncore-3.14-64\Lib\site-packages\telegram\request\_baserequest.py", line 198, in post
    result = await self._request_wrapper(
             ^^^^^^^^^^^^^^^^^^^^^^^^^^^^
    ...<7 lines>...
    )
    ^
  File "C:\Users\abbos\AppData\Local\Python\pythoncore-3.14-64\Lib\site-packages\telegram\request\_baserequest.py", line 305, in _request_wrapper
    code, payload = await self.do_request(
                    ^^^^^^^^^^^^^^^^^^^^^^
    ...<7 lines>...
    )
    ^
  File "C:\Users\abbos\AppData\Local\Python\pythoncore-3.14-64\Lib\site-packages\telegram\request\_httpxrequest.py", line 303, in do_request
    raise NetworkError(f"httpx.{err.__class__.__name__}: {err}") from err
telegram.error.NetworkError: httpx.ConnectError: [Errno 11001] getaddrinfo failed
2026-05-09 10:18:30,898 - apscheduler.executors.default - WARNING - Run time of job "send_scheduled_voice (trigger: cron[day_of_week='sun,mon,tue,wed,thu,fri,sat', hour='9', minute='0', second='0'], next run at: 2026-05-10 09:00:00 +05)" was missed by 1:18:30.895792
2026-05-09 10:18:30,913 - telegram.ext.Application - ERROR - No error handlers are registered, logging exception.
Traceback (most recent call last):
  File "C:\Users\abbos\AppData\Local\Python\pythoncore-3.14-64\Lib\site-packages\httpx\_transports\default.py", line 101, in map_httpcore_exceptions
    yield
  File "C:\Users\abbos\AppData\Local\Python\pythoncore-3.14-64\Lib\site-packages\httpx\_transports\default.py", line 394, in handle_async_request
    resp = await self._pool.handle_async_request(req)
           ^^^^^^^^^^^^^^^^^^^^^^^^^^^^^^^^^^^^^^^^^^
  File "C:\Users\abbos\AppData\Local\Python\pythoncore-3.14-64\Lib\site-packages\httpcore\_async\connection_pool.py", line 256, in handle_async_request
    raise exc from None
  File "C:\Users\abbos\AppData\Local\Python\pythoncore-3.14-64\Lib\site-packages\httpcore\_async\connection_pool.py", line 236, in handle_async_request
    response = await connection.handle_async_request(
               ^^^^^^^^^^^^^^^^^^^^^^^^^^^^^^^^^^^^^^
        pool_request.request
        ^^^^^^^^^^^^^^^^^^^^
    )
    ^
  File "C:\Users\abbos\AppData\Local\Python\pythoncore-3.14-64\Lib\site-packages\httpcore\_async\connection.py", line 101, in handle_async_request
    raise exc
  File "C:\Users\abbos\AppData\Local\Python\pythoncore-3.14-64\Lib\site-packages\httpcore\_async\connection.py", line 78, in handle_async_request
    stream = await self._connect(request)
             ^^^^^^^^^^^^^^^^^^^^^^^^^^^^
  File "C:\Users\abbos\AppData\Local\Python\pythoncore-3.14-64\Lib\site-packages\httpcore\_async\connection.py", line 124, in _connect
    stream = await self._network_backend.connect_tcp(**kwargs)
             ^^^^^^^^^^^^^^^^^^^^^^^^^^^^^^^^^^^^^^^^^^^^^^^^^
  File "C:\Users\abbos\AppData\Local\Python\pythoncore-3.14-64\Lib\site-packages\httpcore\_backends\auto.py", line 31, in connect_tcp
    return await self._backend.connect_tcp(
           ^^^^^^^^^^^^^^^^^^^^^^^^^^^^^^^^
    ...<5 lines>...
    )
    ^
  File "C:\Users\abbos\AppData\Local\Python\pythoncore-3.14-64\Lib\site-packages\httpcore\_backends\anyio.py", line 113, in connect_tcp
    with map_exceptions(exc_map):
         ~~~~~~~~~~~~~~^^^^^^^^^
  File "C:\Users\abbos\AppData\Local\Python\pythoncore-3.14-64\Lib\contextlib.py", line 162, in __exit__
    self.gen.throw(value)
    ~~~~~~~~~~~~~~^^^^^^^
  File "C:\Users\abbos\AppData\Local\Python\pythoncore-3.14-64\Lib\site-packages\httpcore\_exceptions.py", line 14, in map_exceptions
    raise to_exc(exc) from exc
httpcore.ConnectError: [Errno 11001] getaddrinfo failed

The above exception was the direct cause of the following exception:

Traceback (most recent call last):
  File "C:\Users\abbos\AppData\Local\Python\pythoncore-3.14-64\Lib\site-packages\telegram\request\_httpxrequest.py", line 279, in do_request
    res = await self._client.request(
          ^^^^^^^^^^^^^^^^^^^^^^^^^^^
    ...<6 lines>...
    )
    ^
  File "C:\Users\abbos\AppData\Local\Python\pythoncore-3.14-64\Lib\site-packages\httpx\_client.py", line 1540, in request
    return await self.send(request, auth=auth, follow_redirects=follow_redirects)
           ^^^^^^^^^^^^^^^^^^^^^^^^^^^^^^^^^^^^^^^^^^^^^^^^^^^^^^^^^^^^^^^^^^^^^^
  File "C:\Users\abbos\AppData\Local\Python\pythoncore-3.14-64\Lib\site-packages\httpx\_client.py", line 1629, in send
    response = await self._send_handling_auth(
               ^^^^^^^^^^^^^^^^^^^^^^^^^^^^^^^
    ...<4 lines>...
    )
    ^
  File "C:\Users\abbos\AppData\Local\Python\pythoncore-3.14-64\Lib\site-packages\httpx\_client.py", line 1657, in _send_handling_auth
    response = await self._send_handling_redirects(
               ^^^^^^^^^^^^^^^^^^^^^^^^^^^^^^^^^^^^
    ...<3 lines>...
    )
    ^
  File "C:\Users\abbos\AppData\Local\Python\pythoncore-3.14-64\Lib\site-packages\httpx\_client.py", line 1694, in _send_handling_redirects
    response = await self._send_single_request(request)
               ^^^^^^^^^^^^^^^^^^^^^^^^^^^^^^^^^^^^^^^^
  File "C:\Users\abbos\AppData\Local\Python\pythoncore-3.14-64\Lib\site-packages\httpx\_client.py", line 1730, in _send_single_request
    response = await transport.handle_async_request(request)
               ^^^^^^^^^^^^^^^^^^^^^^^^^^^^^^^^^^^^^^^^^^^^^
  File "C:\Users\abbos\AppData\Local\Python\pythoncore-3.14-64\Lib\site-packages\httpx\_transports\default.py", line 393, in handle_async_request
    with map_httpcore_exceptions():
         ~~~~~~~~~~~~~~~~~~~~~~~^^
  File "C:\Users\abbos\AppData\Local\Python\pythoncore-3.14-64\Lib\contextlib.py", line 162, in __exit__
    self.gen.throw(value)
    ~~~~~~~~~~~~~~^^^^^^^
  File "C:\Users\abbos\AppData\Local\Python\pythoncore-3.14-64\Lib\site-packages\httpx\_transports\default.py", line 118, in map_httpcore_exceptions
    raise mapped_exc(message) from exc
httpx.ConnectError: [Errno 11001] getaddrinfo failed

The above exception was the direct cause of the following exception:

Traceback (most recent call last):
  File "C:\Users\abbos\AppData\Local\Python\pythoncore-3.14-64\Lib\site-packages\telegram\ext\_utils\networkloop.py", line 161, in network_retry_loop
    await do_action()
  File "C:\Users\abbos\AppData\Local\Python\pythoncore-3.14-64\Lib\site-packages\telegram\ext\_utils\networkloop.py", line 154, in do_action
    action_cb_task.result()
    ~~~~~~~~~~~~~~~~~~~~~^^
  File "C:\Users\abbos\AppData\Local\Python\pythoncore-3.14-64\Lib\site-packages\telegram\ext\_updater.py", line 340, in polling_action_cb
    updates = await self.bot.get_updates(
              ^^^^^^^^^^^^^^^^^^^^^^^^^^^
    ...<3 lines>...
    )
    ^
  File "C:\Users\abbos\AppData\Local\Python\pythoncore-3.14-64\Lib\site-packages\telegram\ext\_extbot.py", line 672, in get_updates
    updates = await super().get_updates(
              ^^^^^^^^^^^^^^^^^^^^^^^^^^
    ...<9 lines>...
    )
    ^
  File "C:\Users\abbos\AppData\Local\Python\pythoncore-3.14-64\Lib\site-packages\telegram\_bot.py", line 4865, in get_updates
    await self._post(
    ^^^^^^^^^^^^^^^^^
    ...<7 lines>...
    ),
    ^
  File "C:\Users\abbos\AppData\Local\Python\pythoncore-3.14-64\Lib\site-packages\telegram\_bot.py", line 704, in _post
    return await self._do_post(
           ^^^^^^^^^^^^^^^^^^^^
    ...<6 lines>...
    )
    ^
  File "C:\Users\abbos\AppData\Local\Python\pythoncore-3.14-64\Lib\site-packages\telegram\ext\_extbot.py", line 370, in _do_post
    return await super()._do_post(
           ^^^^^^^^^^^^^^^^^^^^^^^
    ...<6 lines>...
    )
    ^
  File "C:\Users\abbos\AppData\Local\Python\pythoncore-3.14-64\Lib\site-packages\telegram\_bot.py", line 733, in _do_post
    result = await request.post(
             ^^^^^^^^^^^^^^^^^^^
    ...<6 lines>...
    )
    ^
  File "C:\Users\abbos\AppData\Local\Python\pythoncore-3.14-64\Lib\site-packages\telegram\request\_baserequest.py", line 198, in post
    result = await self._request_wrapper(
             ^^^^^^^^^^^^^^^^^^^^^^^^^^^^
    ...<7 lines>...
    )
    ^
  File "C:\Users\abbos\AppData\Local\Python\pythoncore-3.14-64\Lib\site-packages\telegram\request\_baserequest.py", line 305, in _request_wrapper
    code, payload = await self.do_request(
                    ^^^^^^^^^^^^^^^^^^^^^^
    ...<7 lines>...
    )
    ^
  File "C:\Users\abbos\AppData\Local\Python\pythoncore-3.14-64\Lib\site-packages\telegram\request\_httpxrequest.py", line 303, in do_request
    raise NetworkError(f"httpx.{err.__class__.__name__}: {err}") from err
telegram.error.NetworkError: httpx.ConnectError: [Errno 11001] getaddrinfo failed
2026-05-09 10:19:18,605 - httpx - INFO - HTTP Request: POST https://api.telegram.org/bot8007572675:AAEpXtwxgLBvJp6jkjqAYrs2SvDiYpUwT5M/getUpdates "HTTP/1.1 200 OK"
2026-05-09 10:19:29,208 - httpx - INFO - HTTP Request: POST https://api.telegram.org/bot8007572675:AAEpXtwxgLBvJp6jkjqAYrs2SvDiYpUwT5M/getUpdates "HTTP/1.1 200 OK"
2026-05-09 10:19:40,685 - httpx - INFO - HTTP Request: POST https://api.telegram.org/bot8007572675:AAEpXtwxgLBvJp6jkjqAYrs2SvDiYpUwT5M/getUpdates "HTTP/1.1 200 OK"
2026-05-09 10:19:51,866 - httpx - INFO - HTTP Request: POST https://api.telegram.org/bot8007572675:AAEpXtwxgLBvJp6jkjqAYrs2SvDiYpUwT5M/getUpdates "HTTP/1.1 200 OK"
2026-05-09 10:20:03,229 - httpx - INFO - HTTP Request: POST https://api.telegram.org/bot8007572675:AAEpXtwxgLBvJp6jkjqAYrs2SvDiYpUwT5M/getUpdates "HTTP/1.1 200 OK"
2026-05-09 10:20:14,732 - httpx - INFO - HTTP Request: POST https://api.telegram.org/bot8007572675:AAEpXtwxgLBvJp6jkjqAYrs2SvDiYpUwT5M/getUpdates "HTTP/1.1 200 OK"
2026-05-09 10:20:26,052 - httpx - INFO - HTTP Request: POST https://api.telegram.org/bot8007572675:AAEpXtwxgLBvJp6jkjqAYrs2SvDiYpUwT5M/getUpdates "HTTP/1.1 200 OK"
2026-05-09 10:20:38,271 - httpx - INFO - HTTP Request: POST https://api.telegram.org/bot8007572675:AAEpXtwxgLBvJp6jkjqAYrs2SvDiYpUwT5M/getUpdates "HTTP/1.1 200 OK"
2026-05-09 10:20:50,047 - httpx - INFO - HTTP Request: POST https://api.telegram.org/bot8007572675:AAEpXtwxgLBvJp6jkjqAYrs2SvDiYpUwT5M/getUpdates "HTTP/1.1 200 OK"
2026-05-09 10:21:04,954 - httpx - INFO - HTTP Request: POST https://api.telegram.org/bot8007572675:AAEpXtwxgLBvJp6jkjqAYrs2SvDiYpUwT5M/getUpdates "HTTP/1.1 200 OK"
2026-05-09 10:21:17,213 - httpx - INFO - HTTP Request: POST https://api.telegram.org/bot8007572675:AAEpXtwxgLBvJp6jkjqAYrs2SvDiYpUwT5M/getUpdates "HTTP/1.1 200 OK"
2026-05-09 10:21:27,381 - httpx - INFO - HTTP Request: POST https://api.telegram.org/bot8007572675:AAEpXtwxgLBvJp6jkjqAYrs2SvDiYpUwT5M/getUpdates "HTTP/1.1 200 OK"
2026-05-09 10:21:39,131 - httpx - INFO - HTTP Request: POST https://api.telegram.org/bot8007572675:AAEpXtwxgLBvJp6jkjqAYrs2SvDiYpUwT5M/getUpdates "HTTP/1.1 200 OK"
2026-05-09 10:21:50,266 - httpx - INFO - HTTP Request: POST https://api.telegram.org/bot8007572675:AAEpXtwxgLBvJp6jkjqAYrs2SvDiYpUwT5M/getUpdates "HTTP/1.1 200 OK"
2026-05-09 10:22:01,431 - httpx - INFO - HTTP Request: POST https://api.telegram.org/bot8007572675:AAEpXtwxgLBvJp6jkjqAYrs2SvDiYpUwT5M/getUpdates "HTTP/1.1 200 OK"
2026-05-09 10:22:12,540 - httpx - INFO - HTTP Request: POST https://api.telegram.org/bot8007572675:AAEpXtwxgLBvJp6jkjqAYrs2SvDiYpUwT5M/getUpdates "HTTP/1.1 200 OK"
2026-05-09 10:22:23,210 - httpx - INFO - HTTP Request: POST https://api.telegram.org/bot8007572675:AAEpXtwxgLBvJp6jkjqAYrs2SvDiYpUwT5M/getUpdates "HTTP/1.1 200 OK"
2026-05-09 10:22:33,453 - httpx - INFO - HTTP Request: POST https://api.telegram.org/bot8007572675:AAEpXtwxgLBvJp6jkjqAYrs2SvDiYpUwT5M/getUpdates "HTTP/1.1 200 OK"
2026-05-09 10:22:43,903 - httpx - INFO - HTTP Request: POST https://api.telegram.org/bot8007572675:AAEpXtwxgLBvJp6jkjqAYrs2SvDiYpUwT5M/getUpdates "HTTP/1.1 200 OK"
2026-05-09 10:22:54,054 - httpx - INFO - HTTP Request: POST https://api.telegram.org/bot8007572675:AAEpXtwxgLBvJp6jkjqAYrs2SvDiYpUwT5M/getUpdates "HTTP/1.1 200 OK"
2026-05-09 10:23:04,988 - httpx - INFO - HTTP Request: POST https://api.telegram.org/bot8007572675:AAEpXtwxgLBvJp6jkjqAYrs2SvDiYpUwT5M/getUpdates "HTTP/1.1 200 OK"
2026-05-09 10:23:10,870 - httpx - INFO - HTTP Request: POST https://api.telegram.org/bot8007572675:AAEpXtwxgLBvJp6jkjqAYrs2SvDiYpUwT5M/getUpdates "HTTP/1.1 200 OK"
2026-05-09 10:23:10,878 - __main__ - INFO - Start bosildi: 5298159692
2026-05-09 10:23:14,103 - httpx - INFO - HTTP Request: POST https://api.telegram.org/bot8007572675:AAEpXtwxgLBvJp6jkjqAYrs2SvDiYpUwT5M/sendMessage "HTTP/1.1 200 OK"
2026-05-09 10:23:14,505 - httpx - INFO - HTTP Request: POST https://api.telegram.org/bot8007572675:AAEpXtwxgLBvJp6jkjqAYrs2SvDiYpUwT5M/sendMessage "HTTP/1.1 200 OK"
2026-05-09 10:23:14,508 - apscheduler.scheduler - INFO - Added job "delayed_5298159692" to job store "default"
2026-05-09 10:23:14,915 - httpx - INFO - HTTP Request: POST https://api.telegram.org/bot8007572675:AAEpXtwxgLBvJp6jkjqAYrs2SvDiYpUwT5M/sendMessage "HTTP/1.1 200 OK"
2026-05-09 10:23:21,593 - httpx - INFO - HTTP Request: POST https://api.telegram.org/bot8007572675:AAEpXtwxgLBvJp6jkjqAYrs2SvDiYpUwT5M/getUpdates "HTTP/1.1 200 OK"
2026-05-09 10:23:24,516 - apscheduler.scheduler - INFO - Removed job d82315a45a1346a08928ce6c3ed35b08
2026-05-09 10:23:24,518 - apscheduler.executors.default - INFO - Running job "delayed_5298159692 (trigger: date[2026-05-09 05:23:24 UTC], next run at: 2026-05-09 05:23:24 UTC)" (scheduled at 2026-05-09 05:23:24.506979+00:00)
2026-05-09 10:23:24,519 - __main__ - INFO - Vaqt keldi! Chat: 5298159692 ga jo'natilmoqda...
2026-05-09 10:23:27,472 - httpx - INFO - HTTP Request: POST https://api.telegram.org/bot8007572675:AAEpXtwxgLBvJp6jkjqAYrs2SvDiYpUwT5M/sendMessage "HTTP/1.1 200 OK"
2026-05-09 10:23:33,884 - httpx - INFO - HTTP Request: POST https://api.telegram.org/bot8007572675:AAEpXtwxgLBvJp6jkjqAYrs2SvDiYpUwT5M/getUpdates "HTTP/1.1 200 OK"
2026-05-09 10:23:48,666 - httpx - INFO - HTTP Request: POST https://api.telegram.org/bot8007572675:AAEpXtwxgLBvJp6jkjqAYrs2SvDiYpUwT5M/getUpdates "HTTP/1.1 200 OK"
2026-05-09 10:24:03,064 - httpx - INFO - HTTP Request: POST https://api.telegram.org/bot8007572675:AAEpXtwxgLBvJp6jkjqAYrs2SvDiYpUwT5M/getUpdates "HTTP/1.1 200 OK"
2026-05-09 10:24:41,539 - httpx - INFO - HTTP Request: POST https://api.telegram.org/bot8007572675:AAEpXtwxgLBvJp6jkjqAYrs2SvDiYpUwT5M/sendVideo "HTTP/1.1 200 OK"
2026-05-09 10:24:41,545 - __main__ - INFO - Video muvaffaqiyatli yuborildi: 5298159692
2026-05-09 10:24:41,550 - apscheduler.executors.default - INFO - Job "delayed_5298159692 (trigger: date[2026-05-09 05:23:24 UTC], next run at: 2026-05-09 05:23:24 UTC)" executed successfully
2026-05-09 10:25:40,342 - httpx - INFO - HTTP Request: POST https://api.telegram.org/bot8007572675:AAEpXtwxgLBvJp6jkjqAYrs2SvDiYpUwT5M/getUpdates "HTTP/1.1 200 OK"
2026-05-09 10:25:51,964 - httpx - INFO - HTTP Request: POST https://api.telegram.org/bot8007572675:AAEpXtwxgLBvJp6jkjqAYrs2SvDiYpUwT5M/getUpdates "HTTP/1.1 200 OK"
2026-05-09 10:26:02,741 - httpx - INFO - HTTP Request: POST https://api.telegram.org/bot8007572675:AAEpXtwxgLBvJp6jkjqAYrs2SvDiYpUwT5M/getUpdates "HTTP/1.1 200 OK"
2026-05-09 10:26:14,609 - httpx - INFO - HTTP Request: POST https://api.telegram.org/bot8007572675:AAEpXtwxgLBvJp6jkjqAYrs2SvDiYpUwT5M/getUpdates "HTTP/1.1 200 OK"
2026-05-09 10:26:25,086 - httpx - INFO - HTTP Request: POST https://api.telegram.org/bot8007572675:AAEpXtwxgLBvJp6jkjqAYrs2SvDiYpUwT5M/getUpdates "HTTP/1.1 200 OK"
2026-05-09 10:26:35,475 - httpx - INFO - HTTP Request: POST https://api.telegram.org/bot8007572675:AAEpXtwxgLBvJp6jkjqAYrs2SvDiYpUwT5M/getUpdates "HTTP/1.1 200 OK"
2026-05-09 10:26:45,747 - httpx - INFO - HTTP Request: POST https://api.telegram.org/bot8007572675:AAEpXtwxgLBvJp6jkjqAYrs2SvDiYpUwT5M/getUpdates "HTTP/1.1 200 OK"
2026-05-09 10:26:55,909 - httpx - INFO - HTTP Request: POST https://api.telegram.org/bot8007572675:AAEpXtwxgLBvJp6jkjqAYrs2SvDiYpUwT5M/getUpdates "HTTP/1.1 200 OK"
2026-05-09 10:27:06,667 - httpx - INFO - HTTP Request: POST https://api.telegram.org/bot8007572675:AAEpXtwxgLBvJp6jkjqAYrs2SvDiYpUwT5M/getUpdates "HTTP/1.1 200 OK"
2026-05-09 10:27:17,264 - httpx - INFO - HTTP Request: POST https://api.telegram.org/bot8007572675:AAEpXtwxgLBvJp6jkjqAYrs2SvDiYpUwT5M/getUpdates "HTTP/1.1 200 OK"
2026-05-09 10:27:27,415 - httpx - INFO - HTTP Request: POST https://api.telegram.org/bot8007572675:AAEpXtwxgLBvJp6jkjqAYrs2SvDiYpUwT5M/getUpdates "HTTP/1.1 200 OK"
2026-05-09 10:27:37,579 - httpx - INFO - HTTP Request: POST https://api.telegram.org/bot8007572675:AAEpXtwxgLBvJp6jkjqAYrs2SvDiYpUwT5M/getUpdates "HTTP/1.1 200 OK"
2026-05-09 10:27:47,734 - httpx - INFO - HTTP Request: POST https://api.telegram.org/bot8007572675:AAEpXtwxgLBvJp6jkjqAYrs2SvDiYpUwT5M/getUpdates "HTTP/1.1 200 OK"
2026-05-09 10:27:57,871 - httpx - INFO - HTTP Request: POST https://api.telegram.org/bot8007572675:AAEpXtwxgLBvJp6jkjqAYrs2SvDiYpUwT5M/getUpdates "HTTP/1.1 200 OK"
2026-05-09 10:28:08,007 - httpx - INFO - HTTP Request: POST https://api.telegram.org/bot8007572675:AAEpXtwxgLBvJp6jkjqAYrs2SvDiYpUwT5M/getUpdates "HTTP/1.1 200 OK"
2026-05-09 10:28:18,182 - httpx - INFO - HTTP Request: POST https://api.telegram.org/bot8007572675:AAEpXtwxgLBvJp6jkjqAYrs2SvDiYpUwT5M/getUpdates "HTTP/1.1 200 OK"
2026-05-09 10:28:28,330 - httpx - INFO - HTTP Request: POST https://api.telegram.org/bot8007572675:AAEpXtwxgLBvJp6jkjqAYrs2SvDiYpUwT5M/getUpdates "HTTP/1.1 200 OK"
2026-05-09 10:28:39,054 - httpx - INFO - HTTP Request: POST https://api.telegram.org/bot8007572675:AAEpXtwxgLBvJp6jkjqAYrs2SvDiYpUwT5M/getUpdates "HTTP/1.1 200 OK"
2026-05-09 10:28:49,185 - httpx - INFO - HTTP Request: POST https://api.telegram.org/bot8007572675:AAEpXtwxgLBvJp6jkjqAYrs2SvDiYpUwT5M/getUpdates "HTTP/1.1 200 OK"
2026-05-09 10:28:59,499 - httpx - INFO - HTTP Request: POST https://api.telegram.org/bot8007572675:AAEpXtwxgLBvJp6jkjqAYrs2SvDiYpUwT5M/getUpdates "HTTP/1.1 200 OK"
2026-05-09 10:29:09,644 - httpx - INFO - HTTP Request: POST https://api.telegram.org/bot8007572675:AAEpXtwxgLBvJp6jkjqAYrs2SvDiYpUwT5M/getUpdates "HTTP/1.1 200 OK"
2026-05-09 10:29:22,743 - httpx - INFO - HTTP Request: POST https://api.telegram.org/bot8007572675:AAEpXtwxgLBvJp6jkjqAYrs2SvDiYpUwT5M/getUpdates "HTTP/1.1 200 OK"
2026-05-09 10:29:33,132 - httpx - INFO - HTTP Request: POST https://api.telegram.org/bot8007572675:AAEpXtwxgLBvJp6jkjqAYrs2SvDiYpUwT5M/getUpdates "HTTP/1.1 200 OK"
2026-05-09 10:29:43,268 - httpx - INFO - HTTP Request: POST https://api.telegram.org/bot8007572675:AAEpXtwxgLBvJp6jkjqAYrs2SvDiYpUwT5M/getUpdates "HTTP/1.1 200 OK"
2026-05-09 10:29:53,434 - httpx - INFO - HTTP Request: POST https://api.telegram.org/bot8007572675:AAEpXtwxgLBvJp6jkjqAYrs2SvDiYpUwT5M/getUpdates "HTTP/1.1 200 OK"
2026-05-09 10:30:03,569 - httpx - INFO - HTTP Request: POST https://api.telegram.org/bot8007572675:AAEpXtwxgLBvJp6jkjqAYrs2SvDiYpUwT5M/getUpdates "HTTP/1.1 200 OK"
2026-05-09 10:30:13,725 - httpx - INFO - HTTP Request: POST https://api.telegram.org/bot8007572675:AAEpXtwxgLBvJp6jkjqAYrs2SvDiYpUwT5M/getUpdates "HTTP/1.1 200 OK"
2026-05-09 10:30:23,893 - httpx - INFO - HTTP Request: POST https://api.telegram.org/bot8007572675:AAEpXtwxgLBvJp6jkjqAYrs2SvDiYpUwT5M/getUpdates "HTTP/1.1 200 OK"
2026-05-09 10:30:34,031 - httpx - INFO - HTTP Request: POST https://api.telegram.org/bot8007572675:AAEpXtwxgLBvJp6jkjqAYrs2SvDiYpUwT5M/getUpdates "HTTP/1.1 200 OK"
2026-05-09 10:30:44,182 - httpx - INFO - HTTP Request: POST https://api.telegram.org/bot8007572675:AAEpXtwxgLBvJp6jkjqAYrs2SvDiYpUwT5M/getUpdates "HTTP/1.1 200 OK"
2026-05-09 10:30:54,333 - httpx - INFO - HTTP Request: POST https://api.telegram.org/bot8007572675:AAEpXtwxgLBvJp6jkjqAYrs2SvDiYpUwT5M/getUpdates "HTTP/1.1 200 OK"
2026-05-09 10:31:04,489 - httpx - INFO - HTTP Request: POST https://api.telegram.org/bot8007572675:AAEpXtwxgLBvJp6jkjqAYrs2SvDiYpUwT5M/getUpdates "HTTP/1.1 200 OK"
2026-05-09 10:31:14,630 - httpx - INFO - HTTP Request: POST https://api.telegram.org/bot8007572675:AAEpXtwxgLBvJp6jkjqAYrs2SvDiYpUwT5M/getUpdates "HTTP/1.1 200 OK"
2026-05-09 10:31:24,775 - httpx - INFO - HTTP Request: POST https://api.telegram.org/bot8007572675:AAEpXtwxgLBvJp6jkjqAYrs2SvDiYpUwT5M/getUpdates "HTTP/1.1 200 OK"
2026-05-09 10:31:34,931 - httpx - INFO - HTTP Request: POST https://api.telegram.org/bot8007572675:AAEpXtwxgLBvJp6jkjqAYrs2SvDiYpUwT5M/getUpdates "HTTP/1.1 200 OK"
2026-05-09 10:31:45,071 - httpx - INFO - HTTP Request: POST https://api.telegram.org/bot8007572675:AAEpXtwxgLBvJp6jkjqAYrs2SvDiYpUwT5M/getUpdates "HTTP/1.1 200 OK"
2026-05-09 10:33:16,756 - httpx - INFO - HTTP Request: POST https://api.telegram.org/bot8007572675:AAEpXtwxgLBvJp6jkjqAYrs2SvDiYpUwT5M/getUpdates "HTTP/1.1 200 OK"
2026-05-09 10:33:17,685 - httpx - INFO - HTTP Request: POST https://api.telegram.org/bot8007572675:AAEpXtwxgLBvJp6jkjqAYrs2SvDiYpUwT5M/getUpdates "HTTP/1.1 200 OK"
2026-05-09 10:33:17,688 - __main__ - INFO - Start bosildi: 5298159692
2026-05-09 10:33:18,163 - httpx - INFO - HTTP Request: POST https://api.telegram.org/bot8007572675:AAEpXtwxgLBvJp6jkjqAYrs2SvDiYpUwT5M/sendMessage "HTTP/1.1 200 OK"
2026-05-09 10:33:18,354 - httpx - INFO - HTTP Request: POST https://api.telegram.org/bot8007572675:AAEpXtwxgLBvJp6jkjqAYrs2SvDiYpUwT5M/sendMessage "HTTP/1.1 200 OK"
2026-05-09 10:33:18,356 - apscheduler.scheduler - INFO - Added job "delayed_5298159692" to job store "default"
2026-05-09 10:33:18,527 - httpx - INFO - HTTP Request: POST https://api.telegram.org/bot8007572675:AAEpXtwxgLBvJp6jkjqAYrs2SvDiYpUwT5M/sendMessage "HTTP/1.1 200 OK"
2026-05-09 10:33:27,849 - httpx - INFO - HTTP Request: POST https://api.telegram.org/bot8007572675:AAEpXtwxgLBvJp6jkjqAYrs2SvDiYpUwT5M/getUpdates "HTTP/1.1 200 OK"
2026-05-09 10:33:28,363 - apscheduler.scheduler - INFO - Removed job 5b0ba99095e942719e1e41410056479c
2026-05-09 10:33:28,365 - apscheduler.executors.default - INFO - Running job "delayed_5298159692 (trigger: date[2026-05-09 05:33:28 UTC], next run at: 2026-05-09 05:33:28 UTC)" (scheduled at 2026-05-09 05:33:28.356303+00:00)
2026-05-09 10:33:28,366 - __main__ - INFO - Vaqt keldi! Chat: 5298159692 ga jo'natilmoqda...
2026-05-09 10:33:28,813 - httpx - INFO - HTTP Request: POST https://api.telegram.org/bot8007572675:AAEpXtwxgLBvJp6jkjqAYrs2SvDiYpUwT5M/sendMessage "HTTP/1.1 200 OK"
2026-05-09 10:33:38,002 - httpx - INFO - HTTP Request: POST https://api.telegram.org/bot8007572675:AAEpXtwxgLBvJp6jkjqAYrs2SvDiYpUwT5M/getUpdates "HTTP/1.1 200 OK"
2026-05-09 10:33:48,652 - httpx - INFO - HTTP Request: POST https://api.telegram.org/bot8007572675:AAEpXtwxgLBvJp6jkjqAYrs2SvDiYpUwT5M/getUpdates "HTTP/1.1 200 OK"
2026-05-09 10:33:59,023 - httpx - INFO - HTTP Request: POST https://api.telegram.org/bot8007572675:AAEpXtwxgLBvJp6jkjqAYrs2SvDiYpUwT5M/getUpdates "HTTP/1.1 200 OK"
2026-05-09 10:34:01,426 - httpx - INFO - HTTP Request: POST https://api.telegram.org/bot8007572675:AAEpXtwxgLBvJp6jkjqAYrs2SvDiYpUwT5M/sendVideo "HTTP/1.1 200 OK"
2026-05-09 10:34:01,428 - __main__ - INFO - Video muvaffaqiyatli yuborildi: 5298159692
2026-05-09 10:34:01,428 - apscheduler.executors.default - INFO - Job "delayed_5298159692 (trigger: date[2026-05-09 05:33:28 UTC], next run at: 2026-05-09 05:33:28 UTC)" executed successfully
2026-05-09 10:34:12,166 - httpx - INFO - HTTP Request: POST https://api.telegram.org/bot8007572675:AAEpXtwxgLBvJp6jkjqAYrs2SvDiYpUwT5M/getUpdates "HTTP/1.1 200 OK"
2026-05-09 10:34:22,938 - httpx - INFO - HTTP Request: POST https://api.telegram.org/bot8007572675:AAEpXtwxgLBvJp6jkjqAYrs2SvDiYpUwT5M/getUpdates "HTTP/1.1 200 OK"
2026-05-09 10:34:33,145 - httpx - INFO - HTTP Request: POST https://api.telegram.org/bot8007572675:AAEpXtwxgLBvJp6jkjqAYrs2SvDiYpUwT5M/getUpdates "HTTP/1.1 200 OK"
2026-05-09 10:34:43,635 - httpx - INFO - HTTP Request: POST https://api.telegram.org/bot8007572675:AAEpXtwxgLBvJp6jkjqAYrs2SvDiYpUwT5M/getUpdates "HTTP/1.1 200 OK"
2026-05-09 10:34:54,308 - httpx - INFO - HTTP Request: POST https://api.telegram.org/bot8007572675:AAEpXtwxgLBvJp6jkjqAYrs2SvDiYpUwT5M/getUpdates "HTTP/1.1 200 OK"
2026-05-09 10:35:05,048 - httpx - INFO - HTTP Request: POST https://api.telegram.org/bot8007572675:AAEpXtwxgLBvJp6jkjqAYrs2SvDiYpUwT5M/getUpdates "HTTP/1.1 200 OK"
2026-05-09 10:35:15,201 - httpx - INFO - HTTP Request: POST https://api.telegram.org/bot8007572675:AAEpXtwxgLBvJp6jkjqAYrs2SvDiYpUwT5M/getUpdates "HTTP/1.1 200 OK"
2026-05-09 10:35:25,344 - httpx - INFO - HTTP Request: POST https://api.telegram.org/bot8007572675:AAEpXtwxgLBvJp6jkjqAYrs2SvDiYpUwT5M/getUpdates "HTTP/1.1 200 OK"
2026-05-09 10:35:35,503 - httpx - INFO - HTTP Request: POST https://api.telegram.org/bot8007572675:AAEpXtwxgLBvJp6jkjqAYrs2SvDiYpUwT5M/getUpdates "HTTP/1.1 200 OK"
2026-05-09 10:35:45,687 - httpx - INFO - HTTP Request: POST https://api.telegram.org/bot8007572675:AAEpXtwxgLBvJp6jkjqAYrs2SvDiYpUwT5M/getUpdates "HTTP/1.1 200 OK"
2026-05-09 10:35:55,849 - httpx - INFO - HTTP Request: POST https://api.telegram.org/bot8007572675:AAEpXtwxgLBvJp6jkjqAYrs2SvDiYpUwT5M/getUpdates "HTTP/1.1 200 OK"
2026-05-09 10:36:05,988 - httpx - INFO - HTTP Request: POST https://api.telegram.org/bot8007572675:AAEpXtwxgLBvJp6jkjqAYrs2SvDiYpUwT5M/getUpdates "HTTP/1.1 200 OK"
2026-05-09 10:36:16,142 - httpx - INFO - HTTP Request: POST https://api.telegram.org/bot8007572675:AAEpXtwxgLBvJp6jkjqAYrs2SvDiYpUwT5M/getUpdates "HTTP/1.1 200 OK"
2026-05-09 10:36:26,305 - httpx - INFO - HTTP Request: POST https://api.telegram.org/bot8007572675:AAEpXtwxgLBvJp6jkjqAYrs2SvDiYpUwT5M/getUpdates "HTTP/1.1 200 OK"
2026-05-09 10:36:36,485 - httpx - INFO - HTTP Request: POST https://api.telegram.org/bot8007572675:AAEpXtwxgLBvJp6jkjqAYrs2SvDiYpUwT5M/getUpdates "HTTP/1.1 200 OK"
2026-05-09 10:36:46,671 - httpx - INFO - HTTP Request: POST https://api.telegram.org/bot8007572675:AAEpXtwxgLBvJp6jkjqAYrs2SvDiYpUwT5M/getUpdates "HTTP/1.1 200 OK"
2026-05-09 10:36:56,832 - httpx - INFO - HTTP Request: POST https://api.telegram.org/bot8007572675:AAEpXtwxgLBvJp6jkjqAYrs2SvDiYpUwT5M/getUpdates "HTTP/1.1 200 OK"
2026-05-09 10:37:07,250 - httpx - INFO - HTTP Request: POST https://api.telegram.org/bot8007572675:AAEpXtwxgLBvJp6jkjqAYrs2SvDiYpUwT5M/getUpdates "HTTP/1.1 200 OK"
2026-05-09 10:37:17,380 - httpx - INFO - HTTP Request: POST https://api.telegram.org/bot8007572675:AAEpXtwxgLBvJp6jkjqAYrs2SvDiYpUwT5M/getUpdates "HTTP/1.1 200 OK"
2026-05-09 10:37:28,548 - httpx - INFO - HTTP Request: POST https://api.telegram.org/bot8007572675:AAEpXtwxgLBvJp6jkjqAYrs2SvDiYpUwT5M/getUpdates "HTTP/1.1 200 OK"
2026-05-09 10:37:40,112 - httpx - INFO - HTTP Request: POST https://api.telegram.org/bot8007572675:AAEpXtwxgLBvJp6jkjqAYrs2SvDiYpUwT5M/getUpdates "HTTP/1.1 200 OK"
2026-05-09 10:37:50,273 - httpx - INFO - HTTP Request: POST https://api.telegram.org/bot8007572675:AAEpXtwxgLBvJp6jkjqAYrs2SvDiYpUwT5M/getUpdates "HTTP/1.1 200 OK"
2026-05-09 10:38:00,419 - httpx - INFO - HTTP Request: POST https://api.telegram.org/bot8007572675:AAEpXtwxgLBvJp6jkjqAYrs2SvDiYpUwT5M/getUpdates "HTTP/1.1 200 OK"
2026-05-09 10:38:10,561 - httpx - INFO - HTTP Request: POST https://api.telegram.org/bot8007572675:AAEpXtwxgLBvJp6jkjqAYrs2SvDiYpUwT5M/getUpdates "HTTP/1.1 200 OK"
2026-05-09 10:38:40,872 - apscheduler.scheduler - INFO - Adding job tentatively -- it will be properly scheduled when the scheduler starts
2026-05-09 10:38:40,873 - __main__ - INFO - Bot pollling rejimida ishga tushdi...
2026-05-09 10:38:41,734 - httpx - INFO - HTTP Request: POST https://api.telegram.org/bot8007572675:AAEpXtwxgLBvJp6jkjqAYrs2SvDiYpUwT5M/getMe "HTTP/1.1 200 OK"
2026-05-09 10:38:41,893 - httpx - INFO - HTTP Request: POST https://api.telegram.org/bot8007572675:AAEpXtwxgLBvJp6jkjqAYrs2SvDiYpUwT5M/deleteWebhook "HTTP/1.1 200 OK"
2026-05-09 10:38:41,897 - apscheduler.scheduler - INFO - Added job "send_scheduled_voice" to job store "default"
2026-05-09 10:38:41,897 - apscheduler.scheduler - INFO - Scheduler started
2026-05-09 10:38:41,898 - telegram.ext.Application - INFO - Application started
2026-05-09 10:38:48,031 - httpx - INFO - HTTP Request: POST https://api.telegram.org/bot8007572675:AAEpXtwxgLBvJp6jkjqAYrs2SvDiYpUwT5M/getUpdates "HTTP/1.1 200 OK"
2026-05-09 10:38:48,033 - __main__ - INFO - Start bosildi: 5298159692
2026-05-09 10:38:49,670 - httpx - INFO - HTTP Request: POST https://api.telegram.org/bot8007572675:AAEpXtwxgLBvJp6jkjqAYrs2SvDiYpUwT5M/sendMessage "HTTP/1.1 200 OK"
2026-05-09 10:38:49,889 - httpx - INFO - HTTP Request: POST https://api.telegram.org/bot8007572675:AAEpXtwxgLBvJp6jkjqAYrs2SvDiYpUwT5M/sendMessage "HTTP/1.1 200 OK"
2026-05-09 10:38:49,900 - apscheduler.scheduler - INFO - Added job "delayed_5298159692" to job store "default"
2026-05-09 10:38:58,709 - httpx - INFO - HTTP Request: POST https://api.telegram.org/bot8007572675:AAEpXtwxgLBvJp6jkjqAYrs2SvDiYpUwT5M/getUpdates "HTTP/1.1 200 OK"
2026-05-09 10:38:59,901 - apscheduler.scheduler - INFO - Removed job ecc1f9f8064044bdb505c4a2939b00e2
2026-05-09 10:38:59,902 - apscheduler.executors.default - INFO - Running job "delayed_5298159692 (trigger: date[2026-05-09 05:38:59 UTC], next run at: 2026-05-09 05:38:59 UTC)" (scheduled at 2026-05-09 05:38:59.892645+00:00)
2026-05-09 10:39:01,123 - httpx - INFO - HTTP Request: POST https://api.telegram.org/bot8007572675:AAEpXtwxgLBvJp6jkjqAYrs2SvDiYpUwT5M/sendMessage "HTTP/1.1 200 OK"
2026-05-09 10:39:10,231 - httpx - INFO - HTTP Request: POST https://api.telegram.org/bot8007572675:AAEpXtwxgLBvJp6jkjqAYrs2SvDiYpUwT5M/getUpdates "HTTP/1.1 200 OK"
2026-05-09 10:39:20,855 - httpx - INFO - HTTP Request: POST https://api.telegram.org/bot8007572675:AAEpXtwxgLBvJp6jkjqAYrs2SvDiYpUwT5M/getUpdates "HTTP/1.1 200 OK"
2026-05-09 10:39:31,426 - httpx - INFO - HTTP Request: POST https://api.telegram.org/bot8007572675:AAEpXtwxgLBvJp6jkjqAYrs2SvDiYpUwT5M/getUpdates "HTTP/1.1 200 OK"
2026-05-09 10:39:41,922 - httpx - INFO - HTTP Request: POST https://api.telegram.org/bot8007572675:AAEpXtwxgLBvJp6jkjqAYrs2SvDiYpUwT5M/getUpdates "HTTP/1.1 200 OK"
2026-05-09 10:39:52,361 - httpx - INFO - HTTP Request: POST https://api.telegram.org/bot8007572675:AAEpXtwxgLBvJp6jkjqAYrs2SvDiYpUwT5M/getUpdates "HTTP/1.1 200 OK"
2026-05-09 10:40:02,796 - httpx - INFO - HTTP Request: POST https://api.telegram.org/bot8007572675:AAEpXtwxgLBvJp6jkjqAYrs2SvDiYpUwT5M/getUpdates "HTTP/1.1 200 OK"
2026-05-09 10:40:04,645 - httpx - INFO - HTTP Request: POST https://api.telegram.org/bot8007572675:AAEpXtwxgLBvJp6jkjqAYrs2SvDiYpUwT5M/sendVideo "HTTP/1.1 200 OK"
2026-05-09 10:40:04,648 - __main__ - INFO - Video muvaffaqiyatli yuborildi: 5298159692
2026-05-09 10:40:04,649 - apscheduler.executors.default - INFO - Job "delayed_5298159692 (trigger: date[2026-05-09 05:38:59 UTC], next run at: 2026-05-09 05:38:59 UTC)" executed successfully
2026-05-09 10:40:13,392 - httpx - INFO - HTTP Request: POST https://api.telegram.org/bot8007572675:AAEpXtwxgLBvJp6jkjqAYrs2SvDiYpUwT5M/getUpdates "HTTP/1.1 200 OK"
2026-05-09 10:40:23,540 - httpx - INFO - HTTP Request: POST https://api.telegram.org/bot8007572675:AAEpXtwxgLBvJp6jkjqAYrs2SvDiYpUwT5M/getUpdates "HTTP/1.1 200 OK"
2026-05-09 10:40:33,710 - httpx - INFO - HTTP Request: POST https://api.telegram.org/bot8007572675:AAEpXtwxgLBvJp6jkjqAYrs2SvDiYpUwT5M/getUpdates "HTTP/1.1 200 OK"
2026-05-09 10:40:44,008 - httpx - INFO - HTTP Request: POST https://api.telegram.org/bot8007572675:AAEpXtwxgLBvJp6jkjqAYrs2SvDiYpUwT5M/getUpdates "HTTP/1.1 200 OK"
2026-05-09 10:40:54,196 - httpx - INFO - HTTP Request: POST https://api.telegram.org/bot8007572675:AAEpXtwxgLBvJp6jkjqAYrs2SvDiYpUwT5M/getUpdates "HTTP/1.1 200 OK"
2026-05-09 10:41:04,365 - httpx - INFO - HTTP Request: POST https://api.telegram.org/bot8007572675:AAEpXtwxgLBvJp6jkjqAYrs2SvDiYpUwT5M/getUpdates "HTTP/1.1 200 OK"
2026-05-09 10:41:14,554 - httpx - INFO - HTTP Request: POST https://api.telegram.org/bot8007572675:AAEpXtwxgLBvJp6jkjqAYrs2SvDiYpUwT5M/getUpdates "HTTP/1.1 200 OK"
2026-05-09 10:41:24,715 - httpx - INFO - HTTP Request: POST https://api.telegram.org/bot8007572675:AAEpXtwxgLBvJp6jkjqAYrs2SvDiYpUwT5M/getUpdates "HTTP/1.1 200 OK"
2026-05-09 10:41:49,160 - apscheduler.scheduler - INFO - Adding job tentatively -- it will be properly scheduled when the scheduler starts
2026-05-09 10:41:49,161 - __main__ - INFO - Bot pollling rejimida ishga tushdi...
2026-05-09 10:41:50,212 - httpx - INFO - HTTP Request: POST https://api.telegram.org/bot8007572675:AAEpXtwxgLBvJp6jkjqAYrs2SvDiYpUwT5M/getMe "HTTP/1.1 200 OK"
2026-05-09 10:41:50,416 - httpx - INFO - HTTP Request: POST https://api.telegram.org/bot8007572675:AAEpXtwxgLBvJp6jkjqAYrs2SvDiYpUwT5M/deleteWebhook "HTTP/1.1 200 OK"
2026-05-09 10:41:50,419 - apscheduler.scheduler - INFO - Added job "send_scheduled_voice" to job store "default"
2026-05-09 10:41:50,420 - apscheduler.scheduler - INFO - Scheduler started
2026-05-09 10:41:50,421 - telegram.ext.Application - INFO - Application started
2026-05-09 10:41:53,395 - httpx - INFO - HTTP Request: POST https://api.telegram.org/bot8007572675:AAEpXtwxgLBvJp6jkjqAYrs2SvDiYpUwT5M/getUpdates "HTTP/1.1 200 OK"
2026-05-09 10:41:53,398 - __main__ - INFO - Start bosildi: 5298159692
2026-05-09 10:41:53,626 - httpx - INFO - HTTP Request: POST https://api.telegram.org/bot8007572675:AAEpXtwxgLBvJp6jkjqAYrs2SvDiYpUwT5M/sendMessage "HTTP/1.1 200 OK"
2026-05-09 10:41:53,878 - httpx - INFO - HTTP Request: POST https://api.telegram.org/bot8007572675:AAEpXtwxgLBvJp6jkjqAYrs2SvDiYpUwT5M/sendMessage "HTTP/1.1 200 OK"
2026-05-09 10:41:53,882 - apscheduler.scheduler - INFO - Added job "delayed_5298159692" to job store "default"
2026-05-09 10:42:03,649 - httpx - INFO - HTTP Request: POST https://api.telegram.org/bot8007572675:AAEpXtwxgLBvJp6jkjqAYrs2SvDiYpUwT5M/getUpdates "HTTP/1.1 200 OK"
2026-05-09 10:42:03,884 - apscheduler.scheduler - INFO - Removed job 1d7e0a4f45664492bac9e5ce1db6b2d6
2026-05-09 10:42:03,886 - apscheduler.executors.default - INFO - Running job "delayed_5298159692 (trigger: date[2026-05-09 05:42:03 UTC], next run at: 2026-05-09 05:42:03 UTC)" (scheduled at 2026-05-09 05:42:03.879758+00:00)
2026-05-09 10:42:03,887 - __main__ - INFO - Vaqt keldi! Chat: 5298159692 ga jo'natilmoqda...
2026-05-09 10:42:13,797 - httpx - INFO - HTTP Request: POST https://api.telegram.org/bot8007572675:AAEpXtwxgLBvJp6jkjqAYrs2SvDiYpUwT5M/getUpdates "HTTP/1.1 200 OK"
2026-05-09 10:42:24,467 - httpx - INFO - HTTP Request: POST https://api.telegram.org/bot8007572675:AAEpXtwxgLBvJp6jkjqAYrs2SvDiYpUwT5M/getUpdates "HTTP/1.1 200 OK"
2026-05-09 10:42:35,426 - httpx - INFO - HTTP Request: POST https://api.telegram.org/bot8007572675:AAEpXtwxgLBvJp6jkjqAYrs2SvDiYpUwT5M/getUpdates "HTTP/1.1 200 OK"
2026-05-09 10:42:46,333 - httpx - INFO - HTTP Request: POST https://api.telegram.org/bot8007572675:AAEpXtwxgLBvJp6jkjqAYrs2SvDiYpUwT5M/getUpdates "HTTP/1.1 200 OK"
2026-05-09 10:42:57,427 - httpx - INFO - HTTP Request: POST https://api.telegram.org/bot8007572675:AAEpXtwxgLBvJp6jkjqAYrs2SvDiYpUwT5M/getUpdates "HTTP/1.1 200 OK"
2026-05-09 10:43:08,018 - httpx - INFO - HTTP Request: POST https://api.telegram.org/bot8007572675:AAEpXtwxgLBvJp6jkjqAYrs2SvDiYpUwT5M/getUpdates "HTTP/1.1 200 OK"
2026-05-09 10:43:19,515 - httpx - INFO - HTTP Request: POST https://api.telegram.org/bot8007572675:AAEpXtwxgLBvJp6jkjqAYrs2SvDiYpUwT5M/getUpdates "HTTP/1.1 200 OK"
2026-05-09 10:43:50,950 - httpx - INFO - HTTP Request: POST https://api.telegram.org/bot8007572675:AAEpXtwxgLBvJp6jkjqAYrs2SvDiYpUwT5M/getUpdates "HTTP/1.1 200 OK"
2026-05-09 10:44:03,296 - httpx - INFO - HTTP Request: POST https://api.telegram.org/bot8007572675:AAEpXtwxgLBvJp6jkjqAYrs2SvDiYpUwT5M/getUpdates "HTTP/1.1 200 OK"
2026-05-09 10:44:04,482 - __main__ - ERROR - Kutilmagan xato: Timed out
2026-05-09 10:44:06,425 - httpx - INFO - HTTP Request: POST https://api.telegram.org/bot8007572675:AAEpXtwxgLBvJp6jkjqAYrs2SvDiYpUwT5M/sendMessage "HTTP/1.1 200 OK"
2026-05-09 10:44:06,445 - apscheduler.executors.default - INFO - Job "delayed_5298159692 (trigger: date[2026-05-09 05:42:03 UTC], next run at: 2026-05-09 05:42:03 UTC)" executed successfully
2026-05-09 10:44:13,647 - httpx - INFO - HTTP Request: POST https://api.telegram.org/bot8007572675:AAEpXtwxgLBvJp6jkjqAYrs2SvDiYpUwT5M/getUpdates "HTTP/1.1 200 OK"
2026-05-09 10:44:26,951 - httpx - INFO - HTTP Request: POST https://api.telegram.org/bot8007572675:AAEpXtwxgLBvJp6jkjqAYrs2SvDiYpUwT5M/getUpdates "HTTP/1.1 200 OK"
2026-05-09 10:44:40,214 - httpx - INFO - HTTP Request: POST https://api.telegram.org/bot8007572675:AAEpXtwxgLBvJp6jkjqAYrs2SvDiYpUwT5M/getUpdates "HTTP/1.1 200 OK"
2026-05-09 10:44:45,106 - httpx - INFO - HTTP Request: POST https://api.telegram.org/bot8007572675:AAEpXtwxgLBvJp6jkjqAYrs2SvDiYpUwT5M/getUpdates "HTTP/1.1 200 OK"
2026-05-09 10:44:45,109 - __main__ - INFO - Start bosildi: 5298159692
2026-05-09 10:44:48,917 - httpx - INFO - HTTP Request: POST https://api.telegram.org/bot8007572675:AAEpXtwxgLBvJp6jkjqAYrs2SvDiYpUwT5M/sendMessage "HTTP/1.1 200 OK"
2026-05-09 10:44:50,015 - httpx - INFO - HTTP Request: POST https://api.telegram.org/bot8007572675:AAEpXtwxgLBvJp6jkjqAYrs2SvDiYpUwT5M/sendMessage "HTTP/1.1 200 OK"
2026-05-09 10:44:50,018 - apscheduler.scheduler - INFO - Added job "delayed_5298159692" to job store "default"
2026-05-09 10:44:56,521 - httpx - INFO - HTTP Request: POST https://api.telegram.org/bot8007572675:AAEpXtwxgLBvJp6jkjqAYrs2SvDiYpUwT5M/getUpdates "HTTP/1.1 200 OK"
2026-05-09 10:45:00,020 - apscheduler.scheduler - INFO - Removed job dc9e1d5fe571400da085d332cdeb6a48
2026-05-09 10:45:00,021 - apscheduler.executors.default - INFO - Running job "delayed_5298159692 (trigger: date[2026-05-09 05:45:00 UTC], next run at: 2026-05-09 05:45:00 UTC)" (scheduled at 2026-05-09 05:45:00.018317+00:00)
2026-05-09 10:45:00,022 - __main__ - INFO - Vaqt keldi! Chat: 5298159692 ga jo'natilmoqda...
2026-05-09 10:45:06,842 - httpx - INFO - HTTP Request: POST https://api.telegram.org/bot8007572675:AAEpXtwxgLBvJp6jkjqAYrs2SvDiYpUwT5M/getUpdates "HTTP/1.1 200 OK"
2026-05-09 10:45:19,480 - httpx - INFO - HTTP Request: POST https://api.telegram.org/bot8007572675:AAEpXtwxgLBvJp6jkjqAYrs2SvDiYpUwT5M/getUpdates "HTTP/1.1 200 OK"
2026-05-09 10:45:30,124 - httpx - INFO - HTTP Request: POST https://api.telegram.org/bot8007572675:AAEpXtwxgLBvJp6jkjqAYrs2SvDiYpUwT5M/getUpdates "HTTP/1.1 200 OK"
2026-05-09 10:45:41,990 - httpx - INFO - HTTP Request: POST https://api.telegram.org/bot8007572675:AAEpXtwxgLBvJp6jkjqAYrs2SvDiYpUwT5M/getUpdates "HTTP/1.1 200 OK"
2026-05-09 10:45:53,355 - httpx - INFO - HTTP Request: POST https://api.telegram.org/bot8007572675:AAEpXtwxgLBvJp6jkjqAYrs2SvDiYpUwT5M/getUpdates "HTTP/1.1 200 OK"
2026-05-09 10:46:07,453 - httpx - INFO - HTTP Request: POST https://api.telegram.org/bot8007572675:AAEpXtwxgLBvJp6jkjqAYrs2SvDiYpUwT5M/getUpdates "HTTP/1.1 200 OK"
2026-05-09 10:46:18,960 - httpx - INFO - HTTP Request: POST https://api.telegram.org/bot8007572675:AAEpXtwxgLBvJp6jkjqAYrs2SvDiYpUwT5M/getUpdates "HTTP/1.1 200 OK"
2026-05-09 10:46:19,470 - httpx - INFO - HTTP Request: POST https://api.telegram.org/bot8007572675:AAEpXtwxgLBvJp6jkjqAYrs2SvDiYpUwT5M/sendVideo "HTTP/1.1 200 OK"
2026-05-09 10:46:19,471 - __main__ - INFO - Video muvaffaqiyatli yuborildi: 5298159692
2026-05-09 10:46:19,472 - apscheduler.executors.default - INFO - Job "delayed_5298159692 (trigger: date[2026-05-09 05:45:00 UTC], next run at: 2026-05-09 05:45:00 UTC)" executed successfully
2026-05-09 10:46:29,502 - httpx - INFO - HTTP Request: POST https://api.telegram.org/bot8007572675:AAEpXtwxgLBvJp6jkjqAYrs2SvDiYpUwT5M/getUpdates "HTTP/1.1 200 OK"
2026-05-09 10:46:55,956 - telegram.ext.Application - ERROR - No error handlers are registered, logging exception.
Traceback (most recent call last):
  File "C:\Users\abbos\AppData\Local\Python\pythoncore-3.14-64\Lib\site-packages\httpx\_transports\default.py", line 101, in map_httpcore_exceptions
    yield
  File "C:\Users\abbos\AppData\Local\Python\pythoncore-3.14-64\Lib\site-packages\httpx\_transports\default.py", line 394, in handle_async_request
    resp = await self._pool.handle_async_request(req)
           ^^^^^^^^^^^^^^^^^^^^^^^^^^^^^^^^^^^^^^^^^^
  File "C:\Users\abbos\AppData\Local\Python\pythoncore-3.14-64\Lib\site-packages\httpcore\_async\connection_pool.py", line 256, in handle_async_request
    raise exc from None
  File "C:\Users\abbos\AppData\Local\Python\pythoncore-3.14-64\Lib\site-packages\httpcore\_async\connection_pool.py", line 236, in handle_async_request
    response = await connection.handle_async_request(
               ^^^^^^^^^^^^^^^^^^^^^^^^^^^^^^^^^^^^^^
        pool_request.request
        ^^^^^^^^^^^^^^^^^^^^
    )
    ^
  File "C:\Users\abbos\AppData\Local\Python\pythoncore-3.14-64\Lib\site-packages\httpcore\_async\connection.py", line 101, in handle_async_request
    raise exc
  File "C:\Users\abbos\AppData\Local\Python\pythoncore-3.14-64\Lib\site-packages\httpcore\_async\connection.py", line 78, in handle_async_request
    stream = await self._connect(request)
             ^^^^^^^^^^^^^^^^^^^^^^^^^^^^
  File "C:\Users\abbos\AppData\Local\Python\pythoncore-3.14-64\Lib\site-packages\httpcore\_async\connection.py", line 124, in _connect
    stream = await self._network_backend.connect_tcp(**kwargs)
             ^^^^^^^^^^^^^^^^^^^^^^^^^^^^^^^^^^^^^^^^^^^^^^^^^
  File "C:\Users\abbos\AppData\Local\Python\pythoncore-3.14-64\Lib\site-packages\httpcore\_backends\auto.py", line 31, in connect_tcp
    return await self._backend.connect_tcp(
           ^^^^^^^^^^^^^^^^^^^^^^^^^^^^^^^^
    ...<5 lines>...
    )
    ^
  File "C:\Users\abbos\AppData\Local\Python\pythoncore-3.14-64\Lib\site-packages\httpcore\_backends\anyio.py", line 113, in connect_tcp
    with map_exceptions(exc_map):
         ~~~~~~~~~~~~~~^^^^^^^^^
  File "C:\Users\abbos\AppData\Local\Python\pythoncore-3.14-64\Lib\contextlib.py", line 162, in __exit__
    self.gen.throw(value)
    ~~~~~~~~~~~~~~^^^^^^^
  File "C:\Users\abbos\AppData\Local\Python\pythoncore-3.14-64\Lib\site-packages\httpcore\_exceptions.py", line 14, in map_exceptions
    raise to_exc(exc) from exc
httpcore.ConnectError: [Errno 11001] getaddrinfo failed

The above exception was the direct cause of the following exception:

Traceback (most recent call last):
  File "C:\Users\abbos\AppData\Local\Python\pythoncore-3.14-64\Lib\site-packages\telegram\request\_httpxrequest.py", line 279, in do_request
    res = await self._client.request(
          ^^^^^^^^^^^^^^^^^^^^^^^^^^^
    ...<6 lines>...
    )
    ^
  File "C:\Users\abbos\AppData\Local\Python\pythoncore-3.14-64\Lib\site-packages\httpx\_client.py", line 1540, in request
    return await self.send(request, auth=auth, follow_redirects=follow_redirects)
           ^^^^^^^^^^^^^^^^^^^^^^^^^^^^^^^^^^^^^^^^^^^^^^^^^^^^^^^^^^^^^^^^^^^^^^
  File "C:\Users\abbos\AppData\Local\Python\pythoncore-3.14-64\Lib\site-packages\httpx\_client.py", line 1629, in send
    response = await self._send_handling_auth(
               ^^^^^^^^^^^^^^^^^^^^^^^^^^^^^^^
    ...<4 lines>...
    )
    ^
  File "C:\Users\abbos\AppData\Local\Python\pythoncore-3.14-64\Lib\site-packages\httpx\_client.py", line 1657, in _send_handling_auth
    response = await self._send_handling_redirects(
               ^^^^^^^^^^^^^^^^^^^^^^^^^^^^^^^^^^^^
    ...<3 lines>...
    )
    ^
  File "C:\Users\abbos\AppData\Local\Python\pythoncore-3.14-64\Lib\site-packages\httpx\_client.py", line 1694, in _send_handling_redirects
    response = await self._send_single_request(request)
               ^^^^^^^^^^^^^^^^^^^^^^^^^^^^^^^^^^^^^^^^
  File "C:\Users\abbos\AppData\Local\Python\pythoncore-3.14-64\Lib\site-packages\httpx\_client.py", line 1730, in _send_single_request
    response = await transport.handle_async_request(request)
               ^^^^^^^^^^^^^^^^^^^^^^^^^^^^^^^^^^^^^^^^^^^^^
  File "C:\Users\abbos\AppData\Local\Python\pythoncore-3.14-64\Lib\site-packages\httpx\_transports\default.py", line 393, in handle_async_request
    with map_httpcore_exceptions():
         ~~~~~~~~~~~~~~~~~~~~~~~^^
  File "C:\Users\abbos\AppData\Local\Python\pythoncore-3.14-64\Lib\contextlib.py", line 162, in __exit__
    self.gen.throw(value)
    ~~~~~~~~~~~~~~^^^^^^^
  File "C:\Users\abbos\AppData\Local\Python\pythoncore-3.14-64\Lib\site-packages\httpx\_transports\default.py", line 118, in map_httpcore_exceptions
    raise mapped_exc(message) from exc
httpx.ConnectError: [Errno 11001] getaddrinfo failed

The above exception was the direct cause of the following exception:

Traceback (most recent call last):
  File "C:\Users\abbos\AppData\Local\Python\pythoncore-3.14-64\Lib\site-packages\telegram\ext\_utils\networkloop.py", line 161, in network_retry_loop
    await do_action()
  File "C:\Users\abbos\AppData\Local\Python\pythoncore-3.14-64\Lib\site-packages\telegram\ext\_utils\networkloop.py", line 154, in do_action
    action_cb_task.result()
    ~~~~~~~~~~~~~~~~~~~~~^^
  File "C:\Users\abbos\AppData\Local\Python\pythoncore-3.14-64\Lib\site-packages\telegram\ext\_updater.py", line 340, in polling_action_cb
    updates = await self.bot.get_updates(
              ^^^^^^^^^^^^^^^^^^^^^^^^^^^
    ...<3 lines>...
    )
    ^
  File "C:\Users\abbos\AppData\Local\Python\pythoncore-3.14-64\Lib\site-packages\telegram\ext\_extbot.py", line 672, in get_updates
    updates = await super().get_updates(
              ^^^^^^^^^^^^^^^^^^^^^^^^^^
    ...<9 lines>...
    )
    ^
  File "C:\Users\abbos\AppData\Local\Python\pythoncore-3.14-64\Lib\site-packages\telegram\_bot.py", line 4865, in get_updates
    await self._post(
    ^^^^^^^^^^^^^^^^^
    ...<7 lines>...
    ),
    ^
  File "C:\Users\abbos\AppData\Local\Python\pythoncore-3.14-64\Lib\site-packages\telegram\_bot.py", line 704, in _post
    return await self._do_post(
           ^^^^^^^^^^^^^^^^^^^^
    ...<6 lines>...
    )
    ^
  File "C:\Users\abbos\AppData\Local\Python\pythoncore-3.14-64\Lib\site-packages\telegram\ext\_extbot.py", line 370, in _do_post
    return await super()._do_post(
           ^^^^^^^^^^^^^^^^^^^^^^^
    ...<6 lines>...
    )
    ^
  File "C:\Users\abbos\AppData\Local\Python\pythoncore-3.14-64\Lib\site-packages\telegram\_bot.py", line 733, in _do_post
    result = await request.post(
             ^^^^^^^^^^^^^^^^^^^
    ...<6 lines>...
    )
    ^
  File "C:\Users\abbos\AppData\Local\Python\pythoncore-3.14-64\Lib\site-packages\telegram\request\_baserequest.py", line 198, in post
    result = await self._request_wrapper(
             ^^^^^^^^^^^^^^^^^^^^^^^^^^^^
    ...<7 lines>...
    )
    ^
  File "C:\Users\abbos\AppData\Local\Python\pythoncore-3.14-64\Lib\site-packages\telegram\request\_baserequest.py", line 305, in _request_wrapper
    code, payload = await self.do_request(
                    ^^^^^^^^^^^^^^^^^^^^^^
    ...<7 lines>...
    )
    ^
  File "C:\Users\abbos\AppData\Local\Python\pythoncore-3.14-64\Lib\site-packages\telegram\request\_httpxrequest.py", line 303, in do_request
    raise NetworkError(f"httpx.{err.__class__.__name__}: {err}") from err
telegram.error.NetworkError: httpx.ConnectError: [Errno 11001] getaddrinfo failed
2026-05-09 10:47:07,977 - httpx - INFO - HTTP Request: POST https://api.telegram.org/bot8007572675:AAEpXtwxgLBvJp6jkjqAYrs2SvDiYpUwT5M/getUpdates "HTTP/1.1 200 OK"
2026-05-09 10:47:18,131 - httpx - INFO - HTTP Request: POST https://api.telegram.org/bot8007572675:AAEpXtwxgLBvJp6jkjqAYrs2SvDiYpUwT5M/getUpdates "HTTP/1.1 200 OK"
2026-05-09 10:47:24,671 - httpx - INFO - HTTP Request: POST https://api.telegram.org/bot8007572675:AAEpXtwxgLBvJp6jkjqAYrs2SvDiYpUwT5M/getUpdates "HTTP/1.1 200 OK"
2026-05-09 10:47:24,673 - __main__ - INFO - Start bosildi: 6373916207
2026-05-09 10:47:25,488 - httpx - INFO - HTTP Request: POST https://api.telegram.org/bot8007572675:AAEpXtwxgLBvJp6jkjqAYrs2SvDiYpUwT5M/sendMessage "HTTP/1.1 200 OK"
2026-05-09 10:47:25,682 - httpx - INFO - HTTP Request: POST https://api.telegram.org/bot8007572675:AAEpXtwxgLBvJp6jkjqAYrs2SvDiYpUwT5M/sendMessage "HTTP/1.1 200 OK"
2026-05-09 10:47:25,683 - apscheduler.scheduler - INFO - Added job "delayed_6373916207" to job store "default"
2026-05-09 10:47:34,830 - httpx - INFO - HTTP Request: POST https://api.telegram.org/bot8007572675:AAEpXtwxgLBvJp6jkjqAYrs2SvDiYpUwT5M/getUpdates "HTTP/1.1 200 OK"
2026-05-09 10:47:35,694 - apscheduler.scheduler - INFO - Removed job c20b31ac5c954fe89a1da4570da37529
2026-05-09 10:47:35,695 - apscheduler.executors.default - INFO - Running job "delayed_6373916207 (trigger: date[2026-05-09 05:47:35 UTC], next run at: 2026-05-09 05:47:35 UTC)" (scheduled at 2026-05-09 05:47:35.683739+00:00)
2026-05-09 10:47:35,696 - __main__ - INFO - Vaqt keldi! Chat: 6373916207 ga jo'natilmoqda...
2026-05-09 10:47:45,015 - httpx - INFO - HTTP Request: POST https://api.telegram.org/bot8007572675:AAEpXtwxgLBvJp6jkjqAYrs2SvDiYpUwT5M/getUpdates "HTTP/1.1 200 OK"
2026-05-09 10:47:56,080 - httpx - INFO - HTTP Request: POST https://api.telegram.org/bot8007572675:AAEpXtwxgLBvJp6jkjqAYrs2SvDiYpUwT5M/sendVideo "HTTP/1.1 200 OK"
2026-05-09 10:47:56,081 - __main__ - INFO - Video muvaffaqiyatli yuborildi: 6373916207
2026-05-09 10:47:56,082 - apscheduler.executors.default - INFO - Job "delayed_6373916207 (trigger: date[2026-05-09 05:47:35 UTC], next run at: 2026-05-09 05:47:35 UTC)" executed successfully
2026-05-09 10:47:56,835 - httpx - INFO - HTTP Request: POST https://api.telegram.org/bot8007572675:AAEpXtwxgLBvJp6jkjqAYrs2SvDiYpUwT5M/getUpdates "HTTP/1.1 200 OK"
2026-05-09 10:48:06,982 - httpx - INFO - HTTP Request: POST https://api.telegram.org/bot8007572675:AAEpXtwxgLBvJp6jkjqAYrs2SvDiYpUwT5M/getUpdates "HTTP/1.1 200 OK"
2026-05-09 10:48:17,174 - httpx - INFO - HTTP Request: POST https://api.telegram.org/bot8007572675:AAEpXtwxgLBvJp6jkjqAYrs2SvDiYpUwT5M/getUpdates "HTTP/1.1 200 OK"
2026-05-09 10:48:27,675 - httpx - INFO - HTTP Request: POST https://api.telegram.org/bot8007572675:AAEpXtwxgLBvJp6jkjqAYrs2SvDiYpUwT5M/getUpdates "HTTP/1.1 200 OK"
2026-05-09 10:48:37,822 - httpx - INFO - HTTP Request: POST https://api.telegram.org/bot8007572675:AAEpXtwxgLBvJp6jkjqAYrs2SvDiYpUwT5M/getUpdates "HTTP/1.1 200 OK"
2026-05-09 10:48:47,961 - httpx - INFO - HTTP Request: POST https://api.telegram.org/bot8007572675:AAEpXtwxgLBvJp6jkjqAYrs2SvDiYpUwT5M/getUpdates "HTTP/1.1 200 OK"
2026-05-09 10:48:58,429 - httpx - INFO - HTTP Request: POST https://api.telegram.org/bot8007572675:AAEpXtwxgLBvJp6jkjqAYrs2SvDiYpUwT5M/getUpdates "HTTP/1.1 200 OK"
2026-05-09 10:49:08,586 - httpx - INFO - HTTP Request: POST https://api.telegram.org/bot8007572675:AAEpXtwxgLBvJp6jkjqAYrs2SvDiYpUwT5M/getUpdates "HTTP/1.1 200 OK"
2026-05-09 10:49:18,752 - httpx - INFO - HTTP Request: POST https://api.telegram.org/bot8007572675:AAEpXtwxgLBvJp6jkjqAYrs2SvDiYpUwT5M/getUpdates "HTTP/1.1 200 OK"
2026-05-09 10:49:28,903 - httpx - INFO - HTTP Request: POST https://api.telegram.org/bot8007572675:AAEpXtwxgLBvJp6jkjqAYrs2SvDiYpUwT5M/getUpdates "HTTP/1.1 200 OK"
2026-05-09 10:49:39,208 - httpx - INFO - HTTP Request: POST https://api.telegram.org/bot8007572675:AAEpXtwxgLBvJp6jkjqAYrs2SvDiYpUwT5M/getUpdates "HTTP/1.1 200 OK"
2026-05-09 10:49:50,044 - httpx - INFO - HTTP Request: POST https://api.telegram.org/bot8007572675:AAEpXtwxgLBvJp6jkjqAYrs2SvDiYpUwT5M/getUpdates "HTTP/1.1 200 OK"
2026-05-09 10:50:00,199 - httpx - INFO - HTTP Request: POST https://api.telegram.org/bot8007572675:AAEpXtwxgLBvJp6jkjqAYrs2SvDiYpUwT5M/getUpdates "HTTP/1.1 200 OK"
2026-05-09 10:50:34,007 - httpx - INFO - HTTP Request: POST https://api.telegram.org/bot8007572675:AAEpXtwxgLBvJp6jkjqAYrs2SvDiYpUwT5M/getUpdates "HTTP/1.1 200 OK"
2026-05-09 10:50:44,176 - httpx - INFO - HTTP Request: POST https://api.telegram.org/bot8007572675:AAEpXtwxgLBvJp6jkjqAYrs2SvDiYpUwT5M/getUpdates "HTTP/1.1 200 OK"
2026-05-09 10:50:54,325 - httpx - INFO - HTTP Request: POST https://api.telegram.org/bot8007572675:AAEpXtwxgLBvJp6jkjqAYrs2SvDiYpUwT5M/getUpdates "HTTP/1.1 200 OK"
2026-05-09 10:51:04,479 - httpx - INFO - HTTP Request: POST https://api.telegram.org/bot8007572675:AAEpXtwxgLBvJp6jkjqAYrs2SvDiYpUwT5M/getUpdates "HTTP/1.1 200 OK"
2026-05-09 10:51:14,639 - httpx - INFO - HTTP Request: POST https://api.telegram.org/bot8007572675:AAEpXtwxgLBvJp6jkjqAYrs2SvDiYpUwT5M/getUpdates "HTTP/1.1 200 OK"
2026-05-09 10:51:25,526 - httpx - INFO - HTTP Request: POST https://api.telegram.org/bot8007572675:AAEpXtwxgLBvJp6jkjqAYrs2SvDiYpUwT5M/getUpdates "HTTP/1.1 200 OK"
2026-05-09 10:51:35,678 - httpx - INFO - HTTP Request: POST https://api.telegram.org/bot8007572675:AAEpXtwxgLBvJp6jkjqAYrs2SvDiYpUwT5M/getUpdates "HTTP/1.1 200 OK"
2026-05-09 10:51:45,828 - httpx - INFO - HTTP Request: POST https://api.telegram.org/bot8007572675:AAEpXtwxgLBvJp6jkjqAYrs2SvDiYpUwT5M/getUpdates "HTTP/1.1 200 OK"
2026-05-09 10:51:55,989 - httpx - INFO - HTTP Request: POST https://api.telegram.org/bot8007572675:AAEpXtwxgLBvJp6jkjqAYrs2SvDiYpUwT5M/getUpdates "HTTP/1.1 200 OK"
2026-05-09 10:52:59,125 - apscheduler.scheduler - INFO - Adding job tentatively -- it will be properly scheduled when the scheduler starts
2026-05-09 10:52:59,125 - __main__ - INFO - Bot pollling rejimida ishga tushdi...
2026-05-09 10:53:03,162 - httpx - INFO - HTTP Request: POST https://api.telegram.org/bot8007572675:AAEpXtwxgLBvJp6jkjqAYrs2SvDiYpUwT5M/getMe "HTTP/1.1 200 OK"
2026-05-09 10:53:03,604 - httpx - INFO - HTTP Request: POST https://api.telegram.org/bot8007572675:AAEpXtwxgLBvJp6jkjqAYrs2SvDiYpUwT5M/deleteWebhook "HTTP/1.1 200 OK"
2026-05-09 10:53:03,609 - apscheduler.scheduler - INFO - Added job "send_scheduled_voice" to job store "default"
2026-05-09 10:53:03,610 - apscheduler.scheduler - INFO - Scheduler started
2026-05-09 10:53:03,611 - telegram.ext.Application - INFO - Application started
2026-05-09 10:53:08,809 - httpx - INFO - HTTP Request: POST https://api.telegram.org/bot8007572675:AAEpXtwxgLBvJp6jkjqAYrs2SvDiYpUwT5M/getUpdates "HTTP/1.1 200 OK"
2026-05-09 10:53:08,811 - __main__ - INFO - Start bosildi: 5298159692
2026-05-09 10:53:09,296 - httpx - INFO - HTTP Request: POST https://api.telegram.org/bot8007572675:AAEpXtwxgLBvJp6jkjqAYrs2SvDiYpUwT5M/sendMessage "HTTP/1.1 200 OK"
2026-05-09 10:53:09,511 - httpx - INFO - HTTP Request: POST https://api.telegram.org/bot8007572675:AAEpXtwxgLBvJp6jkjqAYrs2SvDiYpUwT5M/sendMessage "HTTP/1.1 200 OK"
2026-05-09 10:53:09,516 - apscheduler.scheduler - INFO - Added job "delayed_5298159692" to job store "default"
2026-05-09 10:53:18,953 - httpx - INFO - HTTP Request: POST https://api.telegram.org/bot8007572675:AAEpXtwxgLBvJp6jkjqAYrs2SvDiYpUwT5M/getUpdates "HTTP/1.1 200 OK"
2026-05-09 10:53:19,520 - apscheduler.scheduler - INFO - Removed job 5b6b52af8529443bb9ec49a47ab261db
2026-05-09 10:53:19,521 - apscheduler.executors.default - INFO - Running job "delayed_5298159692 (trigger: date[2026-05-09 05:53:19 UTC], next run at: 2026-05-09 05:53:19 UTC)" (scheduled at 2026-05-09 05:53:19.514133+00:00)
2026-05-09 10:53:19,522 - __main__ - INFO - Vaqt keldi! Chat: 5298159692 ga jo'natilmoqda...
2026-05-09 10:53:19,522 - __main__ - ERROR - Kutilmagan xato: name 'DELAYED_VIDEO' is not defined
2026-05-09 10:53:19,968 - httpx - INFO - HTTP Request: POST https://api.telegram.org/bot8007572675:AAEpXtwxgLBvJp6jkjqAYrs2SvDiYpUwT5M/sendMessage "HTTP/1.1 200 OK"
2026-05-09 10:53:19,969 - apscheduler.executors.default - INFO - Job "delayed_5298159692 (trigger: date[2026-05-09 05:53:19 UTC], next run at: 2026-05-09 05:53:19 UTC)" executed successfully
2026-05-09 10:53:29,392 - httpx - INFO - HTTP Request: POST https://api.telegram.org/bot8007572675:AAEpXtwxgLBvJp6jkjqAYrs2SvDiYpUwT5M/getUpdates "HTTP/1.1 200 OK"
2026-05-09 10:53:39,530 - httpx - INFO - HTTP Request: POST https://api.telegram.org/bot8007572675:AAEpXtwxgLBvJp6jkjqAYrs2SvDiYpUwT5M/getUpdates "HTTP/1.1 200 OK"
2026-05-09 10:54:05,161 - apscheduler.scheduler - INFO - Adding job tentatively -- it will be properly scheduled when the scheduler starts
2026-05-09 10:54:05,161 - __main__ - INFO - Bot pollling rejimida ishga tushdi...
2026-05-09 10:54:05,728 - httpx - INFO - HTTP Request: POST https://api.telegram.org/bot8007572675:AAEpXtwxgLBvJp6jkjqAYrs2SvDiYpUwT5M/getMe "HTTP/1.1 200 OK"
2026-05-09 10:54:05,868 - httpx - INFO - HTTP Request: POST https://api.telegram.org/bot8007572675:AAEpXtwxgLBvJp6jkjqAYrs2SvDiYpUwT5M/deleteWebhook "HTTP/1.1 200 OK"
2026-05-09 10:54:05,871 - apscheduler.scheduler - INFO - Added job "send_scheduled_voice" to job store "default"
2026-05-09 10:54:05,871 - apscheduler.scheduler - INFO - Scheduler started
2026-05-09 10:54:05,872 - telegram.ext.Application - INFO - Application started
2026-05-09 10:54:10,363 - httpx - INFO - HTTP Request: POST https://api.telegram.org/bot8007572675:AAEpXtwxgLBvJp6jkjqAYrs2SvDiYpUwT5M/getUpdates "HTTP/1.1 200 OK"
2026-05-09 10:54:10,366 - __main__ - INFO - Start bosildi: 5298159692
2026-05-09 10:54:10,557 - httpx - INFO - HTTP Request: POST https://api.telegram.org/bot8007572675:AAEpXtwxgLBvJp6jkjqAYrs2SvDiYpUwT5M/sendMessage "HTTP/1.1 200 OK"
2026-05-09 10:54:10,743 - httpx - INFO - HTTP Request: POST https://api.telegram.org/bot8007572675:AAEpXtwxgLBvJp6jkjqAYrs2SvDiYpUwT5M/sendMessage "HTTP/1.1 200 OK"
2026-05-09 10:54:10,747 - apscheduler.scheduler - INFO - Added job "delayed_5298159692" to job store "default"
2026-05-09 10:54:20,547 - httpx - INFO - HTTP Request: POST https://api.telegram.org/bot8007572675:AAEpXtwxgLBvJp6jkjqAYrs2SvDiYpUwT5M/getUpdates "HTTP/1.1 200 OK"
2026-05-09 10:54:20,749 - apscheduler.scheduler - INFO - Removed job be52e808b6b64dc48382f34c7e768075
2026-05-09 10:54:20,750 - apscheduler.executors.default - INFO - Running job "delayed_5298159692 (trigger: date[2026-05-09 05:54:20 UTC], next run at: 2026-05-09 05:54:20 UTC)" (scheduled at 2026-05-09 05:54:20.745782+00:00)
2026-05-09 10:54:20,751 - __main__ - INFO - Vaqt keldi! Chat: 5298159692 ga jo'natilmoqda...
2026-05-09 10:54:20,751 - __main__ - ERROR - Kutilmagan xato: name 'DELAYED_VIDEO' is not defined
2026-05-09 10:54:21,210 - httpx - INFO - HTTP Request: POST https://api.telegram.org/bot8007572675:AAEpXtwxgLBvJp6jkjqAYrs2SvDiYpUwT5M/sendMessage "HTTP/1.1 200 OK"
2026-05-09 10:54:21,212 - apscheduler.executors.default - INFO - Job "delayed_5298159692 (trigger: date[2026-05-09 05:54:20 UTC], next run at: 2026-05-09 05:54:20 UTC)" executed successfully
2026-05-09 10:54:30,708 - httpx - INFO - HTTP Request: POST https://api.telegram.org/bot8007572675:AAEpXtwxgLBvJp6jkjqAYrs2SvDiYpUwT5M/getUpdates "HTTP/1.1 200 OK"
2026-05-09 10:54:40,850 - httpx - INFO - HTTP Request: POST https://api.telegram.org/bot8007572675:AAEpXtwxgLBvJp6jkjqAYrs2SvDiYpUwT5M/getUpdates "HTTP/1.1 200 OK"
2026-05-09 10:54:50,986 - httpx - INFO - HTTP Request: POST https://api.telegram.org/bot8007572675:AAEpXtwxgLBvJp6jkjqAYrs2SvDiYpUwT5M/getUpdates "HTTP/1.1 200 OK"
2026-05-09 10:55:01,122 - httpx - INFO - HTTP Request: POST https://api.telegram.org/bot8007572675:AAEpXtwxgLBvJp6jkjqAYrs2SvDiYpUwT5M/getUpdates "HTTP/1.1 200 OK"
2026-05-09 10:55:11,276 - httpx - INFO - HTTP Request: POST https://api.telegram.org/bot8007572675:AAEpXtwxgLBvJp6jkjqAYrs2SvDiYpUwT5M/getUpdates "HTTP/1.1 200 OK"
2026-05-09 10:55:21,441 - httpx - INFO - HTTP Request: POST https://api.telegram.org/bot8007572675:AAEpXtwxgLBvJp6jkjqAYrs2SvDiYpUwT5M/getUpdates "HTTP/1.1 200 OK"
2026-05-09 10:55:31,577 - httpx - INFO - HTTP Request: POST https://api.telegram.org/bot8007572675:AAEpXtwxgLBvJp6jkjqAYrs2SvDiYpUwT5M/getUpdates "HTTP/1.1 200 OK"
2026-05-09 10:55:41,707 - httpx - INFO - HTTP Request: POST https://api.telegram.org/bot8007572675:AAEpXtwxgLBvJp6jkjqAYrs2SvDiYpUwT5M/getUpdates "HTTP/1.1 200 OK"
2026-05-09 10:55:51,852 - httpx - INFO - HTTP Request: POST https://api.telegram.org/bot8007572675:AAEpXtwxgLBvJp6jkjqAYrs2SvDiYpUwT5M/getUpdates "HTTP/1.1 200 OK"
2026-05-09 10:56:01,994 - httpx - INFO - HTTP Request: POST https://api.telegram.org/bot8007572675:AAEpXtwxgLBvJp6jkjqAYrs2SvDiYpUwT5M/getUpdates "HTTP/1.1 200 OK"
2026-05-09 10:56:12,130 - httpx - INFO - HTTP Request: POST https://api.telegram.org/bot8007572675:AAEpXtwxgLBvJp6jkjqAYrs2SvDiYpUwT5M/getUpdates "HTTP/1.1 200 OK"
2026-05-09 10:56:22,276 - httpx - INFO - HTTP Request: POST https://api.telegram.org/bot8007572675:AAEpXtwxgLBvJp6jkjqAYrs2SvDiYpUwT5M/getUpdates "HTTP/1.1 200 OK"
2026-05-09 10:56:32,424 - httpx - INFO - HTTP Request: POST https://api.telegram.org/bot8007572675:AAEpXtwxgLBvJp6jkjqAYrs2SvDiYpUwT5M/getUpdates "HTTP/1.1 200 OK"
2026-05-09 10:56:46,231 - httpx - INFO - HTTP Request: POST https://api.telegram.org/bot8007572675:AAEpXtwxgLBvJp6jkjqAYrs2SvDiYpUwT5M/getUpdates "HTTP/1.1 200 OK"
2026-05-09 10:56:56,667 - httpx - INFO - HTTP Request: POST https://api.telegram.org/bot8007572675:AAEpXtwxgLBvJp6jkjqAYrs2SvDiYpUwT5M/getUpdates "HTTP/1.1 200 OK"
2026-05-09 10:57:07,041 - httpx - INFO - HTTP Request: POST https://api.telegram.org/bot8007572675:AAEpXtwxgLBvJp6jkjqAYrs2SvDiYpUwT5M/getUpdates "HTTP/1.1 200 OK"
2026-05-09 10:57:17,413 - httpx - INFO - HTTP Request: POST https://api.telegram.org/bot8007572675:AAEpXtwxgLBvJp6jkjqAYrs2SvDiYpUwT5M/getUpdates "HTTP/1.1 200 OK"
2026-05-09 10:57:28,210 - httpx - INFO - HTTP Request: POST https://api.telegram.org/bot8007572675:AAEpXtwxgLBvJp6jkjqAYrs2SvDiYpUwT5M/getUpdates "HTTP/1.1 200 OK"
2026-05-09 10:57:38,490 - httpx - INFO - HTTP Request: POST https://api.telegram.org/bot8007572675:AAEpXtwxgLBvJp6jkjqAYrs2SvDiYpUwT5M/getUpdates "HTTP/1.1 200 OK"
2026-05-09 10:57:48,707 - httpx - INFO - HTTP Request: POST https://api.telegram.org/bot8007572675:AAEpXtwxgLBvJp6jkjqAYrs2SvDiYpUwT5M/getUpdates "HTTP/1.1 200 OK"
2026-05-09 10:58:11,468 - apscheduler.scheduler - INFO - Adding job tentatively -- it will be properly scheduled when the scheduler starts
2026-05-09 10:58:11,469 - __main__ - INFO - Bot ishga tushdi...
2026-05-09 10:58:12,784 - httpx - INFO - HTTP Request: POST https://api.telegram.org/bot8007572675:AAEpXtwxgLBvJp6jkjqAYrs2SvDiYpUwT5M/getMe "HTTP/1.1 200 OK"
2026-05-09 10:58:13,256 - httpx - INFO - HTTP Request: POST https://api.telegram.org/bot8007572675:AAEpXtwxgLBvJp6jkjqAYrs2SvDiYpUwT5M/deleteWebhook "HTTP/1.1 200 OK"
2026-05-09 10:58:13,261 - apscheduler.scheduler - INFO - Added job "send_scheduled_voice" to job store "default"
2026-05-09 10:58:13,262 - apscheduler.scheduler - INFO - Scheduler started
2026-05-09 10:58:13,263 - telegram.ext.Application - INFO - Application started
2026-05-09 10:58:17,506 - httpx - INFO - HTTP Request: POST https://api.telegram.org/bot8007572675:AAEpXtwxgLBvJp6jkjqAYrs2SvDiYpUwT5M/getUpdates "HTTP/1.1 200 OK"
2026-05-09 10:58:17,510 - __main__ - INFO - Start bosildi: 5298159692
2026-05-09 10:58:18,503 - httpx - INFO - HTTP Request: POST https://api.telegram.org/bot8007572675:AAEpXtwxgLBvJp6jkjqAYrs2SvDiYpUwT5M/sendMessage "HTTP/1.1 200 OK"
2026-05-09 10:58:19,338 - httpx - INFO - HTTP Request: POST https://api.telegram.org/bot8007572675:AAEpXtwxgLBvJp6jkjqAYrs2SvDiYpUwT5M/sendMessage "HTTP/1.1 200 OK"
2026-05-09 10:58:19,343 - apscheduler.scheduler - INFO - Added job "delayed_voice_5298159692" to job store "default"
2026-05-09 10:58:28,061 - httpx - INFO - HTTP Request: POST https://api.telegram.org/bot8007572675:AAEpXtwxgLBvJp6jkjqAYrs2SvDiYpUwT5M/getUpdates "HTTP/1.1 200 OK"
2026-05-09 10:58:29,351 - apscheduler.scheduler - INFO - Removed job 06b281e5c7b44a6db7c7b08ca1c72180
2026-05-09 10:58:29,352 - apscheduler.executors.default - INFO - Running job "delayed_voice_5298159692 (trigger: date[2026-05-09 05:58:29 UTC], next run at: 2026-05-09 05:58:29 UTC)" (scheduled at 2026-05-09 05:58:29.340995+00:00)
2026-05-09 10:58:29,352 - __main__ - INFO - Vaqt keldi! Chat: 5298159692 ga golos yuborilmoqda...
2026-05-09 10:58:30,514 - httpx - INFO - HTTP Request: POST https://api.telegram.org/bot8007572675:AAEpXtwxgLBvJp6jkjqAYrs2SvDiYpUwT5M/sendVoice "HTTP/1.1 200 OK"
2026-05-09 10:58:30,515 - __main__ - INFO - Golos muvaffaqiyatli yuborildi: 5298159692
2026-05-09 10:58:30,516 - apscheduler.executors.default - INFO - Job "delayed_voice_5298159692 (trigger: date[2026-05-09 05:58:29 UTC], next run at: 2026-05-09 05:58:29 UTC)" executed successfully
2026-05-09 10:58:38,272 - httpx - INFO - HTTP Request: POST https://api.telegram.org/bot8007572675:AAEpXtwxgLBvJp6jkjqAYrs2SvDiYpUwT5M/getUpdates "HTTP/1.1 200 OK"
2026-05-09 10:58:48,417 - httpx - INFO - HTTP Request: POST https://api.telegram.org/bot8007572675:AAEpXtwxgLBvJp6jkjqAYrs2SvDiYpUwT5M/getUpdates "HTTP/1.1 200 OK"
2026-05-09 10:58:59,327 - httpx - INFO - HTTP Request: POST https://api.telegram.org/bot8007572675:AAEpXtwxgLBvJp6jkjqAYrs2SvDiYpUwT5M/getUpdates "HTTP/1.1 200 OK"
2026-05-09 10:59:09,788 - httpx - INFO - HTTP Request: POST https://api.telegram.org/bot8007572675:AAEpXtwxgLBvJp6jkjqAYrs2SvDiYpUwT5M/getUpdates "HTTP/1.1 200 OK"
2026-05-09 10:59:10,822 - httpx - INFO - HTTP Request: POST https://api.telegram.org/bot8007572675:AAEpXtwxgLBvJp6jkjqAYrs2SvDiYpUwT5M/getUpdates "HTTP/1.1 200 OK"
2026-05-09 10:59:10,824 - __main__ - INFO - Start bosildi: 6373916207
2026-05-09 10:59:11,679 - httpx - INFO - HTTP Request: POST https://api.telegram.org/bot8007572675:AAEpXtwxgLBvJp6jkjqAYrs2SvDiYpUwT5M/sendMessage "HTTP/1.1 200 OK"
2026-05-09 10:59:11,967 - httpx - INFO - HTTP Request: POST https://api.telegram.org/bot8007572675:AAEpXtwxgLBvJp6jkjqAYrs2SvDiYpUwT5M/sendMessage "HTTP/1.1 200 OK"
2026-05-09 10:59:11,970 - apscheduler.scheduler - INFO - Added job "delayed_voice_6373916207" to job store "default"
2026-05-09 10:59:20,981 - httpx - INFO - HTTP Request: POST https://api.telegram.org/bot8007572675:AAEpXtwxgLBvJp6jkjqAYrs2SvDiYpUwT5M/getUpdates "HTTP/1.1 200 OK"
2026-05-09 10:59:21,983 - apscheduler.scheduler - INFO - Removed job c56fc3f7f8fc4b96aa038a139916e9fd
2026-05-09 10:59:21,985 - apscheduler.executors.default - INFO - Running job "delayed_voice_6373916207 (trigger: date[2026-05-09 05:59:21 UTC], next run at: 2026-05-09 05:59:21 UTC)" (scheduled at 2026-05-09 05:59:21.970183+00:00)
2026-05-09 10:59:21,986 - __main__ - INFO - Vaqt keldi! Chat: 6373916207 ga golos yuborilmoqda...
2026-05-09 10:59:22,719 - httpx - INFO - HTTP Request: POST https://api.telegram.org/bot8007572675:AAEpXtwxgLBvJp6jkjqAYrs2SvDiYpUwT5M/sendVoice "HTTP/1.1 200 OK"
2026-05-09 10:59:22,723 - __main__ - INFO - Golos muvaffaqiyatli yuborildi: 6373916207
2026-05-09 10:59:22,723 - apscheduler.executors.default - INFO - Job "delayed_voice_6373916207 (trigger: date[2026-05-09 05:59:21 UTC], next run at: 2026-05-09 05:59:21 UTC)" executed successfully
2026-05-09 10:59:31,145 - httpx - INFO - HTTP Request: POST https://api.telegram.org/bot8007572675:AAEpXtwxgLBvJp6jkjqAYrs2SvDiYpUwT5M/getUpdates "HTTP/1.1 200 OK"
2026-05-09 10:59:41,291 - httpx - INFO - HTTP Request: POST https://api.telegram.org/bot8007572675:AAEpXtwxgLBvJp6jkjqAYrs2SvDiYpUwT5M/getUpdates "HTTP/1.1 200 OK"
2026-05-09 10:59:51,454 - httpx - INFO - HTTP Request: POST https://api.telegram.org/bot8007572675:AAEpXtwxgLBvJp6jkjqAYrs2SvDiYpUwT5M/getUpdates "HTTP/1.1 200 OK"
2026-05-09 11:00:01,602 - httpx - INFO - HTTP Request: POST https://api.telegram.org/bot8007572675:AAEpXtwxgLBvJp6jkjqAYrs2SvDiYpUwT5M/getUpdates "HTTP/1.1 200 OK"
2026-05-09 11:00:11,743 - httpx - INFO - HTTP Request: POST https://api.telegram.org/bot8007572675:AAEpXtwxgLBvJp6jkjqAYrs2SvDiYpUwT5M/getUpdates "HTTP/1.1 200 OK"
2026-05-09 11:00:21,907 - httpx - INFO - HTTP Request: POST https://api.telegram.org/bot8007572675:AAEpXtwxgLBvJp6jkjqAYrs2SvDiYpUwT5M/getUpdates "HTTP/1.1 200 OK"
2026-05-09 11:00:49,111 - apscheduler.scheduler - INFO - Adding job tentatively -- it will be properly scheduled when the scheduler starts
2026-05-09 11:00:49,111 - __main__ - INFO - Bot ishga tushdi...
2026-05-09 11:00:49,981 - httpx - INFO - HTTP Request: POST https://api.telegram.org/bot8007572675:AAEpXtwxgLBvJp6jkjqAYrs2SvDiYpUwT5M/getMe "HTTP/1.1 200 OK"
2026-05-09 11:00:50,158 - httpx - INFO - HTTP Request: POST https://api.telegram.org/bot8007572675:AAEpXtwxgLBvJp6jkjqAYrs2SvDiYpUwT5M/deleteWebhook "HTTP/1.1 200 OK"
2026-05-09 11:00:50,161 - apscheduler.scheduler - INFO - Added job "send_scheduled_voice" to job store "default"
2026-05-09 11:00:50,161 - apscheduler.scheduler - INFO - Scheduler started
2026-05-09 11:00:50,162 - telegram.ext.Application - INFO - Application started
2026-05-09 11:01:01,096 - httpx - INFO - HTTP Request: POST https://api.telegram.org/bot8007572675:AAEpXtwxgLBvJp6jkjqAYrs2SvDiYpUwT5M/getUpdates "HTTP/1.1 200 OK"
2026-05-09 11:01:07,158 - httpx - INFO - HTTP Request: POST https://api.telegram.org/bot8007572675:AAEpXtwxgLBvJp6jkjqAYrs2SvDiYpUwT5M/getUpdates "HTTP/1.1 200 OK"
2026-05-09 11:01:07,161 - __main__ - INFO - Start bosildi: 5298159692
2026-05-09 11:01:09,764 - httpx - INFO - HTTP Request: POST https://api.telegram.org/bot8007572675:AAEpXtwxgLBvJp6jkjqAYrs2SvDiYpUwT5M/sendMessage "HTTP/1.1 200 OK"
2026-05-09 11:01:09,960 - httpx - INFO - HTTP Request: POST https://api.telegram.org/bot8007572675:AAEpXtwxgLBvJp6jkjqAYrs2SvDiYpUwT5M/sendMessage "HTTP/1.1 200 OK"
2026-05-09 11:01:09,964 - apscheduler.scheduler - INFO - Added job "delayed_voice_5298159692" to job store "default"
2026-05-09 11:01:17,550 - httpx - INFO - HTTP Request: POST https://api.telegram.org/bot8007572675:AAEpXtwxgLBvJp6jkjqAYrs2SvDiYpUwT5M/getUpdates "HTTP/1.1 200 OK"
2026-05-09 11:01:19,963 - apscheduler.scheduler - INFO - Removed job 265f122825a54390b2d2f3dfcaa788ba
2026-05-09 11:01:19,964 - apscheduler.executors.default - INFO - Running job "delayed_voice_5298159692 (trigger: date[2026-05-09 06:01:19 UTC], next run at: 2026-05-09 06:01:19 UTC)" (scheduled at 2026-05-09 06:01:19.962016+00:00)
2026-05-09 11:01:19,965 - __main__ - INFO - Vaqt keldi! Chat: 5298159692 ga golos yuborilmoqda...
2026-05-09 11:01:24,533 - httpx - INFO - HTTP Request: POST https://api.telegram.org/bot8007572675:AAEpXtwxgLBvJp6jkjqAYrs2SvDiYpUwT5M/sendVoice "HTTP/1.1 200 OK"
2026-05-09 11:01:24,535 - __main__ - INFO - Golos muvaffaqiyatli yuborildi: 5298159692
2026-05-09 11:01:24,536 - apscheduler.executors.default - INFO - Job "delayed_voice_5298159692 (trigger: date[2026-05-09 06:01:19 UTC], next run at: 2026-05-09 06:01:19 UTC)" executed successfully
2026-05-09 11:01:27,687 - httpx - INFO - HTTP Request: POST https://api.telegram.org/bot8007572675:AAEpXtwxgLBvJp6jkjqAYrs2SvDiYpUwT5M/getUpdates "HTTP/1.1 200 OK"
2026-05-09 11:01:37,838 - httpx - INFO - HTTP Request: POST https://api.telegram.org/bot8007572675:AAEpXtwxgLBvJp6jkjqAYrs2SvDiYpUwT5M/getUpdates "HTTP/1.1 200 OK"
2026-05-09 11:01:47,996 - httpx - INFO - HTTP Request: POST https://api.telegram.org/bot8007572675:AAEpXtwxgLBvJp6jkjqAYrs2SvDiYpUwT5M/getUpdates "HTTP/1.1 200 OK"
2026-05-09 11:01:58,407 - httpx - INFO - HTTP Request: POST https://api.telegram.org/bot8007572675:AAEpXtwxgLBvJp6jkjqAYrs2SvDiYpUwT5M/getUpdates "HTTP/1.1 200 OK"
2026-05-09 11:02:08,668 - httpx - INFO - HTTP Request: POST https://api.telegram.org/bot8007572675:AAEpXtwxgLBvJp6jkjqAYrs2SvDiYpUwT5M/getUpdates "HTTP/1.1 200 OK"
2026-05-09 11:02:18,970 - httpx - INFO - HTTP Request: POST https://api.telegram.org/bot8007572675:AAEpXtwxgLBvJp6jkjqAYrs2SvDiYpUwT5M/getUpdates "HTTP/1.1 200 OK"
2026-05-09 11:02:29,364 - httpx - INFO - HTTP Request: POST https://api.telegram.org/bot8007572675:AAEpXtwxgLBvJp6jkjqAYrs2SvDiYpUwT5M/getUpdates "HTTP/1.1 200 OK"
2026-05-09 11:02:39,598 - httpx - INFO - HTTP Request: POST https://api.telegram.org/bot8007572675:AAEpXtwxgLBvJp6jkjqAYrs2SvDiYpUwT5M/getUpdates "HTTP/1.1 200 OK"
2026-05-09 11:02:49,817 - httpx - INFO - HTTP Request: POST https://api.telegram.org/bot8007572675:AAEpXtwxgLBvJp6jkjqAYrs2SvDiYpUwT5M/getUpdates "HTTP/1.1 200 OK"
2026-05-09 11:03:00,184 - httpx - INFO - HTTP Request: POST https://api.telegram.org/bot8007572675:AAEpXtwxgLBvJp6jkjqAYrs2SvDiYpUwT5M/getUpdates "HTTP/1.1 200 OK"
2026-05-09 11:03:10,355 - httpx - INFO - HTTP Request: POST https://api.telegram.org/bot8007572675:AAEpXtwxgLBvJp6jkjqAYrs2SvDiYpUwT5M/getUpdates "HTTP/1.1 200 OK"
2026-05-09 11:03:20,502 - httpx - INFO - HTTP Request: POST https://api.telegram.org/bot8007572675:AAEpXtwxgLBvJp6jkjqAYrs2SvDiYpUwT5M/getUpdates "HTTP/1.1 200 OK"
2026-05-09 11:03:30,804 - httpx - INFO - HTTP Request: POST https://api.telegram.org/bot8007572675:AAEpXtwxgLBvJp6jkjqAYrs2SvDiYpUwT5M/getUpdates "HTTP/1.1 200 OK"
2026-05-09 11:03:41,644 - httpx - INFO - HTTP Request: POST https://api.telegram.org/bot8007572675:AAEpXtwxgLBvJp6jkjqAYrs2SvDiYpUwT5M/getUpdates "HTTP/1.1 200 OK"
2026-05-09 11:03:52,875 - httpx - INFO - HTTP Request: POST https://api.telegram.org/bot8007572675:AAEpXtwxgLBvJp6jkjqAYrs2SvDiYpUwT5M/getUpdates "HTTP/1.1 200 OK"
2026-05-09 11:04:05,786 - httpx - INFO - HTTP Request: POST https://api.telegram.org/bot8007572675:AAEpXtwxgLBvJp6jkjqAYrs2SvDiYpUwT5M/getUpdates "HTTP/1.1 200 OK"
2026-05-09 11:04:18,023 - httpx - INFO - HTTP Request: POST https://api.telegram.org/bot8007572675:AAEpXtwxgLBvJp6jkjqAYrs2SvDiYpUwT5M/getUpdates "HTTP/1.1 200 OK"
2026-05-09 11:04:29,003 - httpx - INFO - HTTP Request: POST https://api.telegram.org/bot8007572675:AAEpXtwxgLBvJp6jkjqAYrs2SvDiYpUwT5M/getUpdates "HTTP/1.1 200 OK"
2026-05-09 11:04:42,319 - httpx - INFO - HTTP Request: POST https://api.telegram.org/bot8007572675:AAEpXtwxgLBvJp6jkjqAYrs2SvDiYpUwT5M/getUpdates "HTTP/1.1 200 OK"
2026-05-09 11:05:13,244 - httpx - INFO - HTTP Request: POST https://api.telegram.org/bot8007572675:AAEpXtwxgLBvJp6jkjqAYrs2SvDiYpUwT5M/getUpdates "HTTP/1.1 200 OK"
2026-05-09 11:05:24,795 - httpx - INFO - HTTP Request: POST https://api.telegram.org/bot8007572675:AAEpXtwxgLBvJp6jkjqAYrs2SvDiYpUwT5M/getUpdates "HTTP/1.1 200 OK"
2026-05-09 11:05:35,314 - httpx - INFO - HTTP Request: POST https://api.telegram.org/bot8007572675:AAEpXtwxgLBvJp6jkjqAYrs2SvDiYpUwT5M/getUpdates "HTTP/1.1 200 OK"
2026-05-09 11:05:45,472 - httpx - INFO - HTTP Request: POST https://api.telegram.org/bot8007572675:AAEpXtwxgLBvJp6jkjqAYrs2SvDiYpUwT5M/getUpdates "HTTP/1.1 200 OK"
2026-05-09 11:05:55,686 - httpx - INFO - HTTP Request: POST https://api.telegram.org/bot8007572675:AAEpXtwxgLBvJp6jkjqAYrs2SvDiYpUwT5M/getUpdates "HTTP/1.1 200 OK"
2026-05-09 11:06:05,844 - httpx - INFO - HTTP Request: POST https://api.telegram.org/bot8007572675:AAEpXtwxgLBvJp6jkjqAYrs2SvDiYpUwT5M/getUpdates "HTTP/1.1 200 OK"
2026-05-09 11:06:19,253 - httpx - INFO - HTTP Request: POST https://api.telegram.org/bot8007572675:AAEpXtwxgLBvJp6jkjqAYrs2SvDiYpUwT5M/getUpdates "HTTP/1.1 200 OK"
2026-05-09 11:06:30,648 - httpx - INFO - HTTP Request: POST https://api.telegram.org/bot8007572675:AAEpXtwxgLBvJp6jkjqAYrs2SvDiYpUwT5M/getUpdates "HTTP/1.1 200 OK"
2026-05-09 11:06:41,784 - httpx - INFO - HTTP Request: POST https://api.telegram.org/bot8007572675:AAEpXtwxgLBvJp6jkjqAYrs2SvDiYpUwT5M/getUpdates "HTTP/1.1 200 OK"
